customerID,gender,SeniorCitizen,Partner,Dependents,tenure,Contract,PaymentMethod,InternetService,MonthlyCharges,TotalCharges,Churn,ChurnProbability,RiskLevel
7590-VHVEG,Female,0,Yes,No,1,Month-to-month,Electronic check,DSL,29.85,29.85,No,0.6378709758015427,Medium
5575-GNVDE,Male,0,No,No,34,One year,Mailed check,DSL,56.95,1889.5,No,0.043383840205984195,Low
3668-QPYBK,Male,0,No,No,2,Month-to-month,Mailed check,DSL,53.85,108.15,Yes,0.290356509595168,Low
7795-CFOCW,Male,0,No,No,45,One year,Bank transfer (automatic),DSL,42.3,1840.75,No,0.030947504361292292,Low
9237-HQITU,Female,0,No,No,2,Month-to-month,Electronic check,Fiber optic,70.7,151.65,Yes,0.6985593059764037,Medium
9305-CDSKC,Female,0,No,No,8,Month-to-month,Electronic check,Fiber optic,99.65,820.5,Yes,0.7790741727889865,High
1452-KIOVK,Male,0,No,Yes,22,Month-to-month,Credit card (automatic),Fiber optic,89.1,1949.4,No,0.4749160957873094,Medium
6713-OKOMC,Female,0,No,No,10,Month-to-month,Mailed check,DSL,29.75,301.9,No,0.3063318317285586,Medium
7892-POOKP,Female,0,Yes,No,28,Month-to-month,Electronic check,Fiber optic,104.8,3046.05,Yes,0.6017919580196557,Medium
6388-TABGU,Male,0,No,Yes,62,One year,Bank transfer (automatic),DSL,56.15,3487.95,No,0.011382575581032032,Low
9763-GRSKD,Male,0,Yes,Yes,13,Month-to-month,Mailed check,DSL,49.95,587.45,No,0.2042084855261445,Low
7469-LKBCI,Male,0,No,No,16,Two year,Credit card (automatic),No,18.95,326.8,No,0.025160957889401758,Low
8091-TTVAX,Male,0,Yes,No,58,One year,Credit card (automatic),Fiber optic,100.35,5681.1,No,0.17150045071067013,Low
0280-XJGEX,Male,0,No,No,49,Month-to-month,Bank transfer (automatic),Fiber optic,103.7,5036.3,Yes,0.41796869793774016,Medium
5129-JLPIS,Male,0,No,No,25,Month-to-month,Electronic check,Fiber optic,105.5,2686.05,No,0.4535995672071821,Medium
3655-SNQYZ,Female,0,Yes,Yes,69,Two year,Credit card (automatic),Fiber optic,113.25,7895.15,No,0.03284963324458365,Low
8191-XWSZG,Female,0,No,No,52,One year,Mailed check,No,20.65,1022.95,No,0.008602918908199485,Low
9959-WOFKT,Male,0,No,Yes,71,Two year,Bank transfer (automatic),Fiber optic,106.7,7382.25,No,0.04650196108516432,Low
4190-MFLUW,Female,0,Yes,Yes,10,Month-to-month,Credit card (automatic),DSL,55.2,528.35,Yes,0.17147894961554574,Low
4183-MYFRB,Female,0,No,No,21,Month-to-month,Electronic check,Fiber optic,90.05,1862.9,No,0.555519161175231,Medium
8779-QRDMV,Male,1,No,No,1,Month-to-month,Electronic check,DSL,39.65,39.65,Yes,0.7453326391692522,High
1680-VDCWW,Male,0,Yes,No,12,One year,Bank transfer (automatic),No,19.8,202.25,No,0.06869708898155882,Low
1066-JKSGK,Male,0,No,No,1,Month-to-month,Mailed check,No,20.15,20.15,Yes,0.19788461664119206,Low
3638-WEABW,Female,0,Yes,No,58,Two year,Credit card (automatic),DSL,59.9,3505.1,No,0.013615816873149866,Low
6322-HRPFA,Male,0,Yes,Yes,49,Month-to-month,Credit card (automatic),DSL,59.6,2970.3,No,0.025128677638022987,Low
6865-JZNKO,Female,0,No,No,30,Month-to-month,Bank transfer (automatic),DSL,55.3,1530.6,No,0.11914452946705159,Low
6467-CHFZW,Male,0,Yes,Yes,47,Month-to-month,Electronic check,Fiber optic,99.35,4749.15,Yes,0.47550594750599073,Medium
8665-UTDHZ,Male,0,Yes,Yes,1,Month-to-month,Electronic check,DSL,30.2,30.2,Yes,0.5111285084861668,Medium
5248-YGIJN,Male,0,Yes,No,72,Two year,Credit card (automatic),DSL,90.25,6369.45,No,0.013506108701511227,Low
8773-HHUOZ,Female,0,No,Yes,17,Month-to-month,Mailed check,DSL,64.7,1093.1,Yes,0.34746119537143727,Medium
3841-NFECX,Female,1,Yes,No,71,Two year,Credit card (automatic),Fiber optic,96.35,6766.95,No,0.02914716052333919,Low
4929-XIHVW,Male,1,Yes,No,2,Month-to-month,Credit card (automatic),Fiber optic,95.5,181.65,No,0.7274004054854134,High
6827-IEAUQ,Female,0,Yes,Yes,27,One year,Mailed check,DSL,66.15,1874.45,No,0.033126261130936564,Low
7310-EGVHZ,Male,0,No,No,1,Month-to-month,Bank transfer (automatic),No,20.2,20.2,No,0.20799440678136039,Low
3413-BMNZE,Male,1,No,No,1,Month-to-month,Bank transfer (automatic),DSL,45.25,45.25,No,0.4167354357000154,Medium
6234-RAAPL,Female,0,Yes,Yes,72,Two year,Bank transfer (automatic),Fiber optic,99.9,7251.7,No,0.021725051144701434,Low
6047-YHPVI,Male,0,No,No,5,Month-to-month,Electronic check,Fiber optic,69.7,316.9,Yes,0.6646906403506484,Medium
6572-ADKRS,Female,0,No,No,46,Month-to-month,Credit card (automatic),Fiber optic,74.8,3548.3,No,0.24394174860636683,Low
5380-WJKOV,Male,0,No,No,34,Month-to-month,Electronic check,Fiber optic,106.35,3549.25,Yes,0.600006912495118,Medium
8168-UQWWF,Female,0,No,No,11,Month-to-month,Bank transfer (automatic),Fiber optic,97.85,1105.4,Yes,0.7022420009294451,High
8865-TNMNX,Male,0,Yes,Yes,10,One year,Mailed check,DSL,49.55,475.7,No,0.1174415493401955,Low
9489-DEDVP,Female,0,Yes,Yes,70,Two year,Credit card (automatic),DSL,69.2,4872.35,No,0.010365371398760058,Low
9867-JCZSP,Female,0,Yes,Yes,17,One year,Mailed check,No,20.75,418.25,No,0.04647717357175216,Low
4671-VJLCL,Female,0,No,No,63,Two year,Credit card (automatic),DSL,79.85,4861.45,No,0.011902897169755202,Low
4080-IIARD,Female,0,Yes,No,13,Month-to-month,Electronic check,DSL,76.2,981.45,No,0.3082453517086373,Medium
3714-NTNFO,Female,0,No,No,49,Month-to-month,Electronic check,Fiber optic,84.5,3906.7,No,0.42134493684829455,Medium
5948-UJZLF,Male,0,No,No,2,Month-to-month,Mailed check,DSL,49.25,97.0,No,0.3021542702668288,Medium
7760-OYPDY,Female,0,No,No,2,Month-to-month,Electronic check,Fiber optic,80.65,144.15,Yes,0.7358448832449455,High
7639-LIAYI,Male,0,No,No,52,Two year,Credit card (automatic),DSL,79.75,4217.8,No,0.027417158385248545,Low
2954-PIBKO,Female,0,Yes,Yes,69,Two year,Credit card (automatic),DSL,64.15,4254.1,No,0.005837833270328873,Low
8012-SOUDQ,Female,1,No,No,43,Month-to-month,Electronic check,Fiber optic,90.25,3838.75,No,0.5116473416720101,Medium
9420-LOJKX,Female,0,No,No,15,Month-to-month,Credit card (automatic),Fiber optic,99.1,1426.4,Yes,0.47037393058405325,Medium
6575-SUVOI,Female,1,Yes,No,25,Month-to-month,Credit card (automatic),DSL,69.5,1752.65,No,0.2163074614701657,Low
7495-OOKFY,Female,1,Yes,No,8,Month-to-month,Credit card (automatic),Fiber optic,80.65,633.3,Yes,0.6289164431123543,Medium
4667-QONEA,Female,1,Yes,Yes,60,One year,Credit card (automatic),DSL,74.85,4456.35,No,0.022185473715642345,Low
1658-BYGOY,Male,1,No,No,18,Month-to-month,Electronic check,Fiber optic,95.45,1752.55,Yes,0.7710755675185555,High
8769-KKTPH,Female,0,Yes,Yes,63,One year,Credit card (automatic),Fiber optic,99.65,6311.2,No,0.1404040742601919,Low
5067-XJQFU,Male,1,Yes,Yes,66,One year,Electronic check,Fiber optic,108.45,7076.35,No,0.20050597054190233,Low
3957-SQXML,Female,0,Yes,Yes,34,Two year,Credit card (automatic),No,24.95,894.3,No,0.011845483127052227,Low
5954-BDFSG,Female,0,No,No,72,Two year,Credit card (automatic),Fiber optic,107.5,7853.7,No,0.07874176426290642,Low
0434-CSFON,Female,0,Yes,No,47,Month-to-month,Electronic check,Fiber optic,100.5,4707.1,No,0.5497049143901964,Medium
1215-FIGMP,Male,0,No,No,60,Month-to-month,Bank transfer (automatic),Fiber optic,89.9,5450.7,No,0.2721271130585425,Low
0526-SXDJP,Male,0,Yes,No,72,Two year,Bank transfer (automatic),DSL,42.1,2962.0,No,0.0052690933499761035,Low
0557-ASKVU,Female,0,Yes,Yes,18,One year,Credit card (automatic),DSL,54.4,957.1,No,0.09545390996333374,Low
5698-BQJOH,Female,0,No,No,9,Month-to-month,Electronic check,Fiber optic,94.4,857.25,Yes,0.7148428828897884,High
5122-CYFXA,Female,0,No,No,3,Month-to-month,Electronic check,DSL,75.3,244.1,No,0.47477346035413526,Medium
8627-ZYGSZ,Male,0,Yes,No,47,One year,Electronic check,Fiber optic,78.9,3650.35,No,0.2048829616307867,Low
3410-YOQBQ,Female,0,No,No,31,Two year,Mailed check,DSL,79.2,2497.2,No,0.03755375623916322,Low
3170-NMYVV,Female,0,Yes,Yes,50,Two year,Bank transfer (automatic),No,20.15,930.9,No,0.004030076259648425,Low
7410-OIEDU,Male,0,No,No,10,Month-to-month,Mailed check,Fiber optic,79.85,887.35,No,0.43837237808016355,Medium
2273-QCKXA,Male,0,No,No,1,Month-to-month,Mailed check,DSL,49.05,49.05,No,0.27001905200503423,Low
0731-EBJQB,Female,0,Yes,Yes,52,One year,Electronic check,No,20.4,1090.65,No,0.015172544280110318,Low
1891-QRQSA,Male,1,Yes,Yes,64,Two year,Bank transfer (automatic),Fiber optic,111.6,7099.0,No,0.07486947164049186,Low
8028-PNXHQ,Male,0,Yes,Yes,62,Two year,Bank transfer (automatic),No,24.25,1424.6,No,0.0040395787665893764,Low
5630-AHZIL,Female,0,No,Yes,3,Month-to-month,Bank transfer (automatic),DSL,64.5,177.4,No,0.26926365457463614,Low
2673-CXQEU,Female,1,No,No,56,One year,Electronic check,Fiber optic,110.5,6139.5,No,0.21958808878864897,Low
6416-JNVRK,Female,0,No,No,46,One year,Credit card (automatic),DSL,55.65,2688.85,No,0.051755845238806254,Low
5590-ZSKRV,Female,0,Yes,Yes,8,Month-to-month,Mailed check,DSL,54.65,482.25,No,0.16806776501503978,Low
0191-ZHSKZ,Male,1,No,No,30,Month-to-month,Electronic check,DSL,74.75,2111.3,No,0.2795544287985405,Low
3887-PBQAO,Female,0,Yes,Yes,45,One year,Credit card (automatic),No,25.9,1216.6,No,0.02058263515687323,Low
5919-TMRGD,Female,0,No,Yes,1,Month-to-month,Electronic check,Fiber optic,79.35,79.35,Yes,0.710174299633535,High
8108-UXRQN,Female,0,Yes,Yes,11,Month-to-month,Electronic check,DSL,50.55,565.35,No,0.4520096268303234,Medium
9191-MYQKX,Female,0,Yes,No,7,Month-to-month,Bank transfer (automatic),Fiber optic,75.15,496.9,Yes,0.5738794151766329,Medium
9919-YLNNG,Female,0,No,No,42,Month-to-month,Bank transfer (automatic),Fiber optic,103.8,4327.5,No,0.32410617122801955,Medium
0318-ZOPWS,Female,0,Yes,No,49,Two year,Bank transfer (automatic),No,20.15,973.35,No,0.007135144895801308,Low
4445-ZJNMU,Male,0,No,No,9,Month-to-month,Credit card (automatic),Fiber optic,99.3,918.75,No,0.6672981476274178,Medium
4808-YNLEU,Female,0,Yes,No,35,One year,Bank transfer (automatic),DSL,62.15,2215.45,No,0.08523674567385578,Low
1862-QRWPE,Female,0,Yes,Yes,48,Two year,Bank transfer (automatic),No,20.65,1057.0,No,0.004738650398476671,Low
2796-NNUFI,Female,0,Yes,Yes,46,Two year,Mailed check,No,19.95,927.1,No,0.00674298075610209,Low
3016-KSVCP,Male,0,Yes,No,29,Month-to-month,Mailed check,DSL,33.75,1009.25,No,0.23937000610448367,Low
4767-HZZHQ,Male,0,Yes,Yes,30,Month-to-month,Bank transfer (automatic),Fiber optic,82.05,2570.2,No,0.25193439754021657,Low
2424-WVHPL,Male,1,No,No,1,Month-to-month,Electronic check,Fiber optic,74.7,74.7,No,0.5826065016741938,Medium
7233-PAHHL,Male,0,Yes,Yes,66,Two year,Mailed check,DSL,84.0,5714.25,No,0.016157016798946443,Low
6067-NGCEU,Female,0,No,No,65,Month-to-month,Credit card (automatic),Fiber optic,111.05,7107.0,No,0.25615318372961116,Low
9848-JQJTX,Male,0,No,No,72,Two year,Bank transfer (automatic),Fiber optic,100.9,7459.05,No,0.08504004290558442,Low
8637-XJIVR,Female,0,No,No,12,Month-to-month,Electronic check,Fiber optic,78.95,927.35,Yes,0.5790144835674149,Medium
9803-FTJCG,Male,0,Yes,Yes,71,One year,Credit card (automatic),DSL,66.85,4748.7,No,0.011371938762016217,Low
0278-YXOOG,Male,0,No,No,5,Month-to-month,Mailed check,No,21.05,113.85,Yes,0.16812550803549173,Low
3212-KXOCR,Male,0,No,No,52,Two year,Bank transfer (automatic),No,21.0,1107.2,No,0.004345300764680065,Low
4598-XLKNJ,Female,1,Yes,No,25,Month-to-month,Electronic check,Fiber optic,98.5,2514.5,Yes,0.641399223079068,Medium
6380-ARCEH,Male,0,No,No,1,Month-to-month,Mailed check,No,20.2,20.2,No,0.1979530743954573,Low
3679-XASPY,Female,0,Yes,Yes,1,Month-to-month,Electronic check,No,19.45,19.45,No,0.23617485318732512,Low
7123-WQUHX,Male,0,No,No,38,One year,Bank transfer (automatic),Fiber optic,95.0,3605.6,No,0.17597706477287953,Low
5386-THSLQ,Female,1,Yes,No,66,One year,Bank transfer (automatic),DSL,45.55,3027.25,No,0.035647805384091694,Low
3192-NQECA,Male,0,Yes,No,68,Two year,Bank transfer (automatic),Fiber optic,110.0,7611.85,Yes,0.08090233233623284,Low
6180-YBIQI,Male,0,No,No,5,Month-to-month,Mailed check,DSL,24.3,100.2,No,0.4477235893568741,Medium
6728-DKUCO,Female,0,Yes,Yes,72,One year,Electronic check,Fiber optic,104.15,7303.05,No,0.13930568785131764,Low
9750-BOOHV,Female,0,No,No,32,One year,Mailed check,DSL,30.15,927.65,No,0.06962779588627184,Low
8597-CWYHH,Male,0,No,No,43,One year,Mailed check,Fiber optic,94.35,3921.3,No,0.23524471717454523,Low
2848-YXSMW,Male,0,Yes,Yes,72,Two year,Credit card (automatic),No,19.4,1363.25,No,0.0011226113764871459,Low
0486-HECZI,Male,0,Yes,No,55,Month-to-month,Electronic check,Fiber optic,96.75,5238.9,Yes,0.30158680466968696,Medium
4549-ZDQYY,Female,0,No,No,52,One year,Credit card (automatic),DSL,57.95,3042.25,No,0.014726632293063058,Low
5712-AHQNN,Female,0,No,No,43,Month-to-month,Electronic check,Fiber optic,91.65,3954.1,No,0.3988028497925906,Medium
4846-WHAFZ,Female,1,Yes,No,37,Month-to-month,Electronic check,Fiber optic,76.5,2868.15,Yes,0.523661590931582,Medium
5256-SKJGO,Female,0,Yes,Yes,64,Two year,Electronic check,DSL,54.6,3423.5,No,0.025016660194864163,Low
3071-VBYPO,Male,0,Yes,Yes,3,Month-to-month,Electronic check,Fiber optic,89.85,248.4,No,0.47267927728776327,Medium
9560-BBZXK,Female,0,No,No,36,Two year,Bank transfer (automatic),DSL,31.05,1126.35,No,0.030695912247511146,Low
5299-RULOA,Female,0,Yes,Yes,10,Month-to-month,Electronic check,Fiber optic,100.25,1064.65,Yes,0.6731356462028532,Medium
8402-OOOHJ,Female,0,No,No,41,Two year,Mailed check,No,20.65,835.15,No,0.007304074987266307,Low
9445-ZUEQE,Male,0,Yes,Yes,27,Month-to-month,Credit card (automatic),Fiber optic,85.2,2151.6,No,0.2924608822145818,Low
1091-SOZGA,Female,0,Yes,Yes,56,One year,Credit card (automatic),Fiber optic,99.8,5515.45,No,0.21393682019193636,Low
2928-HLDBA,Female,0,No,No,6,Month-to-month,Mailed check,No,20.7,112.75,No,0.16267682326316674,Low
0404-SWRVG,Male,0,No,No,3,Month-to-month,Electronic check,Fiber optic,74.4,229.55,Yes,0.7334828894321068,High
6497-TILVL,Female,0,Yes,Yes,7,Month-to-month,Mailed check,DSL,50.7,350.35,No,0.19827511163815018,Low
7219-TLZHO,Female,0,Yes,Yes,4,Month-to-month,Mailed check,No,20.85,62.9,No,0.155979369376016,Low
4622-YNKIJ,Male,0,No,No,33,Two year,Electronic check,Fiber optic,88.95,3027.65,No,0.10533848645793804,Low
4412-YLTKF,Female,1,No,No,27,Month-to-month,Electronic check,Fiber optic,78.05,2135.5,Yes,0.5910443092629251,Medium
6734-PSBAW,Male,0,Yes,No,72,Two year,Bank transfer (automatic),No,23.55,1723.95,No,0.002860636261847815,Low
3930-ZGWVE,Male,0,No,No,1,Month-to-month,Mailed check,No,19.75,19.75,No,0.19733759663480857,Low
2639-UGMAZ,Male,1,No,No,71,One year,Electronic check,DSL,56.45,3985.35,No,0.056738357886957844,Low
2876-GZYZC,Female,0,No,No,13,Month-to-month,Electronic check,Fiber optic,85.95,1215.65,No,0.7247530119326728,High
6207-WIOLX,Female,0,Yes,Yes,25,Month-to-month,Credit card (automatic),DSL,58.6,1502.65,Yes,0.26667983084762,Low
8587-XYZSF,Male,0,No,No,67,Two year,Bank transfer (automatic),DSL,50.55,3260.1,No,0.005298309650456052,Low
3091-FYHKI,Male,0,No,No,1,Month-to-month,Electronic check,DSL,35.45,35.45,Yes,0.7153973054936148,High
2372-HWUHI,Male,0,No,No,2,Month-to-month,Electronic check,DSL,44.35,81.25,Yes,0.4250074857242162,Medium
7799-LGRDP,Female,0,No,No,43,Two year,Credit card (automatic),No,25.7,1188.2,No,0.012651255848356427,Low
7850-VWJUU,Female,0,No,No,23,Month-to-month,Bank transfer (automatic),Fiber optic,75.0,1778.5,No,0.35594255166936545,Medium
3774-VBNXY,Female,0,Yes,Yes,64,Two year,Mailed check,No,20.2,1277.75,No,0.0018519735890302883,Low
6217-KDYWC,Male,0,No,Yes,57,Two year,Mailed check,No,19.6,1170.55,No,0.0037061021286082427,Low
0390-DCFDQ,Female,1,Yes,No,1,Month-to-month,Mailed check,Fiber optic,70.45,70.45,Yes,0.6732092120730424,Medium
3146-MSEGF,Female,1,Yes,Yes,72,Two year,Credit card (automatic),DSL,88.05,6425.65,No,0.014585779617315602,Low
4080-OGPJL,Female,0,No,No,8,Month-to-month,Electronic check,DSL,71.15,563.65,Yes,0.3086092143948135,Medium
1095-WGNGG,Female,0,Yes,No,61,Two year,Bank transfer (automatic),Fiber optic,101.05,5971.25,No,0.11138360109885827,Low
2636-SJDOU,Male,0,No,No,64,One year,Credit card (automatic),Fiber optic,84.3,5289.05,No,0.06724991237677372,Low
1131-QQZEB,Male,1,Yes,No,71,Two year,Bank transfer (automatic),No,23.95,1756.2,No,0.0026904829884452394,Low
5716-EZXZN,Female,0,Yes,Yes,65,Two year,Credit card (automatic),Fiber optic,99.05,6416.7,No,0.03204677601426834,Low
6837-BJYDQ,Male,0,No,No,3,One year,Mailed check,No,19.6,61.35,No,0.10109394820107616,Low
2135-RXIHG,Male,0,No,No,1,Month-to-month,Electronic check,DSL,45.65,45.65,Yes,0.5254935530470514,Medium
6440-DKQGE,Male,0,No,Yes,30,One year,Credit card (automatic),DSL,64.5,1929.95,No,0.0670692680685673,Low
3466-BYAVD,Male,0,Yes,Yes,15,Month-to-month,Mailed check,DSL,69.5,1071.4,No,0.20842852893746938,Low
3780-YVMFA,Female,0,Yes,Yes,8,Month-to-month,Electronic check,DSL,68.55,564.35,No,0.42879171242541914,Medium
3874-EQOEP,Male,0,No,No,7,Month-to-month,Mailed check,Fiber optic,95.0,655.5,Yes,0.6439455471382437,Medium
1679-JRFBR,Female,0,Yes,Yes,70,One year,Credit card (automatic),Fiber optic,108.15,7930.55,No,0.12420142274505884,Low
9073-ZZIAY,Male,0,Yes,Yes,62,Two year,Electronic check,DSL,86.1,5215.25,No,0.011969199455218075,Low
3077-RSNTJ,Female,0,Yes,Yes,6,Month-to-month,Mailed check,No,19.7,113.5,No,0.1418206354217846,Low
6551-GNYDG,Female,0,Yes,Yes,14,Month-to-month,Bank transfer (automatic),Fiber optic,80.9,1152.8,No,0.5484045222861468,Medium
9167-APMXZ,Female,0,No,No,22,Month-to-month,Bank transfer (automatic),Fiber optic,84.15,1821.95,No,0.5750111453184641,Medium
2749-CTKAJ,Male,0,Yes,Yes,22,One year,Mailed check,No,20.15,419.9,No,0.03407480910444246,Low
6371-NZYEG,Male,0,Yes,Yes,16,Two year,Mailed check,DSL,64.25,1024.0,No,0.04525163030034014,Low
7554-NEWDD,Male,0,No,No,10,Two year,Bank transfer (automatic),No,25.7,251.6,No,0.048168708300336774,Low
8992-VONJD,Female,0,No,Yes,13,Month-to-month,Electronic check,DSL,56.0,764.55,No,0.251970817511891,Low
0867-MKZVY,Female,0,Yes,No,20,Month-to-month,Electronic check,Fiber optic,82.4,1592.35,Yes,0.43593766181121907,Medium
4482-EWFMI,Female,0,No,No,2,Month-to-month,Electronic check,Fiber optic,69.7,135.2,No,0.6956992677362254,Medium
4648-YPBTM,Male,0,No,No,53,Two year,Bank transfer (automatic),DSL,73.9,3958.25,No,0.025461139720784228,Low
2907-ILJBN,Female,0,Yes,Yes,11,One year,Mailed check,No,20.6,233.9,No,0.06145176515162562,Low
6345-FZOQH,Male,0,Yes,No,69,Two year,Mailed check,No,19.9,1363.45,No,0.0016135273180827763,Low
3376-BMGFE,Female,0,No,No,4,Month-to-month,Bank transfer (automatic),Fiber optic,70.9,273.0,Yes,0.6134565424586541,Medium
5997-OPVFA,Male,0,Yes,No,72,Two year,Bank transfer (automatic),DSL,89.05,6254.45,No,0.01406322836051112,Low
3445-HXXGF,Male,1,Yes,No,58,Month-to-month,Electronic check,DSL,45.3,2651.2,Yes,0.16296329068577292,Low
1159-WFSGR,Female,0,Yes,Yes,16,Month-to-month,Electronic check,No,20.4,321.4,No,0.12374753452536844,Low
7654-YWJUF,Male,0,Yes,No,43,One year,Bank transfer (automatic),Fiber optic,84.25,3539.25,No,0.08717981461362823,Low
1875-QIVME,Female,0,Yes,No,2,Month-to-month,Electronic check,Fiber optic,104.4,242.8,Yes,0.7418189033883392,High
6727-IOTLZ,Male,0,Yes,No,14,Two year,Mailed check,DSL,81.95,1181.75,No,0.06571311057808114,Low
0691-JVSYA,Female,0,Yes,No,53,One year,Bank transfer (automatic),Fiber optic,94.85,5000.2,Yes,0.21687268989376776,Low
5918-VUKWP,Female,0,No,No,32,One year,Bank transfer (automatic),No,20.55,654.55,No,0.026097010443251176,Low
1744-JHKYS,Female,0,Yes,No,34,Month-to-month,Electronic check,No,24.7,780.2,No,0.07682430571407063,Low
2656-FMOKZ,Female,1,No,No,15,Month-to-month,Mailed check,Fiber optic,74.45,1145.7,Yes,0.6144776579242014,Medium
2070-FNEXE,Female,1,No,No,7,Month-to-month,Bank transfer (automatic),Fiber optic,76.45,503.6,Yes,0.4565042953716587,Medium
5947-SGKCL,Female,0,Yes,Yes,15,Month-to-month,Bank transfer (automatic),Fiber optic,105.35,1559.25,No,0.6121776774619949,Medium
3712-PKXZA,Male,0,Yes,No,61,One year,Credit card (automatic),No,20.55,1252.0,No,0.007332697764581147,Low
6317-YPKDH,Female,0,No,No,1,Month-to-month,Bank transfer (automatic),DSL,29.95,29.95,Yes,0.4796449407549192,Medium
6582-OIVSP,Female,0,No,No,1,Month-to-month,Mailed check,DSL,45.3,45.3,No,0.3574894194380185,Medium
9367-WXLCH,Male,0,No,No,8,Month-to-month,Bank transfer (automatic),Fiber optic,84.5,662.65,Yes,0.600299625694152,Medium
5524-KHNJP,Male,0,Yes,Yes,33,One year,Credit card (automatic),DSL,74.75,2453.3,No,0.06491536133464378,Low
1918-ZBFQJ,Female,0,No,No,13,Month-to-month,Electronic check,Fiber optic,79.25,1111.65,Yes,0.5628742151300462,Medium
1024-GUALD,Female,0,Yes,No,1,Month-to-month,Electronic check,DSL,24.8,24.8,Yes,0.6771040604448337,Medium
4827-USJHP,Male,0,No,No,20,Month-to-month,Mailed check,DSL,51.8,1023.85,No,0.22439326000918544,Low
8167-GJLRN,Male,0,No,No,3,Month-to-month,Electronic check,DSL,30.4,82.15,No,0.47462026569461463,Medium
0956-SYCWG,Female,0,No,No,13,One year,Electronic check,No,19.65,244.8,No,0.08846594717739847,Low
8017-UVSZU,Female,0,Yes,No,40,Month-to-month,Credit card (automatic),DSL,56.6,2379.1,No,0.10912003506918501,Low
7100-FQPRV,Male,0,Yes,Yes,43,One year,Credit card (automatic),DSL,71.9,3173.35,No,0.050431075286421975,Low
2472-OVKUP,Male,0,Yes,No,6,Month-to-month,Electronic check,Fiber optic,91.0,531.0,Yes,0.6623230554856548,Medium
2984-RGEYA,Female,0,Yes,Yes,69,Two year,Bank transfer (automatic),No,19.75,1375.4,No,0.0015070269731542862,Low
9680-NIAUV,Female,0,Yes,Yes,72,Two year,Credit card (automatic),Fiber optic,109.7,8129.3,No,0.043221400936361176,Low
2146-EGVDT,Male,0,Yes,Yes,59,Two year,Credit card (automatic),No,19.3,1192.7,No,0.0022903018424455753,Low
2604-IJPDU,Female,0,Yes,No,20,Month-to-month,Electronic check,Fiber optic,96.55,1901.65,No,0.39502795195525964,Medium
9178-JHUVJ,Male,0,Yes,Yes,24,Two year,Bank transfer (automatic),No,24.1,587.4,No,0.02856461451292656,Low
6168-YBYNP,Male,0,No,No,59,Month-to-month,Electronic check,Fiber optic,111.35,6519.75,No,0.3766060302616649,Medium
7255-SSFBC,Male,0,Yes,Yes,72,Two year,Bank transfer (automatic),Fiber optic,112.25,8041.65,No,0.06493179456298956,Low
3645-DEYGF,Male,0,No,Yes,1,Month-to-month,Mailed check,No,20.75,20.75,No,0.17503015118466758,Low
9323-HGFWY,Female,0,Yes,No,27,One year,Credit card (automatic),Fiber optic,101.9,2681.15,No,0.21770188803735263,Low
8544-GOQSH,Female,0,No,No,14,Month-to-month,Credit card (automatic),Fiber optic,80.05,1112.3,No,0.3752553488485995,Medium
3363-DTIVD,Male,0,Yes,Yes,71,Two year,Electronic check,Fiber optic,105.55,7405.5,No,0.06180348569634841,Low
7018-WBJNK,Male,0,No,Yes,13,Month-to-month,Credit card (automatic),Fiber optic,78.3,1033.95,No,0.5175708723367887,Medium
9142-KZXOP,Male,0,No,No,44,Month-to-month,Credit card (automatic),Fiber optic,68.85,2958.95,No,0.17900507400513388,Low
7674-YTAFD,Female,0,No,No,33,One year,Bank transfer (automatic),Fiber optic,79.95,2684.85,No,0.15157591557614034,Low
6348-SNFUS,Male,0,Yes,Yes,72,Two year,Credit card (automatic),DSL,55.45,4179.2,No,0.00708301345212487,Low
1285-OKIPP,Male,0,No,No,1,Month-to-month,Electronic check,Fiber optic,79.9,79.9,Yes,0.6680039211498641,Medium
7825-ECJRF,Female,0,No,No,19,Month-to-month,Electronic check,Fiber optic,106.6,1934.45,Yes,0.49041482063977904,Medium
1347-KTTTA,Male,0,Yes,No,64,One year,Credit card (automatic),Fiber optic,102.45,6654.1,No,0.10996033063236386,Low
7841-TZDMQ,Male,0,No,No,2,Month-to-month,Credit card (automatic),DSL,46.0,84.5,Yes,0.41825225111277803,Medium
4195-NZGTA,Female,0,No,No,1,Month-to-month,Electronic check,DSL,25.25,25.25,No,0.597833426945151,Medium
7157-SMCFK,Male,0,No,Yes,61,Two year,Mailed check,No,19.75,1124.2,No,0.0020456856082948782,Low
4709-LKHYG,Female,0,Yes,Yes,29,One year,Electronic check,No,20.0,540.05,No,0.034350244030392614,Low
2504-DSHIH,Male,1,Yes,No,23,Month-to-month,Electronic check,Fiber optic,86.8,1975.85,No,0.6155190984263561,Medium
0699-NDKJM,Female,0,Yes,No,57,Month-to-month,Bank transfer (automatic),DSL,58.75,3437.45,No,0.1146362493207003,Low
9286-BHDQG,Male,0,Yes,Yes,72,Two year,Credit card (automatic),DSL,45.25,3139.8,No,0.0029617098590054253,Low
0230-WEQUW,Male,0,Yes,No,66,Two year,Bank transfer (automatic),DSL,56.6,3789.2,No,0.011320081125024454,Low
2040-LDIWQ,Male,0,Yes,Yes,65,Two year,Bank transfer (automatic),DSL,84.2,5324.5,No,0.020149543976122047,Low
6496-JDSSB,Female,0,No,No,8,Month-to-month,Bank transfer (automatic),Fiber optic,80.0,624.6,No,0.6263280012677136,Medium
9408-SSNVZ,Female,0,No,No,4,Month-to-month,Electronic check,Fiber optic,70.15,268.35,Yes,0.6801991900034549,Medium
4443-EMBNA,Female,0,Yes,No,71,Two year,Bank transfer (automatic),No,24.75,1836.9,No,0.002302553951072416,Low
6469-MRVET,Male,0,Yes,Yes,1,One year,Electronic check,No,20.2,20.2,No,0.17941116361936676,Low
0742-MOABM,Male,0,Yes,No,4,Month-to-month,Mailed check,DSL,50.05,179.35,Yes,0.2460108120876803,Low
5961-VUSRV,Female,0,No,No,12,One year,Bank transfer (automatic),No,19.35,219.35,No,0.09632095216359643,Low
6778-JFCMK,Male,0,No,No,24,One year,Mailed check,DSL,50.6,1288.75,No,0.21534631044157082,Low
6341-JVQGF,Female,0,Yes,Yes,31,One year,Mailed check,DSL,81.15,2545.75,No,0.07655715077101685,Low
2232-DMLXU,Female,0,Yes,No,1,Month-to-month,Mailed check,DSL,55.2,55.2,Yes,0.4025484697153414,Medium
4811-JBUVU,Male,0,No,No,30,Month-to-month,Credit card (automatic),Fiber optic,89.9,2723.15,No,0.41249761027181425,Medium
0945-TSONX,Female,0,Yes,Yes,47,Two year,Credit card (automatic),DSL,85.3,4107.25,No,0.026321814945281914,Low
2651-ZCBXV,Male,0,No,No,54,Two year,Credit card (automatic),Fiber optic,108.0,5760.65,No,0.06622186384466808,Low
3316-UWXUY,Male,0,No,No,50,Month-to-month,Credit card (automatic),Fiber optic,93.5,4747.5,No,0.15147987584982914,Low
8937-RDTHP,Male,0,No,No,1,Month-to-month,Mailed check,Fiber optic,84.6,84.6,Yes,0.5692376370662536,Medium
7083-MIOPC,Female,0,No,No,72,Two year,Credit card (automatic),No,20.25,1566.9,No,0.0014390288678903342,Low
1984-GPTEH,Female,0,No,No,29,Month-to-month,Electronic check,No,25.15,702.0,No,0.0985161145804911,Low
1251-KRREG,Male,0,No,No,2,Month-to-month,Mailed check,DSL,54.4,114.1,Yes,0.4391421186886162,Medium
0621-JFHOL,Female,0,No,No,10,Two year,Mailed check,DSL,29.6,299.05,No,0.13246839698950294,Low
9903-LYSAB,Male,0,Yes,No,18,Month-to-month,Electronic check,Fiber optic,73.15,1305.95,No,0.6128661741158294,Medium
0094-OIFMO,Female,1,No,No,11,Month-to-month,Electronic check,Fiber optic,95.0,1120.3,Yes,0.7369300918770312,High
9227-UAQFT,Male,0,No,No,16,Two year,Mailed check,No,19.75,284.35,No,0.025621901933074783,Low
7301-ABVAD,Female,0,No,No,72,Two year,Bank transfer (automatic),DSL,86.6,6350.5,No,0.015973439802029733,Low
6614-FHDBO,Male,0,No,No,72,Two year,Bank transfer (automatic),Fiber optic,109.2,7878.3,No,0.050374617946731814,Low
7576-ASEJU,Female,0,Yes,Yes,41,One year,Credit card (automatic),DSL,74.7,3187.65,No,0.054115294469433355,Low
9058-HRZSV,Female,1,Yes,No,65,Month-to-month,Electronic check,Fiber optic,94.4,6126.15,No,0.17322175867709216,Low
4522-AKYLR,Female,1,No,No,13,Month-to-month,Electronic check,DSL,54.8,731.3,No,0.4030528360498475,Medium
0221-WMXNQ,Male,1,No,No,4,Month-to-month,Electronic check,Fiber optic,75.35,273.4,No,0.5493954930684043,Medium
0303-UNCIP,Male,0,No,No,41,One year,Mailed check,DSL,65.0,2531.8,No,0.0773454998394227,Low
9947-OTFQU,Male,1,No,No,15,Month-to-month,Electronic check,Fiber optic,74.4,1074.3,Yes,0.5905480229878519,Medium
0322-YINQP,Male,0,No,No,1,Month-to-month,Mailed check,DSL,48.55,48.55,Yes,0.3363585040312065,Medium
0959-WHOKV,Male,0,No,No,42,One year,Electronic check,Fiber optic,99.0,4298.45,No,0.24713892631568393,Low
4075-JFPGR,Female,0,Yes,No,51,One year,Electronic check,Fiber optic,93.5,4619.55,No,0.14503284108260608,Low
4629-NRXKX,Female,0,Yes,Yes,2,Month-to-month,Electronic check,Fiber optic,70.4,147.15,Yes,0.5834884205000881,Medium
9514-JDSKI,Male,1,Yes,No,1,Month-to-month,Electronic check,DSL,40.2,40.2,Yes,0.6461013640425693,Medium
3282-ZISZV,Male,0,No,Yes,32,One year,Credit card (automatic),DSL,83.7,2633.3,No,0.07784797922565714,Low
3675-YDUPJ,Male,0,No,No,10,Month-to-month,Mailed check,No,19.85,193.05,No,0.17741761550248944,Low
4111-BNXIF,Female,0,Yes,Yes,67,Two year,Electronic check,DSL,59.55,4103.9,No,0.024648337638956325,Low
7017-VFHAY,Female,0,Yes,Yes,61,Two year,Credit card (automatic),Fiber optic,115.1,7008.15,No,0.040074269255949896,Low
6655-LHBYW,Male,0,No,No,50,One year,Credit card (automatic),Fiber optic,114.35,5791.1,No,0.115875062067397,Low
4959-JOSRX,Female,0,Yes,No,2,Month-to-month,Credit card (automatic),DSL,44.6,80.55,Yes,0.42125646498994906,Medium
5046-NUHWD,Female,1,Yes,No,29,Month-to-month,Electronic check,DSL,45.0,1228.65,No,0.3591991177558783,Medium
7273-TEFQD,Male,1,No,No,3,Month-to-month,Electronic check,DSL,41.15,132.2,Yes,0.7305566687274853,High
3606-TWKGI,Male,1,No,No,13,Month-to-month,Electronic check,Fiber optic,106.9,1364.3,Yes,0.7628426747904306,High
7529-ZDFXI,Male,1,Yes,No,57,Month-to-month,Electronic check,Fiber optic,89.85,4925.35,No,0.38959202632601864,Medium
7605-BDWDC,Female,0,No,No,31,Two year,Bank transfer (automatic),DSL,49.85,1520.1,No,0.04520774460441983,Low
1950-KSVVJ,Female,0,Yes,No,45,One year,Mailed check,Fiber optic,113.3,5032.25,No,0.12610091274234167,Low
0123-CRBRT,Female,0,Yes,Yes,61,Two year,Mailed check,DSL,88.1,5526.75,No,0.012376560387819544,Low
6292-TOSSS,Male,0,No,No,50,Two year,Bank transfer (automatic),No,24.9,1195.25,No,0.006324460992631786,Low
3197-ARFOY,Female,1,No,No,19,Month-to-month,Mailed check,Fiber optic,105.0,2007.25,No,0.4250511860571399,Medium
6323-AYBRX,Male,0,No,No,59,Two year,Mailed check,No,19.35,1099.6,Yes,0.00265997248559694,Low
7014-ZZXAW,Female,0,Yes,No,71,Two year,Credit card (automatic),No,24.25,1732.95,No,0.0028699029833690127,Low
4385-GZQXV,Female,1,No,No,16,Month-to-month,Electronic check,Fiber optic,94.45,1511.2,Yes,0.6580002673633205,Medium
7633-MVPUY,Male,0,Yes,No,57,Two year,Electronic check,DSL,59.75,3450.15,No,0.010774124777242756,Low
6366-ZGQGL,Male,0,No,No,1,Month-to-month,Bank transfer (automatic),DSL,24.8,24.8,Yes,0.5172599414375113,Medium
4716-HHKQH,Male,1,Yes,No,20,Month-to-month,Electronic check,Fiber optic,107.05,2172.05,No,0.5859005377230563,Medium
5940-AHUHD,Male,0,No,No,1,Month-to-month,Mailed check,Fiber optic,70.6,70.6,Yes,0.5353735453084199,Medium
6432-TWQLB,Male,0,Yes,No,5,Month-to-month,Electronic check,Fiber optic,85.4,401.1,Yes,0.60030346797177,Medium
4484-GLZOU,Female,0,Yes,No,52,Month-to-month,Electronic check,Fiber optic,105.05,5624.85,Yes,0.5039419959704702,Medium
3179-GBRWV,Male,1,Yes,No,21,Month-to-month,Bank transfer (automatic),DSL,64.95,1339.8,No,0.24172715363605443,Low
8645-KWHJO,Male,0,No,No,14,Month-to-month,Electronic check,DSL,55.0,771.95,No,0.534947362573435,Medium
4130-MZLCC,Female,0,No,No,5,Month-to-month,Bank transfer (automatic),DSL,50.55,244.75,No,0.294900736193774,Low
0314-TKOSI,Female,0,No,No,6,Month-to-month,Mailed check,DSL,55.15,322.9,No,0.20199272186256187,Low
8229-MYEJZ,Female,0,No,No,10,Month-to-month,Electronic check,DSL,51.2,498.25,No,0.31411985143209675,Medium
2080-SRCDE,Female,0,No,Yes,1,Month-to-month,Mailed check,No,25.4,25.4,No,0.21605598943474588,Low
9577-WJVCQ,Female,0,No,No,68,Month-to-month,Mailed check,DSL,54.45,3687.75,No,0.027632971256821313,Low
9512-UIBFX,Male,0,Yes,Yes,18,Month-to-month,Mailed check,Fiber optic,95.15,1779.95,Yes,0.46336155307485755,Medium
6202-DYYFX,Female,0,No,No,22,One year,Credit card (automatic),Fiber optic,76.0,1783.6,No,0.3441854191885729,Medium
3808-HFKDE,Female,0,No,No,20,Month-to-month,Electronic check,DSL,44.35,927.15,No,0.3253186426178775,Medium
5583-SXDAG,Male,0,Yes,No,1,Month-to-month,Electronic check,Fiber optic,70.0,70.0,Yes,0.6227943782518464,Medium
3488-PGMQJ,Male,1,No,No,8,Month-to-month,Electronic check,Fiber optic,74.5,606.55,Yes,0.6530204752809706,Medium
3580-REOAC,Male,0,No,No,10,Month-to-month,Credit card (automatic),DSL,44.85,435.4,Yes,0.331549793749788,Medium
7534-BFESC,Male,1,No,No,24,Month-to-month,Electronic check,Fiber optic,76.1,1712.7,Yes,0.6147912385101374,Medium
3727-OWVYD,Male,0,No,No,35,One year,Mailed check,DSL,61.2,2021.2,No,0.0358065623145545,Low
2294-SALNE,Male,0,Yes,Yes,23,One year,Mailed check,Fiber optic,86.8,1940.8,No,0.12020044204302721,Low
4847-TAJYI,Female,1,No,No,6,Month-to-month,Electronic check,Fiber optic,89.35,567.8,No,0.7893451950495721,High
1563-IWQEX,Female,0,No,No,12,Month-to-month,Mailed check,No,19.7,220.35,No,0.12265089728636355,Low
8203-XJZRC,Male,0,No,No,1,Month-to-month,Mailed check,No,20.25,20.25,No,0.19802154998586033,Low
6556-DBKZF,Female,0,Yes,Yes,71,Two year,Electronic check,Fiber optic,76.05,5436.45,No,0.028137194053561958,Low
6851-WEFYX,Male,1,Yes,No,35,Month-to-month,Electronic check,Fiber optic,100.8,3437.5,No,0.6673437073689471,Medium
2985-JUUBZ,Male,0,Yes,Yes,40,Month-to-month,Electronic check,DSL,74.55,3015.75,No,0.29896215820548566,Low
6390-DSAZX,Female,0,No,Yes,1,Month-to-month,Mailed check,Fiber optic,73.6,73.6,Yes,0.4840607998206059,Medium
0895-LMRSF,Male,0,No,No,23,One year,Bank transfer (automatic),DSL,64.9,1509.8,No,0.20890163131205292,Low
8098-LLAZX,Female,1,No,No,4,Month-to-month,Electronic check,Fiber optic,95.45,396.1,Yes,0.8366953960878848,High
8266-VBFQL,Male,0,No,No,4,Month-to-month,Electronic check,Fiber optic,90.4,356.65,No,0.6293756945112793,Medium
8181-YHCMF,Female,0,Yes,Yes,68,Two year,Credit card (automatic),DSL,60.3,4109.0,No,0.011394055838631496,Low
2240-HSJQD,Male,0,No,Yes,38,Month-to-month,Mailed check,Fiber optic,81.85,3141.7,No,0.30873410226740894,Medium
1248-DYXUB,Male,0,Yes,Yes,52,Two year,Mailed check,No,24.8,1229.1,No,0.004581147185367408,Low
0265-EDXBD,Male,1,Yes,No,32,Month-to-month,Electronic check,Fiber optic,74.9,2303.35,Yes,0.5435073250023035,Medium
4115-BNPJY,Male,0,Yes,Yes,29,Two year,Mailed check,DSL,75.55,2054.4,No,0.03713024219049566,Low
3167-SNQPL,Male,1,Yes,Yes,38,Month-to-month,Electronic check,Fiber optic,101.15,3741.85,No,0.49860413047848895,Medium
4091-TVOCN,Male,0,No,Yes,48,One year,Credit card (automatic),DSL,78.75,3682.45,No,0.06987546971169792,Low
1098-TDVUQ,Female,0,No,No,1,Month-to-month,Bank transfer (automatic),No,19.25,19.25,No,0.27356432688808036,Low
7277-OZCGZ,Female,0,No,No,22,Month-to-month,Electronic check,Fiber optic,89.05,1886.25,No,0.4048510533446868,Medium
1557-EMYVT,Female,0,No,No,43,Two year,Credit card (automatic),Fiber optic,115.05,4895.1,No,0.06719621175153861,Low
2799-ARNLO,Female,1,Yes,No,5,Month-to-month,Electronic check,Fiber optic,69.35,341.6,No,0.7162333450304061,High
7563-BIUPC,Male,0,No,No,5,Month-to-month,Electronic check,Fiber optic,80.6,415.55,Yes,0.7130012223450708,High
5027-YOCXN,Male,0,Yes,Yes,51,One year,Credit card (automatic),Fiber optic,110.05,5686.4,No,0.09809524480124496,Low
3973-SKMLN,Male,0,No,No,71,Two year,Credit card (automatic),No,19.9,1355.1,No,0.0019639624351032166,Low
2321-OMBXY,Female,0,Yes,Yes,38,One year,Credit card (automatic),DSL,80.3,3058.65,Yes,0.037629090231413614,Low
2840-XANRC,Male,1,Yes,No,24,Month-to-month,Electronic check,Fiber optic,93.15,2231.05,Yes,0.6683767375128314,Medium
6745-JEFZB,Male,0,Yes,No,35,Month-to-month,Credit card (automatic),Fiber optic,91.5,3236.35,No,0.38192511754301517,Medium
5020-ZSTTY,Female,1,No,No,54,One year,Bank transfer (automatic),DSL,82.45,4350.1,Yes,0.04277564472546367,Low
9880-TDQAC,Female,0,Yes,Yes,72,Two year,Electronic check,DSL,60.0,4264.0,No,0.01946919909868379,Low
8705-WZCYL,Male,0,No,No,1,Month-to-month,Electronic check,DSL,44.8,44.8,No,0.5236652219298292,Medium
7102-JJVTX,Female,0,Yes,Yes,9,One year,Mailed check,DSL,48.6,422.3,No,0.10103742926952265,Low
8626-PTQGE,Male,0,No,No,69,Two year,Bank transfer (automatic),DSL,60.05,4176.7,No,0.013554424027817608,Low
4983-CLMLV,Female,0,Yes,No,52,Month-to-month,Credit card (automatic),Fiber optic,102.7,5138.1,No,0.2954562199970649,Low
5701-YVSVF,Female,1,Yes,No,11,Month-to-month,Electronic check,Fiber optic,82.9,880.05,No,0.6320387413611045,Medium
5804-LEPIM,Female,1,No,No,2,Month-to-month,Electronic check,Fiber optic,70.35,139.05,Yes,0.7398002112968807,High
5697-GOMBF,Female,1,Yes,Yes,28,Month-to-month,Electronic check,DSL,35.9,973.65,No,0.4246344250820404,Medium
2739-CACDQ,Female,1,No,No,17,Month-to-month,Credit card (automatic),Fiber optic,82.65,1470.05,No,0.5982623857207199,Medium
9385-EHGDO,Female,0,Yes,Yes,35,Two year,Mailed check,No,19.85,739.35,No,0.012102925049185895,Low
9498-FIMXL,Female,0,No,No,8,One year,Mailed check,No,19.2,161.95,No,0.11069376597299818,Low
2379-GYFLQ,Male,0,No,No,46,One year,Credit card (automatic),Fiber optic,94.9,4422.95,No,0.214168020386583,Low
0122-OAHPZ,Female,0,No,No,7,Month-to-month,Electronic check,Fiber optic,73.85,511.25,Yes,0.7076015985161401,High
2868-SNELZ,Female,0,No,No,2,Month-to-month,Mailed check,Fiber optic,80.6,155.8,Yes,0.5790156505237848,Medium
4322-RCYMT,Male,0,Yes,Yes,68,One year,Bank transfer (automatic),DSL,75.8,5293.95,Yes,0.029629948077884296,Low
6680-NENYN,Female,0,No,No,43,Two year,Electronic check,Fiber optic,104.6,4759.85,Yes,0.23775719221124061,Low
2088-IEBAU,Female,0,No,No,68,Two year,Electronic check,DSL,88.15,6148.45,No,0.02335519555503403,Low
7982-VCELR,Female,0,No,No,36,Month-to-month,Credit card (automatic),Fiber optic,94.8,3565.65,No,0.43247713689215006,Medium
1343-EHPYB,Male,0,Yes,No,63,Month-to-month,Electronic check,Fiber optic,103.4,6603.0,Yes,0.41087811723511336,Medium
6035-BXTTY,Female,1,No,No,32,Month-to-month,Bank transfer (automatic),DSL,54.65,1830.1,No,0.1055719160251485,Low
6885-PKOAM,Female,0,Yes,No,71,Two year,Credit card (automatic),DSL,85.75,6223.8,No,0.009581319099239292,Low
7520-HQWJU,Female,0,Yes,Yes,66,Month-to-month,Bank transfer (automatic),DSL,67.45,4508.65,No,0.041793843271065154,Low
9639-BUJXT,Male,0,No,No,63,One year,Mailed check,No,20.5,1328.15,No,0.004844758045240412,Low
5924-SNGKP,Female,0,No,Yes,41,One year,Credit card (automatic),No,20.25,865.0,No,0.018244430900296673,Low
0021-IKXGC,Female,1,No,No,1,Month-to-month,Electronic check,Fiber optic,72.1,72.1,No,0.7851343012141582,High
2034-GDRCN,Female,0,No,No,2,Month-to-month,Electronic check,Fiber optic,90.4,168.2,Yes,0.7734237921279397,High
8966-SNIZF,Female,0,Yes,No,70,Two year,Bank transfer (automatic),No,19.45,1303.5,No,0.0016184175072270826,Low
6243-OZGFH,Female,0,No,No,23,Month-to-month,Electronic check,DSL,44.95,996.85,No,0.5328620940002899,Medium
4654-DLAMQ,Female,1,Yes,No,64,One year,Bank transfer (automatic),Fiber optic,97.0,6430.9,No,0.08616339306916436,Low
0513-RBGPE,Male,0,Yes,Yes,37,Two year,Credit card (automatic),DSL,62.8,2278.75,No,0.0197025190883064,Low
5160-UXJED,Male,0,No,Yes,17,One year,Mailed check,DSL,44.6,681.4,No,0.10055351253168608,Low
4115-NZRKS,Female,1,No,No,7,Month-to-month,Electronic check,Fiber optic,89.15,574.35,No,0.7794092834546333,High
0219-YTZUE,Male,0,Yes,Yes,4,Month-to-month,Bank transfer (automatic),Fiber optic,84.8,371.9,Yes,0.5786478667626808,Medium
0623-IIHUG,Female,1,No,No,21,Month-to-month,Electronic check,DSL,41.9,840.1,Yes,0.4569815535868908,Medium
4572-DVCGN,Female,0,No,No,10,Month-to-month,Bank transfer (automatic),Fiber optic,80.25,846.0,Yes,0.6181182147696742,Medium
3351-NGXYI,Female,1,No,No,16,Month-to-month,Electronic check,DSL,54.1,889.0,No,0.3874648467803065,Medium
8984-EYLLL,Male,0,Yes,No,64,Two year,Electronic check,Fiber optic,105.25,6823.4,No,0.11027062450067557,Low
9057-MSWCO,Male,1,Yes,No,27,Month-to-month,Credit card (automatic),DSL,30.75,805.1,Yes,0.18397865272279235,Low
9833-TGFHX,Male,0,Yes,Yes,42,One year,Electronic check,Fiber optic,97.1,4016.75,No,0.2138864082718336,Low
9294-TDIPC,Male,0,No,Yes,5,Month-to-month,Mailed check,No,20.2,83.75,No,0.14534179951056467,Low
5229-DTFYB,Female,0,No,No,41,Two year,Bank transfer (automatic),Fiber optic,98.8,3959.15,No,0.10238126904154661,Low
0104-PPXDV,Male,0,Yes,No,58,One year,Credit card (automatic),DSL,50.3,2878.55,No,0.021184298246098257,Low
5176-LMJXE,Female,0,No,No,47,Two year,Mailed check,No,20.55,945.7,No,0.007487371767373249,Low
3583-KRKMD,Male,0,No,No,18,Month-to-month,Bank transfer (automatic),Fiber optic,75.9,1373.05,No,0.39763111780153315,Medium
1010-DIAUQ,Male,0,No,No,5,Month-to-month,Bank transfer (automatic),Fiber optic,96.5,492.55,Yes,0.6081425064486957,Medium
9069-LGEUL,Male,0,Yes,No,23,Month-to-month,Bank transfer (automatic),DSL,59.95,1406.0,No,0.21831201742905856,Low
7302-ZHMHP,Female,0,No,No,1,Month-to-month,Mailed check,No,19.15,19.15,No,0.2001705674513099,Low
9571-EDEBV,Male,0,Yes,No,71,One year,Credit card (automatic),Fiber optic,98.65,6962.85,No,0.1673433040982861,Low
3520-FJGCV,Male,0,Yes,Yes,72,Two year,Credit card (automatic),Fiber optic,112.6,8126.65,No,0.04035259415074036,Low
6563-VRERX,Male,0,Yes,Yes,33,One year,Mailed check,No,20.6,690.25,No,0.019730385517370014,Low
0259-GBZSH,Male,0,No,No,2,Month-to-month,Electronic check,Fiber optic,85.65,181.5,Yes,0.7778990960889661,High
6122-EFVKN,Male,0,No,Yes,24,Two year,Mailed check,DSL,35.75,830.8,No,0.03058912611767897,Low
2805-EDJPQ,Female,0,Yes,Yes,56,One year,Credit card (automatic),Fiber optic,99.75,5608.4,No,0.11800233078613259,Low
6862-CQUMB,Male,0,No,No,37,Month-to-month,Credit card (automatic),Fiber optic,96.1,3646.8,No,0.4213457635188301,Medium
7156-MXBJE,Female,0,No,No,43,One year,Credit card (automatic),DSL,85.1,3662.25,No,0.06884177473220836,Low
6158-HDPXZ,Male,0,No,No,1,Month-to-month,Mailed check,DSL,25.35,25.35,No,0.502932711641614,Medium
9601-BRXPO,Female,0,Yes,No,25,Month-to-month,Bank transfer (automatic),Fiber optic,104.95,2566.5,Yes,0.5345572790626444,Medium
2863-IMQDR,Female,0,No,No,61,Two year,Electronic check,DSL,89.65,5308.7,No,0.019460370043826176,Low
5686-CMAWK,Male,0,No,No,17,One year,Electronic check,Fiber optic,86.75,1410.25,No,0.29482442104858936,Low
5651-CRHKQ,Female,0,Yes,No,41,One year,Bank transfer (automatic),Fiber optic,86.2,3339.05,No,0.11622265003861473,Low
6905-NIQIN,Male,0,No,No,1,Month-to-month,Mailed check,DSL,50.65,50.65,Yes,0.31410139715126156,Medium
8204-YJCLA,Male,1,Yes,Yes,72,Two year,Bank transfer (automatic),DSL,64.8,4732.35,No,0.01356860625930738,Low
5167-ZFFMM,Male,0,No,No,1,Month-to-month,Credit card (automatic),Fiber optic,90.85,90.85,Yes,0.6751944650156185,Medium
6583-SZVGP,Male,0,No,No,48,Two year,Bank transfer (automatic),Fiber optic,108.1,5067.45,No,0.1601153787257089,Low
4895-TMWIR,Male,1,Yes,No,11,Month-to-month,Mailed check,No,19.95,214.75,Yes,0.1522073032728318,Low
0533-BNWKF,Female,1,Yes,No,55,Month-to-month,Electronic check,Fiber optic,85.45,4874.7,Yes,0.36112188402318185,Medium
1708-PBBOA,Female,0,No,No,42,One year,Electronic check,DSL,54.75,2348.45,No,0.0805061139343047,Low
8782-LKFPK,Male,0,No,No,44,Month-to-month,Mailed check,Fiber optic,90.4,4063.0,No,0.4004385709824463,Medium
5522-JBWMO,Male,0,No,Yes,1,Month-to-month,Electronic check,DSL,44.0,44.0,No,0.397992575844433,Medium
3597-MVHJT,Female,0,No,No,27,Month-to-month,Bank transfer (automatic),Fiber optic,95.6,2595.25,No,0.6135956164285156,Medium
9774-NRNAU,Male,1,Yes,No,27,Month-to-month,Bank transfer (automatic),DSL,84.8,2309.55,No,0.3118755884666615,Medium
0224-RLWWD,Female,1,No,No,2,Month-to-month,Electronic check,DSL,44.3,89.3,No,0.5695315569373007,Medium
9967-ATRFS,Female,0,No,No,19,Month-to-month,Mailed check,No,19.9,367.55,No,0.08840386889869346,Low
3951-NJCVI,Female,1,Yes,No,42,Month-to-month,Electronic check,Fiber optic,95.05,3944.5,No,0.6257716466824469,Medium
2977-CEBSX,Female,0,No,No,66,Two year,Credit card (automatic),DSL,90.05,5965.95,No,0.017201552966486462,Low
0177-PXBAT,Male,1,Yes,No,33,Month-to-month,Bank transfer (automatic),Fiber optic,109.9,3694.7,No,0.4526123590502603,Medium
6599-CEBNN,Female,0,No,No,34,Month-to-month,Credit card (automatic),Fiber optic,73.95,2524.45,Yes,0.2938819105639786,Low
2519-ERQOJ,Male,1,No,No,33,Month-to-month,Electronic check,DSL,54.6,1803.7,No,0.38990567496193834,Medium
5876-QMYLD,Female,0,Yes,Yes,23,One year,Mailed check,No,20.05,415.1,No,0.032827709357563545,Low
2277-AXSDC,Female,0,No,No,32,One year,Bank transfer (automatic),No,19.75,624.15,No,0.0256852203717036,Low
9442-JTWDL,Female,0,No,No,11,One year,Credit card (automatic),No,20.05,237.7,No,0.06906094043491408,Low
0979-PHULV,Male,0,Yes,Yes,69,Month-to-month,Credit card (automatic),Fiber optic,99.45,7007.6,Yes,0.2797793125097545,Low
3067-SVMTC,Female,0,Yes,No,68,One year,Bank transfer (automatic),DSL,55.9,3848.8,No,0.00879319537158537,Low
5495-GPSRW,Male,0,No,No,20,Two year,Mailed check,No,19.7,419.4,No,0.029690106099231194,Low
7606-BPHHN,Male,0,No,No,72,Two year,Credit card (automatic),No,19.8,1468.75,No,0.001917836773570088,Low
4742-DRORA,Male,0,Yes,Yes,60,One year,Bank transfer (automatic),Fiber optic,95.4,5812.0,No,0.12193882976892319,Low
0111-KLBQG,Male,1,Yes,Yes,32,Month-to-month,Mailed check,Fiber optic,93.95,2861.45,No,0.44863661112739694,Medium
4800-VHZKI,Female,0,No,No,1,Month-to-month,Mailed check,No,19.9,19.9,Yes,0.2624860832964646,Low
7989-CHGTL,Male,0,No,No,1,Month-to-month,Mailed check,No,19.6,19.6,Yes,0.2575696713377964,Low
0334-GDDSO,Male,1,No,No,3,Month-to-month,Electronic check,Fiber optic,81.35,233.7,Yes,0.7436269136681942,High
4163-NCJAK,Female,0,Yes,No,46,One year,Bank transfer (automatic),No,24.45,1066.15,No,0.02324655829256217,Low
5233-AOZUF,Female,0,Yes,No,29,Month-to-month,Electronic check,Fiber optic,74.95,2149.05,No,0.5286789515145586,Medium
5973-EJGDP,Male,0,No,No,51,Month-to-month,Electronic check,Fiber optic,87.35,4473.0,No,0.24970389387714273,Low
1996-DBMUS,Female,1,Yes,No,48,Month-to-month,Bank transfer (automatic),Fiber optic,70.65,3545.05,No,0.29145807266992535,Low
7916-VCCPB,Female,0,Yes,Yes,16,Month-to-month,Bank transfer (automatic),Fiber optic,73.25,1195.75,No,0.34249346545522796,Medium
4686-GEFRM,Male,0,Yes,No,70,Two year,Bank transfer (automatic),Fiber optic,98.7,6858.9,No,0.04806361462638506,Low
5249-QYHEX,Female,0,Yes,Yes,40,Two year,Mailed check,No,24.8,1024.7,No,0.012523913044126665,Low
0578-SKVMF,Female,0,Yes,Yes,22,Month-to-month,Electronic check,Fiber optic,83.3,1845.9,Yes,0.4251717542433924,Medium
5564-NEMQO,Female,1,No,No,1,Month-to-month,Bank transfer (automatic),Fiber optic,75.3,75.3,Yes,0.6745614934958992,Medium
2233-FAGXV,Female,0,Yes,Yes,5,Month-to-month,Mailed check,No,24.3,132.25,No,0.23999693024607782,Low
5605-IYGFG,Female,0,No,No,7,Month-to-month,Bank transfer (automatic),Fiber optic,69.85,515.45,No,0.5873024057066427,Medium
7663-ZTEGJ,Male,0,No,Yes,29,One year,Credit card (automatic),Fiber optic,100.55,2830.45,No,0.1594043719115882,Low
3935-TBRZZ,Male,0,Yes,Yes,44,One year,Mailed check,No,25.7,1110.5,No,0.015039527127890813,Low
8111-BKVDS,Female,0,No,No,10,Month-to-month,Bank transfer (automatic),DSL,40.7,449.3,No,0.282771183381522,Low
2055-SIFSS,Female,1,Yes,No,55,Month-to-month,Bank transfer (automatic),DSL,51.65,2838.55,No,0.0858537251518493,Low
2806-MLNTI,Male,1,Yes,No,52,One year,Bank transfer (automatic),Fiber optic,105.1,5376.4,No,0.29926572951378727,Low
8734-DKSTZ,Female,0,Yes,Yes,10,Month-to-month,Electronic check,Fiber optic,85.95,858.6,No,0.6300819035016979,Medium
4360-PNRQB,Male,0,No,No,18,Month-to-month,Bank transfer (automatic),Fiber optic,75.6,1395.05,No,0.5511494093954624,Medium
6152-ONASV,Female,0,Yes,No,68,One year,Bank transfer (automatic),DSL,58.25,3975.7,No,0.011357132067688288,Low
9063-ZGTUY,Female,0,Yes,Yes,61,Month-to-month,Mailed check,No,19.4,1182.55,Yes,0.01247469542382444,Low
7781-HVGMK,Female,0,Yes,Yes,72,Two year,Credit card (automatic),DSL,65.2,4784.45,No,0.010535219320653046,Low
2181-UAESM,Male,0,No,No,2,Month-to-month,Electronic check,DSL,53.45,119.5,No,0.3199490241237661,Medium
2957-LOLHO,Male,0,No,No,12,Month-to-month,Bank transfer (automatic),DSL,45.4,518.9,Yes,0.33163523516927446,Medium
6048-NJXHX,Male,0,Yes,No,41,Two year,Electronic check,No,19.75,899.45,No,0.014608885047054414,Low
2320-SLKMB,Female,0,No,No,26,Month-to-month,Credit card (automatic),DSL,44.45,1183.8,No,0.2676908463085973,Low
4980-URKXC,Male,0,Yes,No,36,One year,Bank transfer (automatic),No,20.85,720.05,No,0.020763702103320947,Low
4376-KFVRS,Male,0,Yes,Yes,72,Two year,Credit card (automatic),Fiber optic,114.05,8468.2,No,0.04530050209574748,Low
5886-VLQVU,Male,0,Yes,No,35,Month-to-month,Bank transfer (automatic),Fiber optic,89.85,3161.2,No,0.39637203977890256,Medium
3577-AMVUX,Male,0,No,No,1,Month-to-month,Mailed check,DSL,55.05,55.05,No,0.26148259995425943,Low
0771-WLCLA,Female,0,Yes,Yes,16,Month-to-month,Electronic check,Fiber optic,112.95,1882.55,No,0.5548265059420403,Medium
5628-RKIFK,Female,1,No,No,49,Month-to-month,Credit card (automatic),Fiber optic,101.55,5070.4,No,0.3390312302395393,Medium
0206-TBWLC,Female,0,Yes,No,54,One year,Mailed check,Fiber optic,114.65,6049.5,No,0.14336529585591135,Low
2937-FTHUR,Female,0,No,Yes,18,Month-to-month,Electronic check,DSL,64.8,1166.7,No,0.26943904459327456,Low
1910-FMXJM,Female,0,Yes,No,36,Month-to-month,Electronic check,Fiber optic,80.4,2937.65,No,0.3935174107443259,Medium
7752-XUSCI,Female,0,No,No,60,Month-to-month,Electronic check,Fiber optic,105.9,6396.45,Yes,0.4484067839673397,Medium
4110-PFEUZ,Female,0,No,No,1,Month-to-month,Mailed check,Fiber optic,69.55,69.55,Yes,0.5388314990510975,Medium
0732-OCQOC,Female,0,Yes,Yes,52,Two year,Bank transfer (automatic),No,25.05,1270.25,No,0.007136906611059028,Low
5168-MSWXT,Male,0,Yes,Yes,8,Month-to-month,Electronic check,Fiber optic,94.75,759.55,No,0.6952847668463109,Medium
1090-ESELR,Male,0,Yes,Yes,72,Two year,Bank transfer (automatic),Fiber optic,105.5,7611.55,No,0.022908776543916157,Low
8592-PLTMQ,Female,0,No,No,64,One year,Mailed check,No,24.7,1642.75,No,0.00651178464094206,Low
5760-WRAHC,Female,1,No,No,22,Month-to-month,Mailed check,DSL,69.75,1545.4,No,0.19253175465420355,Low
8847-GEOOQ,Male,0,Yes,No,60,Month-to-month,Bank transfer (automatic),DSL,60.2,3582.4,No,0.10338847462058924,Low
0256-LTHVJ,Female,0,Yes,Yes,28,Month-to-month,Electronic check,Fiber optic,81.05,2227.1,Yes,0.5024132863914517,Medium
4785-FCIFB,Female,0,Yes,No,61,Two year,Mailed check,No,24.4,1417.9,No,0.0034085021399452124,Low
8313-NDOIA,Female,0,No,No,24,Month-to-month,Electronic check,Fiber optic,104.15,2494.65,No,0.6606268126700082,Medium
5149-CUZUJ,Male,0,Yes,Yes,28,One year,Bank transfer (automatic),Fiber optic,92.9,2768.35,No,0.1410826681855957,Low
0942-KOWSM,Female,0,Yes,Yes,30,Two year,Bank transfer (automatic),DSL,80.8,2369.3,No,0.03544686790015658,Low
4237-CLSMM,Male,0,Yes,No,2,Month-to-month,Mailed check,No,20.0,38.0,No,0.1896858864766516,Low
1452-VOQCH,Male,0,No,No,1,Month-to-month,Electronic check,Fiber optic,75.1,75.1,No,0.7478818874083999,High
4719-UMSIY,Male,0,No,Yes,6,Month-to-month,Mailed check,No,19.65,100.9,No,0.1382501820561617,Low
6614-VBEGU,Female,0,Yes,No,24,Month-to-month,Bank transfer (automatic),DSL,69.45,1614.05,No,0.3022341897535114,Medium
0880-TKATG,Male,0,Yes,Yes,4,Month-to-month,Electronic check,Fiber optic,101.15,385.9,Yes,0.7002860415874194,High
3811-VBYBZ,Male,0,No,No,7,Month-to-month,Electronic check,Fiber optic,99.8,673.25,Yes,0.7555482413639314,High
1480-BKXGA,Male,1,Yes,No,72,Two year,Bank transfer (automatic),Fiber optic,116.05,8404.9,No,0.06935459042423074,Low
2996-XAUVF,Male,0,No,No,70,Two year,Mailed check,DSL,40.05,2799.75,No,0.01148465462508704,Low
9076-AXYIK,Male,1,Yes,No,64,Two year,Electronic check,Fiber optic,102.1,6538.45,No,0.09825562045620014,Low
5968-XQIVE,Male,0,Yes,Yes,72,One year,Electronic check,Fiber optic,89.7,6588.95,No,0.13445866959469444,Low
8896-RAZCR,Female,0,No,Yes,44,Two year,Mailed check,No,19.9,868.1,No,0.005265688440015044,Low
4640-UHDOS,Female,0,Yes,Yes,13,Month-to-month,Electronic check,DSL,55.95,734.35,Yes,0.33961244049511013,Medium
4933-IKULF,Female,1,No,No,17,One year,Mailed check,No,20.65,330.6,No,0.06387576914952704,Low
3583-EKAPL,Male,0,No,No,1,Month-to-month,Electronic check,DSL,55.0,55.0,Yes,0.573787493377876,Medium
1304-BCCFO,Male,0,Yes,No,9,Month-to-month,Mailed check,DSL,70.05,564.4,No,0.4400539817304286,Medium
4104-PVRPS,Male,0,Yes,No,24,Month-to-month,Mailed check,DSL,53.6,1315.35,No,0.08656430617373878,Low
9399-APLBT,Female,0,Yes,Yes,1,Month-to-month,Electronic check,Fiber optic,74.7,74.7,Yes,0.6310421944191065,Medium
2359-KMGLI,Male,0,No,No,24,Month-to-month,Electronic check,Fiber optic,80.25,1861.5,Yes,0.5299750870990576,Medium
3780-DDGSE,Male,1,Yes,Yes,35,Month-to-month,Electronic check,DSL,76.05,2747.2,No,0.2392901655140373,Low
4431-EDMIQ,Female,0,Yes,Yes,7,Month-to-month,Electronic check,DSL,75.7,554.05,No,0.26046560015707876,Low
0306-JAELE,Male,0,No,No,5,Month-to-month,Electronic check,Fiber optic,96.1,453.4,Yes,0.6786986472494849,Medium
6227-HWPWX,Female,0,No,Yes,15,Month-to-month,Bank transfer (automatic),Fiber optic,69.0,994.8,Yes,0.3830386406752781,Medium
0486-LGCCH,Male,0,Yes,Yes,11,Two year,Mailed check,No,19.65,225.75,No,0.0288693063396437,Low
0447-BEMNG,Female,0,Yes,No,48,Month-to-month,Bank transfer (automatic),DSL,45.3,2145.0,Yes,0.127766658774599,Low
4612-SSVHJ,Female,1,No,No,20,Month-to-month,Electronic check,Fiber optic,81.45,1671.6,No,0.6625390872084167,Medium
5168-MQQCA,Female,0,Yes,No,72,One year,Bank transfer (automatic),Fiber optic,108.5,8003.8,No,0.14487485883647955,Low
5949-XIKAE,Female,0,Yes,Yes,8,Month-to-month,Electronic check,Fiber optic,83.55,680.05,Yes,0.6207010575293733,Medium
7971-HLVXI,Male,0,Yes,Yes,72,Two year,Credit card (automatic),Fiber optic,84.5,6130.85,No,0.048952563885876384,Low
9094-AZPHK,Female,0,No,No,15,Month-to-month,Electronic check,Fiber optic,100.15,1415.0,No,0.7144524929819571,High
3649-JPUGY,Male,0,No,No,72,Two year,Bank transfer (automatic),DSL,88.6,6201.95,No,0.021274974868217,Low
4472-LVYGI,Female,0,Yes,Yes,0,Two year,Bank transfer (automatic),DSL,52.55,1397.475,No,0.21850191597117258,Low
8372-JUXUI,Male,0,No,Yes,1,Month-to-month,Electronic check,Fiber optic,74.35,74.35,Yes,0.7160361504223296,High
3552-CTCYF,Male,0,Yes,Yes,63,Two year,Bank transfer (automatic),Fiber optic,104.8,6597.25,No,0.0963052134354081,Low
6778-YSNIH,Female,0,No,No,2,Month-to-month,Electronic check,DSL,59.0,114.15,No,0.5210915423180721,Medium
0388-EOPEX,Female,0,Yes,No,2,Month-to-month,Electronic check,Fiber optic,74.4,139.4,Yes,0.6048007399927585,Medium
5756-OZRIO,Male,1,Yes,No,61,One year,Bank transfer (automatic),DSL,64.05,3902.6,No,0.04391736112769173,Low
6579-JPICP,Male,0,No,No,1,Month-to-month,Mailed check,No,20.4,20.4,No,0.19822708377990064,Low
8205-OTCHB,Male,0,No,No,22,One year,Bank transfer (automatic),DSL,43.75,903.6,Yes,0.22006425785060363,Low
4134-BSXLX,Male,0,Yes,No,28,Month-to-month,Mailed check,DSL,60.9,1785.65,No,0.06910426571472328,Low
0505-SPOOW,Female,0,Yes,No,70,Two year,Bank transfer (automatic),No,19.8,1397.65,No,0.0016724502503451517,Low
6235-VDHOM,Female,1,No,No,5,Month-to-month,Electronic check,DSL,28.45,131.05,Yes,0.5531710275506144,Medium
7783-YKGDV,Female,0,No,No,12,Month-to-month,Bank transfer (automatic),Fiber optic,99.7,1238.45,Yes,0.5226950261431724,Medium
4374-YMUSQ,Male,0,No,No,34,One year,Credit card (automatic),Fiber optic,116.25,3899.05,No,0.1581505874168457,Low
4513-CXYIX,Female,1,Yes,No,71,Two year,Credit card (automatic),Fiber optic,80.7,5676.0,No,0.037246130580936676,Low
3957-HHLMR,Female,0,Yes,Yes,70,One year,Bank transfer (automatic),DSL,65.2,4543.15,No,0.018521422581290272,Low
7803-XOCCZ,Female,0,Yes,Yes,52,Month-to-month,Bank transfer (automatic),Fiber optic,84.05,4326.8,No,0.1101424206397764,Low
5736-YEJAX,Male,0,No,Yes,69,Two year,Credit card (automatic),DSL,79.45,5502.55,No,0.008559074561428326,Low
5609-CEBID,Female,1,No,No,20,Month-to-month,Electronic check,Fiber optic,94.1,1782.4,Yes,0.6682099344846055,Medium
8981-FJGLA,Male,0,No,Yes,11,Month-to-month,Mailed check,Fiber optic,78.0,851.8,No,0.5381530544158198,Medium
7218-HKQFK,Male,0,Yes,No,2,Month-to-month,Electronic check,Fiber optic,94.2,167.5,Yes,0.6943960204011399,Medium
4636-QRJKY,Female,0,Yes,Yes,6,Month-to-month,Electronic check,Fiber optic,80.5,502.85,Yes,0.6044736850190154,Medium
1135-LMECX,Female,0,No,No,1,Month-to-month,Mailed check,No,19.85,19.85,No,0.2011389085521812,Low
4332-MUOEZ,Male,1,Yes,Yes,20,One year,Credit card (automatic),Fiber optic,94.3,1818.3,No,0.15247677730470718,Low
8535-SFUTN,Male,0,No,No,61,Month-to-month,Electronic check,Fiber optic,106.45,6300.15,No,0.36784542536546,Medium
5956-VKDTT,Female,1,Yes,No,5,Month-to-month,Electronic check,Fiber optic,74.35,334.8,Yes,0.762011281852099,High
8677-HDZEE,Female,0,No,No,56,Month-to-month,Bank transfer (automatic),Fiber optic,105.45,5916.95,No,0.3209276915998423,Medium
2475-MROZF,Male,0,No,No,30,Month-to-month,Credit card (automatic),Fiber optic,95.0,2852.4,No,0.2419208068410304,Low
9412-GHEEC,Male,0,No,No,40,Month-to-month,Bank transfer (automatic),Fiber optic,104.8,4131.95,Yes,0.34914797601070435,Medium
3482-ABPKK,Female,0,No,No,28,One year,Mailed check,DSL,54.3,1546.3,No,0.040360008724489825,Low
6705-LXORM,Female,1,Yes,No,5,Month-to-month,Electronic check,Fiber optic,70.05,302.6,No,0.6395872127744804,Medium
0257-ZESQC,Female,1,Yes,No,27,Month-to-month,Bank transfer (automatic),Fiber optic,75.2,1929.35,Yes,0.36207452849820393,Medium
7531-GQHME,Male,0,No,No,12,Month-to-month,Credit card (automatic),No,20.05,265.45,No,0.11933337686989447,Low
5174-ITUMV,Male,0,Yes,Yes,67,One year,Electronic check,Fiber optic,105.4,6989.45,No,0.21600422050792056,Low
4109-CYRBD,Male,1,Yes,No,29,Month-to-month,Electronic check,DSL,51.6,1442.0,No,0.3432961577764424,Medium
0913-XWSCN,Male,0,Yes,Yes,55,Month-to-month,Bank transfer (automatic),Fiber optic,85.5,4713.4,No,0.2261818199214492,Low
6825-UYPFK,Female,0,No,No,23,Month-to-month,Bank transfer (automatic),Fiber optic,75.6,1758.6,Yes,0.42616844206820936,Medium
8397-MVTAZ,Male,0,Yes,No,34,Month-to-month,Electronic check,Fiber optic,100.05,3480.0,Yes,0.6344322938565182,Medium
0750-EBAIU,Male,0,No,No,52,One year,Electronic check,Fiber optic,91.25,4738.3,No,0.12269753923520382,Low
8606-CIQUL,Male,1,Yes,Yes,72,Two year,Credit card (automatic),Fiber optic,115.75,8399.15,No,0.05496387217512179,Low
3571-DPYUH,Male,0,Yes,Yes,58,One year,Credit card (automatic),Fiber optic,94.7,5430.35,No,0.10277100142431927,Low
7601-GNDYK,Male,0,Yes,Yes,35,Two year,Mailed check,No,19.6,686.95,No,0.00824772803353914,Low
0356-OBMAC,Female,1,No,No,56,Two year,Bank transfer (automatic),Fiber optic,99.9,5706.3,No,0.09167768815636577,Low
8067-NIOYM,Female,0,Yes,Yes,24,Two year,Credit card (automatic),No,21.1,490.65,No,0.02092880400332581,Low
1403-GYAFU,Male,0,Yes,Yes,70,Two year,Credit card (automatic),No,20.05,1360.25,No,0.0012691098208961306,Low
4234-XTNEA,Male,0,No,No,2,Month-to-month,Electronic check,Fiber optic,79.95,174.45,No,0.7321101153919449,High
1297-VQDRP,Male,1,Yes,Yes,68,One year,Credit card (automatic),Fiber optic,107.15,7379.8,No,0.16996952148984448,Low
9282-IZGQK,Female,0,No,No,1,Month-to-month,Electronic check,Fiber optic,85.0,85.0,Yes,0.7875656590676198,High
5348-CAGXB,Male,0,No,No,12,Month-to-month,Electronic check,Fiber optic,89.55,1021.75,No,0.7039507762264896,High
0621-HJWXJ,Female,0,Yes,No,63,Month-to-month,Bank transfer (automatic),Fiber optic,81.55,5029.05,No,0.1909864801936782,Low
5844-QVTAT,Female,0,Yes,Yes,33,One year,Mailed check,DSL,58.45,1955.4,No,0.04725899333367952,Low
8905-IAZPF,Female,0,Yes,No,69,One year,Credit card (automatic),Fiber optic,95.65,6744.2,No,0.13253327454694686,Low
5394-MEITZ,Female,0,Yes,Yes,60,Two year,Bank transfer (automatic),DSL,80.6,4946.7,No,0.01956784580219034,Low
6859-QNXIQ,Female,0,Yes,Yes,72,Two year,Bank transfer (automatic),Fiber optic,113.1,8248.5,No,0.04673500979786123,Low
2782-LFZVW,Female,0,No,No,11,Month-to-month,Mailed check,DSL,58.95,601.6,No,0.44307124095758865,Medium
2866-IKBTM,Female,0,No,No,1,Month-to-month,Mailed check,No,19.55,19.55,No,0.20072347663981194,Low
1342-JPNKI,Male,0,No,No,10,Month-to-month,Bank transfer (automatic),Fiber optic,86.05,834.1,Yes,0.6661159560693326,Medium
2817-NTQDO,Male,0,No,No,13,Month-to-month,Credit card (automatic),DSL,45.55,597.0,Yes,0.31296833985127237,Medium
7129-AZJDE,Male,0,Yes,Yes,34,One year,Bank transfer (automatic),Fiber optic,78.95,2647.2,No,0.22647605992669897,Low
6986-IJDHX,Male,0,Yes,Yes,39,Month-to-month,Mailed check,Fiber optic,86.3,3266.0,Yes,0.2929384427981945,Low
2560-PPCHE,Female,0,No,No,65,One year,Bank transfer (automatic),Fiber optic,105.05,6744.25,No,0.15476481073636875,Low
4676-MQUEA,Male,1,Yes,No,50,One year,Bank transfer (automatic),Fiber optic,101.9,5265.5,No,0.20538336412814082,Low
8138-EALND,Male,0,No,No,15,Month-to-month,Mailed check,No,19.75,311.6,No,0.10540228551292342,Low
3580-HYCSP,Male,0,Yes,Yes,72,Two year,Bank transfer (automatic),Fiber optic,110.3,7966.9,No,0.0610145615785806,Low
1352-HNSAW,Female,0,Yes,Yes,72,Two year,Bank transfer (automatic),Fiber optic,115.6,8220.4,No,0.04726422621776171,Low
2075-PUEPR,Male,0,Yes,Yes,55,Two year,Bank transfer (automatic),No,19.35,1153.25,No,0.0031267689302590922,Low
1982-FEBTD,Female,0,Yes,Yes,23,Two year,Credit card (automatic),No,25.6,514.75,No,0.028120742940137042,Low
5301-GAUUY,Male,0,No,No,32,Month-to-month,Bank transfer (automatic),Fiber optic,80.35,2596.15,Yes,0.3967300490870256,Medium
5791-KAJFD,Female,0,Yes,Yes,56,One year,Bank transfer (automatic),DSL,68.75,3808.0,No,0.04326857762932043,Low
2654-VBVPB,Female,0,No,No,1,Month-to-month,Bank transfer (automatic),No,19.9,19.9,No,0.21137114600600496,Low
1154-HYWWO,Male,0,No,No,38,One year,Mailed check,DSL,70.6,2708.2,No,0.03254151213102272,Low
2501-XWWTZ,Male,0,No,No,11,Month-to-month,Electronic check,Fiber optic,70.2,760.05,No,0.5321586994143865,Medium
3716-UVSPD,Male,0,No,No,1,Month-to-month,Electronic check,DSL,49.3,49.3,No,0.42945288884211535,Medium
6815-ABQFQ,Male,0,Yes,No,56,One year,Electronic check,Fiber optic,107.25,6033.3,No,0.2509731299433473,Low
7343-EOBEU,Male,0,Yes,No,3,Month-to-month,Mailed check,No,23.6,89.05,No,0.2847789336333551,Low
3701-SFMUH,Male,0,Yes,Yes,7,Month-to-month,Credit card (automatic),DSL,69.7,516.15,No,0.2656990358421845,Low
6103-LIANB,Male,0,Yes,Yes,59,Two year,Credit card (automatic),Fiber optic,99.5,5861.75,No,0.10431222993256511,Low
7319-VENRZ,Male,0,No,No,7,Month-to-month,Bank transfer (automatic),DSL,64.3,445.95,No,0.26382841537162416,Low
5846-NEQVZ,Male,0,Yes,Yes,71,Two year,Credit card (automatic),DSL,70.85,4973.4,No,0.006193690460631245,Low
6967-QIQRV,Male,0,Yes,Yes,15,One year,Electronic check,Fiber optic,101.9,1667.25,No,0.26339490544309646,Low
5781-RFZRP,Male,0,Yes,No,71,Two year,Credit card (automatic),DSL,73.5,5357.75,No,0.006318136525762728,Low
0939-YAPAF,Female,0,No,No,35,Month-to-month,Electronic check,Fiber optic,100.25,3527.6,Yes,0.6293964048767041,Medium
0308-IVGOK,Female,0,No,No,11,One year,Credit card (automatic),DSL,40.4,422.6,No,0.19905731853871547,Low
7293-LSCDV,Female,0,Yes,Yes,60,Two year,Credit card (automatic),No,19.25,1103.25,No,0.0030297889548216057,Low
7025-WCBNE,Male,1,No,No,47,Two year,Bank transfer (automatic),DSL,59.6,2754.0,No,0.01897528077873935,Low
5756-JYOJT,Female,0,No,No,11,One year,Credit card (automatic),DSL,64.9,697.25,No,0.12927400775916278,Low
4710-FDUIZ,Male,0,Yes,No,56,One year,Credit card (automatic),Fiber optic,100.3,5614.45,Yes,0.16787988089717842,Low
6030-REHUX,Female,1,Yes,No,28,Month-to-month,Electronic check,Fiber optic,110.85,3204.4,No,0.6241301461127899,Medium
9548-LIGTA,Male,0,Yes,No,61,Two year,Mailed check,DSL,81.05,4747.65,No,0.013248626951696922,Low
5150-LJNSR,Male,0,Yes,Yes,31,One year,Bank transfer (automatic),Fiber optic,98.05,3082.1,No,0.18982858245734774,Low
8270-RKSAP,Male,0,No,No,9,Month-to-month,Electronic check,Fiber optic,70.5,597.9,No,0.632670927193066,Medium
6522-YRBXD,Male,1,Yes,No,35,Month-to-month,Electronic check,Fiber optic,94.55,3365.4,No,0.4877769024186093,Medium
2640-LYMOV,Male,0,No,No,2,Month-to-month,Mailed check,No,19.65,38.8,No,0.24763071294252437,Low
1218-VKFPE,Female,0,Yes,Yes,12,Month-to-month,Mailed check,No,19.0,233.55,Yes,0.10688985651484903,Low
3627-FHKBK,Female,0,No,No,1,Month-to-month,Mailed check,Fiber optic,75.3,75.3,Yes,0.44058347128312136,Medium
2865-TCHJW,Female,1,No,No,4,Month-to-month,Electronic check,Fiber optic,89.2,346.2,Yes,0.7950955800189239,High
1423-BMPBQ,Female,0,Yes,Yes,1,Month-to-month,Mailed check,No,19.0,19.0,No,0.2324395128177489,Low
2393-DIVAI,Female,0,No,No,3,Month-to-month,Mailed check,No,20.0,61.7,No,0.24281573159951306,Low
5192-EBGOV,Female,1,No,No,1,Month-to-month,Electronic check,Fiber optic,85.7,85.7,Yes,0.8200839096599918,High
4568-KNYWR,Male,0,No,No,52,Two year,Credit card (automatic),DSL,63.25,3342.45,No,0.016333447130544607,Low
8752-IMQOS,Male,0,Yes,Yes,5,One year,Mailed check,No,20.1,85.1,No,0.0797675242303207,Low
0742-LAFQK,Male,0,Yes,No,72,Two year,Electronic check,Fiber optic,99.15,7422.1,No,0.06616940144299915,Low
0795-LAFGP,Male,0,Yes,Yes,71,Two year,Electronic check,DSL,90.4,6668.05,No,0.014077034505835296,Low
0619-OLYUR,Male,0,Yes,No,72,Two year,Credit card (automatic),Fiber optic,111.9,8071.05,No,0.05633132660202951,Low
5512-IDZEI,Male,0,Yes,Yes,46,One year,Electronic check,No,24.9,1174.8,No,0.019382102164093425,Low
0459-SPZHJ,Male,0,Yes,Yes,63,Two year,Credit card (automatic),DSL,83.5,5435.0,No,0.014830452668498351,Low
0215-BQKGS,Male,0,No,No,30,Month-to-month,Credit card (automatic),Fiber optic,84.3,2438.6,No,0.2416331411615218,Low
9244-ZVAPM,Male,0,No,No,1,Month-to-month,Mailed check,DSL,45.6,45.6,No,0.35282271787619085,Medium
0719-SYFRB,Female,0,No,No,12,Month-to-month,Mailed check,DSL,61.65,713.75,Yes,0.2139111914382762,Low
8208-EUMTE,Male,0,No,No,16,Two year,Mailed check,DSL,54.85,916.15,No,0.05466035654218609,Low
5172-MIGPM,Male,0,No,No,4,Month-to-month,Mailed check,DSL,65.55,237.2,No,0.3403014806605876,Medium
1710-RCXUS,Male,0,Yes,No,51,One year,Credit card (automatic),Fiber optic,90.35,4614.55,No,0.18784770193178274,Low
0374-FIUCA,Male,0,Yes,No,65,Two year,Credit card (automatic),No,20.4,1414.45,No,0.0028704051892707344,Low
5839-SUYVZ,Male,0,No,No,16,Month-to-month,Credit card (automatic),Fiber optic,74.55,1170.5,No,0.3869159388872447,Medium
5173-ZXXXL,Male,0,No,No,2,One year,Mailed check,No,19.95,47.7,No,0.10646320320969603,Low
1096-ADRUX,Female,0,Yes,Yes,66,One year,Bank transfer (automatic),Fiber optic,74.25,4859.25,No,0.08708903607224354,Low
2001-MCUUW,Male,0,No,No,46,Two year,Electronic check,Fiber optic,108.65,4903.2,No,0.11410062399701065,Low
2731-GJRDG,Female,0,No,No,32,One year,Bank transfer (automatic),Fiber optic,109.55,3608.0,No,0.26348908039688423,Low
4723-BEGSG,Male,0,Yes,No,72,Two year,Credit card (automatic),DSL,86.65,6094.25,No,0.010599097991783208,Low
6516-NKQBO,Male,0,Yes,Yes,38,Two year,Credit card (automatic),DSL,81.0,3084.9,No,0.02015097324466173,Low
8672-OAUPW,Male,0,No,Yes,51,One year,Credit card (automatic),DSL,47.85,2356.75,No,0.016532644491979536,Low
8207-DMRVL,Male,0,Yes,Yes,72,Two year,Bank transfer (automatic),Fiber optic,114.55,8306.05,No,0.03377543214625063,Low
3419-SNJJD,Female,1,Yes,No,65,Month-to-month,Bank transfer (automatic),Fiber optic,105.25,6786.4,Yes,0.26059745420795155,Low
6543-CPZMK,Male,0,Yes,Yes,9,Month-to-month,Electronic check,DSL,29.95,248.95,Yes,0.49608687736598917,Medium
4765-OXPPD,Female,0,Yes,Yes,9,Month-to-month,Mailed check,DSL,65.0,663.05,Yes,0.1162805181548339,Low
2804-ETQDK,Male,0,No,Yes,66,Two year,Mailed check,No,20.55,1357.1,No,0.0016504567120071043,Low
6689-VRRTK,Female,1,No,No,44,One year,Credit card (automatic),Fiber optic,109.8,4860.35,No,0.26627951495128505,Low
7138-GIRSH,Male,0,No,No,50,Two year,Bank transfer (automatic),DSL,69.5,3418.2,No,0.021804620125504555,Low
9396-ZSFLL,Female,0,No,No,15,Month-to-month,Mailed check,DSL,48.85,631.4,No,0.2689176598684653,Low
6464-KEXXH,Male,0,No,No,8,Month-to-month,Credit card (automatic),DSL,25.25,186.3,No,0.4920183288569008,Medium
7134-MJPDY,Female,1,No,No,66,One year,Credit card (automatic),Fiber optic,102.85,6976.75,No,0.18925282229174928,Low
5240-CAOYT,Female,0,No,No,57,Month-to-month,Bank transfer (automatic),Fiber optic,87.55,4884.85,No,0.12471363088031938,Low
4059-IIEBK,Female,0,No,No,7,Month-to-month,Bank transfer (automatic),Fiber optic,78.55,522.95,No,0.600628004426714,Medium
4881-JVQOD,Male,1,Yes,Yes,10,Month-to-month,Bank transfer (automatic),DSL,34.55,362.6,No,0.5604470208269752,Medium
0516-UXRMT,Female,0,No,No,62,One year,Electronic check,Fiber optic,92.05,5755.8,No,0.12102695090580778,Low
4851-BQDNX,Male,0,Yes,Yes,40,One year,Electronic check,Fiber optic,85.05,3355.65,No,0.24733263322976495,Low
5148-HKFIR,Female,0,No,No,20,Two year,Mailed check,No,19.7,406.95,No,0.021594705269022706,Low
1009-IRMNA,Female,0,No,No,7,Month-to-month,Bank transfer (automatic),No,20.0,137.6,Yes,0.16335901456735902,Low
3003-CMDUU,Female,0,Yes,No,25,Month-to-month,Electronic check,Fiber optic,95.15,2395.7,No,0.5498736984991097,Medium
5016-IBERQ,Male,0,Yes,No,23,Month-to-month,Electronic check,Fiber optic,84.25,1968.1,No,0.4520199799519597,Medium
6797-UCJHZ,Female,1,Yes,No,66,One year,Credit card (automatic),Fiber optic,104.6,6819.45,No,0.16326370621245762,Low
2469-DTSGX,Female,1,No,No,72,Two year,Electronic check,Fiber optic,111.65,7943.45,No,0.08622869837944684,Low
4554-YGZIH,Male,1,Yes,No,49,Month-to-month,Credit card (automatic),Fiber optic,90.05,4547.25,Yes,0.3040387060988551,Medium
5099-BAILX,Male,1,Yes,Yes,43,Month-to-month,Bank transfer (automatic),Fiber optic,110.75,4687.9,Yes,0.40410133301751083,Medium
9931-KGHOA,Female,0,Yes,No,46,Month-to-month,Bank transfer (automatic),DSL,55.0,2473.95,No,0.07066929997410386,Low
1775-KWJKQ,Male,0,Yes,Yes,72,Two year,Credit card (automatic),DSL,89.85,6562.9,No,0.008711257079266956,Low
7665-VIGUD,Male,0,No,No,10,One year,Mailed check,No,20.35,176.3,No,0.07198766414893815,Low
9411-TPQQV,Female,0,No,No,40,One year,Bank transfer (automatic),DSL,54.55,2236.2,No,0.09639966838841371,Low
7207-RMRDB,Female,0,Yes,Yes,65,Month-to-month,Electronic check,Fiber optic,105.5,6985.65,Yes,0.3840467455598779,Medium
7954-MLBUN,Male,0,No,No,31,Two year,Bank transfer (automatic),Fiber optic,99.45,3109.9,No,0.11001823749903697,Low
2077-DDHJK,Female,0,Yes,No,68,Two year,Credit card (automatic),DSL,70.9,4911.35,No,0.0053753405325677505,Low
4913-EHYUI,Male,1,Yes,Yes,56,One year,Bank transfer (automatic),Fiber optic,104.55,5794.65,Yes,0.20734939850252807,Low
0195-IESCP,Male,0,Yes,No,10,Month-to-month,Electronic check,Fiber optic,85.25,855.3,Yes,0.7319240776857979,High
9574-BOSMD,Male,0,Yes,Yes,68,Two year,Bank transfer (automatic),No,25.4,1620.2,No,0.0021578749537411626,Low
4580-TMHJU,Female,0,Yes,Yes,43,Month-to-month,Electronic check,DSL,56.15,2499.3,Yes,0.13153410708901125,Low
0970-ETWGE,Male,0,No,No,1,Month-to-month,Electronic check,Fiber optic,89.55,89.55,Yes,0.7741423319472697,High
4908-XAXAY,Female,1,No,No,49,One year,Bank transfer (automatic),Fiber optic,89.85,4287.2,No,0.19334227865357073,Low
8404-VLQFB,Female,0,Yes,Yes,15,Month-to-month,Electronic check,No,25.25,394.85,No,0.2157922282054872,Low
1626-ERCMM,Male,1,Yes,No,20,Month-to-month,Electronic check,Fiber optic,94.55,1899.65,Yes,0.7572511448200809,High
0887-HJGAR,Male,0,No,No,1,Month-to-month,Mailed check,DSL,45.7,45.7,Yes,0.435334484440411,Medium
2391-IPLOP,Male,0,Yes,Yes,50,One year,Electronic check,DSL,69.65,3442.15,No,0.07196195777025431,Low
5644-PDMZC,Female,1,No,No,2,Month-to-month,Electronic check,Fiber optic,89.5,161.5,Yes,0.7232606976713651,High
3509-GWQGF,Male,1,No,No,24,Month-to-month,Credit card (automatic),Fiber optic,70.0,1732.6,No,0.37539510317808694,Medium
9576-ANLXO,Female,0,No,No,3,Month-to-month,Bank transfer (automatic),Fiber optic,69.55,222.3,Yes,0.620973856763215,Medium
2024-BASKD,Female,0,No,No,1,Month-to-month,Mailed check,Fiber optic,74.6,74.6,Yes,0.6104889776074673,Medium
5845-BZZIB,Male,0,Yes,Yes,35,Two year,Mailed check,No,20.1,655.3,No,0.00819938171132703,Low
1140-UKVZG,Female,0,No,No,17,Month-to-month,Mailed check,No,24.8,475.25,No,0.12549449449553904,Low
4160-AMJTL,Female,1,No,No,8,Month-to-month,Electronic check,No,19.65,164.3,Yes,0.23593594873017212,Low
5183-SNMJQ,Male,0,No,No,10,Month-to-month,Credit card (automatic),Fiber optic,95.1,865.1,No,0.5465160564534517,Medium
8100-PNJMH,Male,0,Yes,Yes,68,Two year,Credit card (automatic),DSL,88.85,6132.7,No,0.01342230882375055,Low
7838-LAZFO,Male,0,Yes,No,45,One year,Bank transfer (automatic),DSL,78.8,3597.5,No,0.04954893264854271,Low
4464-JCOLN,Male,0,Yes,Yes,2,One year,Mailed check,No,19.85,35.9,Yes,0.09231294885448751,Low
2085-JVGAD,Male,0,Yes,No,37,Month-to-month,Bank transfer (automatic),No,20.35,697.65,No,0.03738866266077914,Low
5650-VDUDS,Female,0,No,No,4,Month-to-month,Mailed check,DSL,24.25,96.05,Yes,0.5538425583599618,Medium
8095-WANWK,Female,0,No,No,10,Month-to-month,Mailed check,DSL,45.25,428.7,No,0.26949202296709646,Low
3030-ZKIWL,Male,0,No,No,1,Month-to-month,Mailed check,No,20.05,20.05,No,0.19774775463865238,Low
9565-FLVCG,Male,0,Yes,Yes,65,Two year,Mailed check,DSL,69.55,4459.15,No,0.012391368469294091,Low
8755-OGKNA,Female,0,Yes,Yes,57,Two year,Bank transfer (automatic),No,19.5,1167.6,No,0.002859617455809542,Low
2800-VEQXM,Female,0,No,No,3,Month-to-month,Mailed check,Fiber optic,74.75,238.1,No,0.5949168663127572,Medium
7538-GWHML,Female,0,No,No,2,Month-to-month,Electronic check,Fiber optic,69.65,145.15,Yes,0.6186876549608027,Medium
5533-RJFTJ,Male,0,No,No,49,Month-to-month,Bank transfer (automatic),DSL,30.2,1453.1,No,0.11694882463895322,Low
3859-CVCET,Female,0,No,No,4,Month-to-month,Mailed check,DSL,45.65,191.05,Yes,0.328607646103576,Medium
0214-JHPFW,Female,0,Yes,No,70,Two year,Bank transfer (automatic),DSL,57.8,4039.3,No,0.012358771143295297,Low
5642-MHDQT,Female,0,Yes,Yes,53,One year,Bank transfer (automatic),No,19.85,1039.45,No,0.01041984257112668,Low
3088-FVYWK,Male,0,Yes,Yes,53,Two year,Credit card (automatic),No,25.55,1336.1,No,0.004383183478271524,Low
3276-HDUEG,Female,0,No,No,1,Month-to-month,Mailed check,Fiber optic,75.05,75.05,Yes,0.6785830675820079,Medium
9092-GDZKO,Male,0,No,No,22,Month-to-month,Credit card (automatic),No,24.85,493.4,No,0.12631978480216272,Low
0823-HSCDJ,Male,1,No,No,52,Month-to-month,Electronic check,DSL,49.15,2550.9,Yes,0.252710817355766,Low
3729-OWRVL,Male,1,No,No,65,Two year,Electronic check,Fiber optic,110.35,7246.15,No,0.11079836237657303,Low
2324-AALNO,Female,0,No,No,48,One year,Bank transfer (automatic),No,24.55,1203.95,No,0.015373045597904601,Low
0822-GAVAP,Female,0,No,No,2,Month-to-month,Electronic check,DSL,34.7,62.25,Yes,0.7084430115648108,High
5760-IFJOZ,Male,0,No,No,3,Month-to-month,Mailed check,Fiber optic,107.95,313.6,No,0.6258621635858957,Medium
2826-UWHIS,Male,0,Yes,No,45,Month-to-month,Bank transfer (automatic),Fiber optic,81.4,3775.85,No,0.24096364497592587,Low
1448-PWKYE,Male,0,Yes,Yes,1,Month-to-month,Electronic check,Fiber optic,80.0,80.0,Yes,0.6332756427943717,Medium
7501-IWUNG,Female,0,Yes,Yes,61,Two year,Bank transfer (automatic),DSL,73.8,4616.05,No,0.01950913808323172,Low
4957-TREIR,Male,0,No,No,3,Month-to-month,Credit card (automatic),DSL,64.4,195.65,No,0.2771244121395932,Low
7251-LJBQN,Female,1,No,No,40,One year,Credit card (automatic),Fiber optic,103.75,4188.4,No,0.310705768943499,Medium
8040-MNRTF,Female,0,No,No,1,Month-to-month,Mailed check,Fiber optic,71.1,71.1,No,0.5421516638566187,Medium
1536-HBSWP,Female,0,No,No,1,Month-to-month,Electronic check,DSL,49.9,49.9,No,0.43636092919882397,Medium
5313-FPXWG,Male,0,No,No,51,One year,Bank transfer (automatic),No,24.6,1266.4,No,0.01808940193290806,Low
0067-DKWBL,Male,1,No,No,2,Month-to-month,Electronic check,DSL,49.25,91.1,Yes,0.46372354635057456,Medium
0946-FKYTX,Male,0,No,No,52,One year,Mailed check,DSL,30.1,1623.4,No,0.03383962072997687,Low
5076-YVXCM,Male,0,No,No,51,Month-to-month,Bank transfer (automatic),Fiber optic,83.4,4149.45,No,0.2618056226451496,Low
8262-COGGB,Male,0,No,No,1,Month-to-month,Mailed check,No,20.45,20.45,No,0.2589740594231722,Low
6663-JOCQO,Male,0,Yes,Yes,31,One year,Bank transfer (automatic),DSL,75.25,2344.5,No,0.06967211233379364,Low
9620-QJREV,Male,0,No,Yes,47,One year,Credit card (automatic),No,20.55,1013.05,No,0.009381809327618625,Low
2276-YDAVZ,Female,0,No,No,3,Month-to-month,Credit card (automatic),Fiber optic,75.1,270.7,Yes,0.6606373556499704,Medium
2682-KEVRP,Female,1,No,No,22,One year,Mailed check,No,20.05,417.0,No,0.068338099808777,Low
2480-JZOSN,Female,0,Yes,No,1,Month-to-month,Mailed check,No,20.65,20.65,No,0.2641787429030594,Low
0078-XZMHT,Male,0,Yes,No,72,Two year,Bank transfer (automatic),DSL,85.15,6316.2,No,0.02148399668319176,Low
5896-NPFWW,Male,0,Yes,Yes,3,Month-to-month,Electronic check,DSL,50.15,168.15,Yes,0.45285535214217637,Medium
9978-HYCIN,Male,1,Yes,Yes,47,One year,Bank transfer (automatic),Fiber optic,84.95,4018.05,No,0.17820650186789552,Low
8338-QIUNR,Male,0,Yes,Yes,72,Two year,Credit card (automatic),DSL,66.5,4811.6,No,0.005818038374266868,Low
1525-LNLOJ,Male,0,Yes,Yes,66,Two year,Bank transfer (automatic),DSL,63.3,4189.7,No,0.0187520477008788,Low
9450-TRJUU,Male,0,No,No,35,Month-to-month,Electronic check,Fiber optic,83.15,2848.45,No,0.4460901923593826,Medium
1766-GKNMI,Male,0,No,No,29,Month-to-month,Electronic check,Fiber optic,84.9,2516.2,No,0.5996065355729188,Medium
6942-LBFDP,Female,0,No,No,2,Month-to-month,Mailed check,No,20.55,33.6,No,0.25303228472962147,Low
1456-TWCGB,Male,0,No,No,4,Month-to-month,Mailed check,DSL,49.25,208.45,No,0.28497347570111836,Low
7133-VBDCG,Female,0,No,No,25,Month-to-month,Bank transfer (automatic),Fiber optic,79.85,2015.35,Yes,0.3071303705339631,Medium
7596-ZYWBB,Female,0,No,No,65,Two year,Mailed check,DSL,59.6,3739.8,No,0.0052507750911808156,Low
8329-UTMVM,Male,1,No,No,27,One year,Bank transfer (automatic),Fiber optic,104.65,2964.0,No,0.3851418046032879,Medium
3014-WJKSM,Male,0,Yes,No,29,Month-to-month,Credit card (automatic),Fiber optic,75.3,2263.4,No,0.3656491825206511,Medium
3347-YJZZE,Male,0,Yes,Yes,29,Month-to-month,Credit card (automatic),DSL,80.1,2211.8,No,0.2037647233041081,Low
1029-QFBEN,Male,0,No,No,1,Month-to-month,Mailed check,No,19.55,19.55,Yes,0.1970645145855586,Low
7929-DMBCV,Female,0,Yes,No,20,Month-to-month,Mailed check,Fiber optic,81.0,1683.7,No,0.37174056014228213,Medium
9661-JALZV,Female,0,No,No,58,Two year,Credit card (automatic),No,24.7,1519.0,No,0.005777906096117852,Low
5433-KYGHE,Female,0,No,Yes,14,Month-to-month,Mailed check,Fiber optic,86.0,1164.05,No,0.3539054213256099,Medium
4312-KFRXN,Male,0,Yes,No,72,Two year,Mailed check,No,25.4,1710.9,No,0.0019259857479326408,Low
5575-TPIZQ,Male,0,No,No,46,Month-to-month,Credit card (automatic),Fiber optic,89.15,4245.55,No,0.2975260772073617,Low
0114-IGABW,Female,0,Yes,No,71,Two year,Bank transfer (automatic),DSL,58.25,4145.9,No,0.012099199737319514,Low
9944-AEXBM,Male,0,No,No,32,Month-to-month,Bank transfer (automatic),Fiber optic,85.65,2664.3,No,0.49478825133552623,Medium
1853-ARAAQ,Female,0,No,No,26,Month-to-month,Credit card (automatic),DSL,50.35,1277.5,No,0.4024481020012352,Medium
6952-OMNWB,Male,1,Yes,No,68,Month-to-month,Credit card (automatic),Fiber optic,80.35,5589.3,No,0.20623588137229193,Low
4697-LUPSU,Male,0,Yes,Yes,2,One year,Mailed check,No,20.2,34.75,No,0.0925260747167836,Low
8434-VGEQQ,Male,0,Yes,Yes,61,Two year,Credit card (automatic),No,20.55,1305.95,No,0.0021317334766566515,Low
4952-YSOGZ,Female,0,Yes,Yes,4,Month-to-month,Electronic check,Fiber optic,85.95,381.3,Yes,0.7467398597884558,High
1589-AGTLK,Male,0,No,No,3,Month-to-month,Electronic check,DSL,45.35,141.5,Yes,0.5029346847214483,Medium
5244-IRFIH,Male,1,Yes,No,33,Month-to-month,Electronic check,Fiber optic,94.5,3105.55,Yes,0.6796136732908576,Medium
6549-YMFAW,Male,1,Yes,No,9,Month-to-month,Mailed check,No,21.25,204.55,No,0.22342648063479129,Low
4950-HKQTE,Female,0,No,No,22,Two year,Mailed check,No,26.25,605.9,No,0.026197504690162986,Low
6786-OBWQR,Female,0,Yes,Yes,5,Month-to-month,Electronic check,Fiber optic,80.85,356.1,No,0.6818686299801636,Medium
2684-EIWEO,Female,1,No,No,30,Month-to-month,Credit card (automatic),Fiber optic,91.7,2758.15,Yes,0.29043224908461496,Low
2753-JMMCV,Male,0,No,No,65,Two year,Credit card (automatic),DSL,74.2,4805.65,No,0.015214680503315326,Low
6439-GTPCA,Female,0,No,No,45,Month-to-month,Electronic check,Fiber optic,87.25,3941.7,Yes,0.33753798361887927,Medium
6621-YOBKI,Male,0,No,No,5,Month-to-month,Mailed check,No,20.35,92.75,No,0.16637966087594214,Low
1216-JWVUX,Male,0,Yes,Yes,25,Month-to-month,Electronic check,Fiber optic,75.5,1901.05,No,0.4211020636661793,Medium
7564-GHCVB,Female,0,Yes,Yes,72,Two year,Bank transfer (automatic),Fiber optic,79.05,5730.7,No,0.019204811576421163,Low
1173-NOEYG,Female,0,Yes,No,27,Month-to-month,Bank transfer (automatic),Fiber optic,90.15,2423.4,No,0.4550598319109461,Medium
7595-EHCDL,Male,0,Yes,Yes,32,Month-to-month,Credit card (automatic),DSL,50.6,1653.45,No,0.24032224628872026,Low
6647-ZEDXT,Female,0,No,No,30,One year,Credit card (automatic),Fiber optic,110.45,3327.05,No,0.2317056451973916,Low
2521-NPUZR,Male,0,Yes,No,70,Two year,Credit card (automatic),Fiber optic,101.0,7085.5,No,0.018514833948248807,Low
1307-TVUFB,Male,1,No,No,42,Month-to-month,Bank transfer (automatic),Fiber optic,79.35,3344.1,No,0.3613322103294321,Medium
7503-MIOGA,Female,1,Yes,No,72,Two year,Bank transfer (automatic),DSL,89.85,6697.35,No,0.02047332997473743,Low
4381-MHQDC,Female,0,No,No,47,Two year,Mailed check,DSL,65.0,2879.9,No,0.0165128817004497,Low
6923-JHPMP,Female,0,No,No,2,Month-to-month,Electronic check,Fiber optic,80.45,137.1,No,0.5932151180849335,Medium
5138-WVKYJ,Male,0,No,No,10,Month-to-month,Electronic check,Fiber optic,98.55,1008.55,Yes,0.6166877514135651,Medium
4018-PPNDW,Female,0,Yes,Yes,61,Two year,Mailed check,No,24.1,1551.6,No,0.004285186617391956,Low
1635-FJFCC,Female,0,No,No,5,Month-to-month,Credit card (automatic),DSL,44.05,202.15,No,0.3862141660186793,Medium
2499-AJYUA,Female,1,Yes,No,72,Two year,Credit card (automatic),Fiber optic,110.8,7882.25,No,0.0811132965518434,Low
6919-ELBGL,Male,1,Yes,Yes,72,Two year,Bank transfer (automatic),Fiber optic,114.95,8196.4,No,0.055819838730446256,Low
3966-HRMZA,Female,1,No,No,3,Month-to-month,Mailed check,Fiber optic,75.05,202.9,No,0.5600439668795077,Medium
6425-JWTDV,Male,0,Yes,No,48,Two year,Mailed check,No,19.25,855.1,No,0.0047151958852001295,Low
8405-IGQFX,Female,0,No,No,63,One year,Credit card (automatic),Fiber optic,90.05,5817.0,No,0.0929965162214958,Low
8224-IVVPA,Female,0,No,No,27,Month-to-month,Mailed check,DSL,56.7,1652.95,No,0.13770360294461906,Low
9477-LGWQI,Male,0,Yes,Yes,70,Two year,Credit card (automatic),DSL,80.15,5600.15,No,0.011676114734621162,Low
1410-RSCMR,Male,0,Yes,Yes,7,Month-to-month,Credit card (automatic),DSL,71.35,515.75,No,0.2185378083587647,Low
3115-CZMZD,Male,0,No,Yes,0,Two year,Mailed check,No,20.25,1397.475,No,0.07664991097454577,Low
0139-IVFJG,Female,0,Yes,No,2,Month-to-month,Electronic check,Fiber optic,90.35,190.5,No,0.5285837158277461,Medium
6683-VLCTZ,Male,1,No,No,20,Month-to-month,Electronic check,Fiber optic,98.55,1842.8,Yes,0.7417393552559688,High
5730-DBDSI,Male,0,No,No,66,Two year,Bank transfer (automatic),No,19.7,1253.8,No,0.0019715946731000368,Low
0030-FNXPP,Female,0,No,No,3,Month-to-month,Mailed check,No,19.85,57.2,No,0.1845745998830209,Low
2189-WWOEW,Female,0,No,Yes,15,Month-to-month,Bank transfer (automatic),Fiber optic,85.9,1269.55,Yes,0.49839794005650817,Medium
5684-FJVYR,Female,0,Yes,Yes,72,Two year,Bank transfer (automatic),Fiber optic,90.35,6563.4,No,0.02055291271030463,Low
4013-GUXND,Male,0,No,No,1,Month-to-month,Mailed check,No,20.8,20.8,No,0.1987759588353946,Low
1894-IGFSG,Female,0,No,No,22,Month-to-month,Electronic check,Fiber optic,89.25,1907.85,Yes,0.5604543334616895,Medium
7379-POKDZ,Male,0,Yes,No,3,Month-to-month,Electronic check,Fiber optic,70.3,208.85,Yes,0.6846997493267222,Medium
1266-NZYUI,Female,0,Yes,Yes,72,Two year,Bank transfer (automatic),DSL,66.85,4758.8,No,0.004541286050742167,Low
7969-FFOWG,Male,0,Yes,Yes,65,Two year,Mailed check,No,19.9,1292.6,No,0.0017099891419501399,Low
4718-DHSMV,Female,0,No,No,11,Month-to-month,Mailed check,DSL,35.8,363.15,No,0.5216697503141062,Medium
5175-WLYXL,Male,0,No,No,22,Month-to-month,Mailed check,Fiber optic,78.85,1600.25,No,0.44545612882934316,Medium
7817-OMJNA,Male,0,No,No,14,One year,Bank transfer (automatic),No,20.4,275.7,No,0.0630254410953532,Low
8728-SKJLR,Male,0,No,No,41,Month-to-month,Electronic check,Fiber optic,74.25,3089.1,No,0.28027645380032445,Low
3137-NYQQI,Male,0,Yes,No,17,One year,Mailed check,DSL,64.8,1175.6,No,0.09492192339943016,Low
7706-DZNKK,Male,0,No,No,11,Month-to-month,Credit card (automatic),No,20.45,237.3,No,0.16804481971351903,Low
0236-HFWSV,Male,0,No,No,15,Month-to-month,Electronic check,Fiber optic,93.35,1444.65,Yes,0.7436486000862312,High
3900-AQPHZ,Female,0,No,No,1,Month-to-month,Mailed check,No,19.9,19.9,Yes,0.2012082097143453,Low
5842-POCOP,Female,0,Yes,No,5,Month-to-month,Mailed check,Fiber optic,88.9,454.15,Yes,0.5312501024910514,Medium
2037-XJFUP,Male,0,Yes,No,33,One year,Electronic check,Fiber optic,95.8,3036.75,Yes,0.3916709281564314,Medium
8823-RLPWL,Female,0,Yes,No,72,Two year,Credit card (automatic),Fiber optic,110.65,8065.65,No,0.0686285021159571,Low
9505-SQFSW,Female,0,Yes,Yes,3,Month-to-month,Mailed check,DSL,40.3,92.5,No,0.4513704362095262,Medium
7314-OXENN,Male,0,No,No,2,Month-to-month,Electronic check,Fiber optic,82.0,184.65,Yes,0.7114544339469939,High
3758-CKOQL,Female,0,Yes,No,59,One year,Credit card (automatic),Fiber optic,107.0,6152.3,No,0.09590300874475473,Low
0322-CHQRU,Male,0,No,No,2,Month-to-month,Electronic check,DSL,45.35,89.5,Yes,0.4276816537665543,Medium
5676-CFLYY,Male,0,Yes,Yes,71,Two year,Credit card (automatic),DSL,73.35,5154.5,No,0.010209505596713023,Low
7521-AFHAB,Female,0,Yes,Yes,5,Month-to-month,Mailed check,DSL,44.8,220.45,No,0.28391905660054945,Low
0285-INHLN,Male,0,Yes,Yes,27,Month-to-month,Credit card (automatic),DSL,54.75,1510.3,No,0.10925888156324558,Low
4678-DVQEO,Female,0,No,No,1,Month-to-month,Electronic check,DSL,52.2,52.2,Yes,0.44124583634681114,Medium
5125-CNDSP,Male,0,No,Yes,63,One year,Bank transfer (automatic),DSL,40.6,2588.95,No,0.014516803894873854,Low
0691-IFBQW,Female,1,No,No,46,One year,Electronic check,Fiber optic,110.0,4874.8,Yes,0.32353716620580236,Medium
4992-LTJNE,Male,0,Yes,Yes,72,Two year,Bank transfer (automatic),DSL,55.3,3983.6,No,0.005258281026256175,Low
2202-OUTMO,Female,0,Yes,No,34,Month-to-month,Bank transfer (automatic),DSL,60.85,2003.6,No,0.11512177742019712,Low
0810-BDHAW,Female,0,Yes,Yes,24,One year,Electronic check,DSL,78.4,1832.4,No,0.14001218616506547,Low
0229-LFJAF,Male,0,No,No,72,Two year,Bank transfer (automatic),DSL,69.65,4908.25,No,0.004468272291912029,Low
7131-ZQZNK,Female,0,Yes,Yes,60,Two year,Credit card (automatic),DSL,59.85,3590.2,No,0.0123112736971328,Low
3442-ZHHCC,Male,0,No,No,68,One year,Credit card (automatic),DSL,76.9,5023.0,No,0.028573115752342313,Low
5726-CVNYA,Female,0,Yes,Yes,8,Two year,Mailed check,No,19.85,146.6,No,0.04774077577334115,Low
9871-ELEYA,Female,0,No,Yes,34,Two year,Credit card (automatic),DSL,67.65,2339.3,No,0.016468447850803265,Low
4257-GAESD,Female,0,No,No,6,Month-to-month,Credit card (automatic),DSL,45.0,298.7,No,0.5453666011432162,Medium
5173-WXOQV,Male,0,Yes,No,2,Month-to-month,Mailed check,DSL,64.2,143.65,No,0.3422905983981584,Medium
2040-OBMLJ,Male,0,No,No,31,One year,Credit card (automatic),Fiber optic,81.7,2548.65,No,0.15808250646916217,Low
6286-ZHAOK,Female,0,Yes,Yes,20,Month-to-month,Bank transfer (automatic),No,25.55,507.4,No,0.1360545324583416,Low
3807-XHCJH,Female,0,Yes,Yes,1,Month-to-month,Electronic check,No,20.0,20.0,No,0.23703165528334857,Low
3009-JWMPU,Male,0,No,No,62,One year,Electronic check,Fiber optic,96.75,6125.4,Yes,0.27515784925306985,Low
5671-RQRLP,Female,1,Yes,No,70,Two year,Credit card (automatic),Fiber optic,75.65,5411.4,No,0.053389802620499686,Low
1450-GALXR,Female,0,No,No,10,Month-to-month,Electronic check,Fiber optic,98.5,1058.25,Yes,0.7080567210492402,High
8859-AXJZP,Male,0,Yes,Yes,39,Two year,Mailed check,No,23.8,903.8,No,0.012393520316790268,Low
3174-AKMAS,Female,0,Yes,No,46,Two year,Credit card (automatic),DSL,64.2,3009.5,No,0.0221065949912927,Low
3138-BKYAV,Male,0,No,No,6,Month-to-month,Electronic check,Fiber optic,85.35,489.45,Yes,0.6672787386328503,Medium
9926-PJHDQ,Female,0,Yes,Yes,72,Two year,Bank transfer (automatic),DSL,76.8,5468.45,No,0.025194955729517358,Low
7382-DFJTU,Male,0,No,No,18,Month-to-month,Credit card (automatic),DSL,55.2,1058.1,No,0.14815799936452598,Low
2798-NYLMZ,Male,0,Yes,No,71,Two year,Credit card (automatic),Fiber optic,108.55,7616.0,No,0.05058896531967744,Low
4289-DTDKW,Male,0,Yes,No,40,Month-to-month,Electronic check,Fiber optic,101.3,4113.1,Yes,0.5709707347934095,Medium
1820-TQVEV,Male,0,No,No,1,Month-to-month,Electronic check,Fiber optic,69.55,69.55,Yes,0.6986675719544925,Medium
2239-JALAW,Male,0,No,No,58,One year,Bank transfer (automatic),Fiber optic,103.25,6017.65,Yes,0.22606544137554774,Low
4853-RULSV,Male,0,No,No,70,Two year,Credit card (automatic),Fiber optic,104.0,7250.15,Yes,0.05049789576286066,Low
8098-TDCBU,Female,0,Yes,No,42,Two year,Electronic check,No,25.25,1108.2,No,0.013618615294954084,Low
3551-GAEGL,Male,0,Yes,Yes,34,One year,Bank transfer (automatic),DSL,30.4,938.65,No,0.056262241735220556,Low
4785-NKHCX,Male,1,No,No,5,Month-to-month,Bank transfer (automatic),No,20.05,94.15,No,0.2074989040275453,Low
3196-NVXLZ,Female,0,No,No,25,Month-to-month,Mailed check,Fiber optic,84.6,2088.05,No,0.5377277621052021,Medium
6275-YDUVO,Female,0,No,No,2,Month-to-month,Mailed check,Fiber optic,86.2,178.7,Yes,0.6534669572474598,Medium
0036-IHMOT,Female,0,Yes,Yes,55,One year,Bank transfer (automatic),Fiber optic,103.7,5656.75,No,0.12884011981910246,Low
0115-TFERT,Male,0,Yes,No,21,Month-to-month,Electronic check,Fiber optic,111.2,2317.1,Yes,0.6004412059090941,Medium
4178-EGMON,Male,0,Yes,No,70,Two year,Credit card (automatic),Fiber optic,88.0,5986.45,No,0.019773107535031302,Low
4220-TINQT,Female,0,Yes,No,61,Month-to-month,Electronic check,Fiber optic,106.35,6751.35,No,0.4141177707578843,Medium
5318-YKDPV,Male,0,Yes,Yes,43,Two year,Credit card (automatic),DSL,79.15,3566.6,No,0.024213925006382725,Low
7975-TZMLR,Male,0,No,No,47,One year,Electronic check,Fiber optic,103.1,4889.3,No,0.3452960031193634,Medium
0295-QVKPB,Male,0,No,No,5,Month-to-month,Credit card (automatic),DSL,63.95,318.1,No,0.33329019147770744,Medium
4335-BSMJS,Female,0,No,No,62,Two year,Credit card (automatic),No,25.8,1563.95,No,0.004673382088428351,Low
2311-QYMUQ,Female,0,Yes,Yes,16,Month-to-month,Credit card (automatic),Fiber optic,89.45,1430.25,Yes,0.4559690499592969,Medium
3643-AHCFP,Male,1,Yes,No,7,Month-to-month,Bank transfer (automatic),Fiber optic,95.6,644.35,Yes,0.7712489560232533,High
9146-JRIOX,Female,0,Yes,Yes,14,Month-to-month,Mailed check,No,25.55,372.45,No,0.1251974493439082,Low
3104-OWCGK,Male,0,Yes,Yes,60,One year,Electronic check,Fiber optic,90.95,5453.4,Yes,0.10499418412860029,Low
5337-IIWKZ,Male,0,Yes,Yes,34,Month-to-month,Electronic check,DSL,44.85,1442.6,No,0.23457626307540247,Low
9101-BWFSS,Female,0,Yes,No,50,One year,Electronic check,Fiber optic,108.55,5610.7,Yes,0.16398317690150224,Low
9650-VBUOG,Male,0,Yes,Yes,38,Two year,Credit card (automatic),No,25.05,963.95,No,0.00937244553854403,Low
3487-EARAT,Female,0,Yes,Yes,70,One year,Credit card (automatic),DSL,74.1,5222.3,No,0.009039849968391958,Low
2672-TGEFF,Female,0,Yes,Yes,37,Month-to-month,Electronic check,Fiber optic,88.8,3340.55,No,0.46650349970498584,Medium
9231-ZJYAM,Female,1,No,No,4,Month-to-month,Electronic check,Fiber optic,78.85,292.8,Yes,0.7594965057766546,High
4250-WAROZ,Male,1,Yes,Yes,60,Month-to-month,Electronic check,Fiber optic,93.25,5774.55,No,0.2833571813085779,Low
8184-WMOFI,Male,0,Yes,Yes,62,One year,Credit card (automatic),DSL,71.4,4487.3,No,0.013584215469926308,Low
6982-SSHFK,Male,0,No,No,1,Month-to-month,Mailed check,DSL,44.4,44.4,Yes,0.3504630910037892,Medium
6092-QZVPP,Male,0,No,No,36,Month-to-month,Credit card (automatic),DSL,79.2,2854.95,No,0.12756474730801762,Low
4625-LAMOB,Male,0,No,No,44,Two year,Credit card (automatic),No,20.4,905.55,No,0.005954388639534903,Low
0727-BMPLR,Female,1,No,No,55,One year,Electronic check,Fiber optic,100.0,5509.3,Yes,0.3800783701818125,Medium
0392-BZIUW,Female,0,Yes,No,72,Two year,Credit card (automatic),Fiber optic,105.0,7589.8,No,0.06988027132535031,Low
1038-ZAGBI,Female,0,Yes,Yes,12,One year,Bank transfer (automatic),No,19.8,229.6,Yes,0.06115739254062609,Low
6549-NNDYT,Female,0,No,No,13,Month-to-month,Bank transfer (automatic),DSL,30.85,394.1,No,0.3661869480489874,Medium
3027-ZTDHO,Male,0,No,No,1,Month-to-month,Electronic check,Fiber optic,89.9,89.9,Yes,0.7746696969524896,High
0422-OHQHQ,Female,0,Yes,Yes,15,One year,Mailed check,No,20.55,295.95,No,0.05004671312605646,Low
6916-HIJSE,Female,0,No,No,65,Two year,Bank transfer (automatic),DSL,84.85,5459.2,No,0.013363713794273119,Low
2316-ESMLS,Female,0,Yes,Yes,12,One year,Credit card (automatic),DSL,33.15,444.75,No,0.10578230938227982,Low
9778-OGKQZ,Male,0,Yes,No,72,Two year,Credit card (automatic),DSL,92.0,6782.15,No,0.015595885998404835,Low
7408-OFWXJ,Female,0,Yes,Yes,72,Two year,Credit card (automatic),DSL,89.8,6510.45,No,0.008761860467092061,Low
6007-TCTST,Female,0,Yes,Yes,72,Two year,Bank transfer (automatic),Fiber optic,115.8,8476.5,No,0.051156621030879146,Low
2252-NKNSI,Male,0,No,Yes,52,Two year,Mailed check,DSL,85.15,4461.85,No,0.021997004755853488,Low
8713-IGZSO,Male,0,No,No,2,Month-to-month,Mailed check,No,24.85,62.0,No,0.23007975012877271,Low
7905-TVXTA,Female,0,No,No,5,Month-to-month,Electronic check,DSL,64.35,352.65,No,0.3505868198268597,Medium
7695-PKLCZ,Female,0,No,No,68,Two year,Credit card (automatic),No,20.5,1424.9,No,0.0017458328605086152,Low
2382-BCKQJ,Female,0,No,Yes,62,One year,Electronic check,Fiber optic,100.15,6413.65,Yes,0.2725769298959491,Low
8374-UULRV,Male,0,No,No,72,Two year,Credit card (automatic),DSL,86.05,6309.65,No,0.009977659815579474,Low
2207-NHRJK,Male,0,No,No,1,Month-to-month,Electronic check,DSL,50.8,50.8,Yes,0.3972091305872195,Medium
3224-DFQNQ,Female,0,Yes,No,66,One year,Electronic check,Fiber optic,89.0,5898.6,No,0.0539183713872473,Low
5275-PMFUT,Male,0,Yes,Yes,72,Two year,Credit card (automatic),DSL,64.8,4719.75,No,0.010057432933031085,Low
4795-UXVCJ,Male,0,No,No,26,One year,Credit card (automatic),No,19.8,457.3,No,0.030947990397015034,Low
9777-IQHWP,Male,0,Yes,Yes,64,Two year,Bank transfer (automatic),Fiber optic,93.4,5822.3,No,0.03505224068424578,Low
0947-MUGVO,Male,1,Yes,No,20,Month-to-month,Electronic check,Fiber optic,73.65,1463.5,Yes,0.5474369319085293,Medium
9944-HKVVB,Female,0,No,No,3,Month-to-month,Electronic check,Fiber optic,95.1,307.4,Yes,0.7376958471106619,High
4124-MMETB,Male,0,No,No,22,Month-to-month,Credit card (automatic),Fiber optic,94.65,2104.55,Yes,0.6186030773060445,Medium
3671-SHRSP,Male,0,Yes,No,4,Month-to-month,Mailed check,Fiber optic,80.6,319.15,Yes,0.4903065669274725,Medium
0979-MOZQI,Male,0,Yes,No,62,Two year,Bank transfer (automatic),DSL,39.0,2337.45,No,0.016557517980119524,Low
2732-ISEZX,Female,0,No,No,5,Month-to-month,Mailed check,No,20.5,104.3,No,0.22479417244142588,Low
3313-QKNKB,Male,0,Yes,No,59,One year,Electronic check,Fiber optic,85.55,5084.65,Yes,0.1726041592815311,Low
0323-XWWTN,Male,0,No,Yes,3,Two year,Mailed check,No,26.4,121.25,No,0.0774492877579131,Low
1937-OTUKY,Female,0,Yes,No,72,Two year,Bank transfer (automatic),Fiber optic,98.2,7015.9,No,0.036527896894332175,Low
1573-LGXBA,Male,0,Yes,Yes,57,One year,Credit card (automatic),Fiber optic,97.55,5598.0,No,0.14278718680369254,Low
1764-VUUMT,Male,0,No,Yes,66,Two year,Credit card (automatic),No,19.95,1269.1,No,0.0015567966410875175,Low
5073-WXOYN,Female,0,No,No,60,Month-to-month,Electronic check,DSL,50.8,3027.4,Yes,0.1707083815563101,Low
4713-ZBURT,Male,0,No,Yes,45,Two year,Bank transfer (automatic),Fiber optic,99.7,4634.35,No,0.12224914689484205,Low
3050-GBUSH,Female,0,No,No,3,Month-to-month,Credit card (automatic),DSL,34.8,113.95,No,0.6099248696599917,Medium
0207-MDKNV,Female,0,No,No,15,Month-to-month,Electronic check,Fiber optic,105.1,1582.75,Yes,0.43247116200024105,Medium
7876-AEHIG,Female,0,No,Yes,51,One year,Bank transfer (automatic),DSL,60.15,3077.0,No,0.040243935006860417,Low
7945-HLKEA,Female,0,No,No,60,One year,Electronic check,DSL,64.75,4039.5,No,0.023754226126657414,Low
9342-VNIMQ,Male,0,No,No,33,Month-to-month,Bank transfer (automatic),DSL,54.65,1665.2,No,0.1793077017619887,Low
9851-KIELU,Male,0,No,No,10,Month-to-month,Electronic check,Fiber optic,110.1,1043.3,Yes,0.49965794080745357,Medium
3523-BRGUW,Male,1,No,No,26,One year,Credit card (automatic),No,19.3,504.2,No,0.03835276407985535,Low
3908-BLSYF,Female,0,No,No,6,Month-to-month,Electronic check,Fiber optic,83.9,497.55,Yes,0.6217502727009747,Medium
3199-NPKCN,Female,0,Yes,No,67,One year,Electronic check,Fiber optic,111.25,7511.65,No,0.1766855928416991,Low
5170-PTRKA,Female,0,Yes,Yes,49,One year,Credit card (automatic),DSL,35.8,1782.0,No,0.02845300839391497,Low
4661-NJEUX,Male,0,No,No,1,Month-to-month,Mailed check,No,20.05,20.05,No,0.258312550891855,Low
2123-AGEEN,Female,1,No,No,7,Month-to-month,Electronic check,Fiber optic,84.35,609.65,No,0.7356507548813407,High
1258-YMZNM,Female,1,No,No,27,One year,Bank transfer (automatic),Fiber optic,110.5,2857.6,No,0.36539757657272104,Medium
0048-LUMLS,Male,0,Yes,Yes,37,One year,Credit card (automatic),Fiber optic,91.2,3247.55,No,0.19117900911097924,Low
7549-MYGPK,Female,0,Yes,Yes,63,Month-to-month,Electronic check,Fiber optic,100.55,6215.35,Yes,0.23162575114024525,Low
5898-IGSLP,Male,0,Yes,Yes,31,Month-to-month,Electronic check,Fiber optic,89.3,2823.0,No,0.24022449298392037,Low
3804-RVTGV,Male,0,Yes,Yes,50,Month-to-month,Bank transfer (automatic),Fiber optic,103.85,5017.9,Yes,0.3661774217845373,Medium
6259-WJQLC,Male,1,No,No,32,Month-to-month,Credit card (automatic),Fiber optic,81.1,2619.25,No,0.46026270451335316,Medium
9227-LUNBG,Female,0,No,No,1,Month-to-month,Electronic check,DSL,24.6,24.6,Yes,0.5964848248522205,Medium
7997-EASSD,Female,0,Yes,No,63,One year,Credit card (automatic),Fiber optic,81.2,4965.1,No,0.080918165251911,Low
0730-KOAVE,Male,0,No,No,30,Month-to-month,Credit card (automatic),Fiber optic,94.3,2679.7,No,0.3600250093295041,Medium
8975-SKGRX,Male,0,Yes,No,71,Two year,Bank transfer (automatic),Fiber optic,116.1,8310.55,No,0.05849680155791092,Low
0678-RLHVP,Female,0,No,No,53,Two year,Electronic check,Fiber optic,105.55,5682.25,No,0.1417526350158887,Low
4315-MURBD,Female,0,No,No,12,Month-to-month,Bank transfer (automatic),Fiber optic,98.9,1120.95,Yes,0.4620278496975181,Medium
2267-FPIMA,Male,0,Yes,No,50,Month-to-month,Credit card (automatic),Fiber optic,94.4,4914.9,No,0.26040902048012904,Low
1051-GEJLJ,Female,0,No,No,2,Month-to-month,Mailed check,No,19.5,27.55,No,0.19172711800997178,Low
9734-YWGEX,Female,0,No,No,9,Month-to-month,Credit card (automatic),Fiber optic,98.3,923.5,Yes,0.6198479768124295,Medium
2719-BDAQO,Male,0,No,No,17,Month-to-month,Electronic check,Fiber optic,93.85,1625.65,Yes,0.5050607065347721,Medium
5285-MVEHD,Female,0,Yes,No,56,One year,Credit card (automatic),Fiber optic,105.6,6068.65,No,0.14412491581915732,Low
0379-DJQHR,Male,0,Yes,Yes,67,Two year,Credit card (automatic),DSL,81.35,5398.6,No,0.00937002855205045,Low
0781-LKXBR,Male,1,No,No,9,Month-to-month,Electronic check,Fiber optic,100.5,918.6,Yes,0.8065652403155861,High
5543-QDCRY,Male,0,No,No,4,Month-to-month,Electronic check,DSL,56.4,234.85,No,0.5443464299247149,Medium
0297-RBCSG,Male,0,No,No,19,One year,Bank transfer (automatic),DSL,65.35,1231.85,No,0.12797895949827298,Low
4694-PHWFW,Female,0,No,Yes,8,Month-to-month,Mailed check,No,19.95,170.9,No,0.13005085402225713,Low
0835-JKADZ,Female,0,No,No,71,Two year,Electronic check,Fiber optic,111.25,7984.15,No,0.10363370169789425,Low
1907-UBQFC,Male,1,No,No,10,Month-to-month,Electronic check,Fiber optic,72.85,688.65,Yes,0.6286491233728753,Medium
7508-SMHXL,Female,1,No,No,15,Month-to-month,Credit card (automatic),Fiber optic,89.0,1288.3,No,0.5367178806225794,Medium
3865-YIOTT,Male,0,Yes,Yes,72,One year,Bank transfer (automatic),Fiber optic,106.1,7848.5,No,0.13797379775565385,Low
5993-BQHEA,Male,0,No,No,12,One year,Credit card (automatic),No,20.05,267.0,No,0.06452406105688843,Low
6024-RUGGH,Male,0,Yes,Yes,72,Two year,Bank transfer (automatic),No,25.2,1798.9,No,0.0025419874944653392,Low
6513-EECDB,Male,1,Yes,No,1,Month-to-month,Electronic check,Fiber optic,73.55,73.55,Yes,0.783747480251717,High
3956-CJUST,Female,1,No,No,23,Month-to-month,Bank transfer (automatic),Fiber optic,75.4,1643.55,No,0.39621165251646273,Medium
4079-WWQQQ,Male,0,No,No,72,Two year,Bank transfer (automatic),DSL,65.55,4807.45,No,0.01320520441546879,Low
6103-BOCOU,Female,0,No,No,26,Month-to-month,Electronic check,Fiber optic,80.7,2193.0,No,0.5637478707284079,Medium
5149-TGWDZ,Female,0,No,No,21,One year,Mailed check,Fiber optic,104.55,2239.4,No,0.2913454846816848,Low
7471-WNSUF,Male,0,Yes,No,60,One year,Bank transfer (automatic),No,24.15,1505.9,No,0.008181453327531183,Low
8942-DBMHZ,Male,0,No,No,12,Month-to-month,Mailed check,No,20.45,255.35,No,0.12205097465651996,Low
4301-VVZKA,Male,0,Yes,No,16,Month-to-month,Electronic check,Fiber optic,75.4,1189.4,No,0.6362914850855148,Medium
9199-PWQVC,Female,0,Yes,No,63,One year,Credit card (automatic),DSL,79.7,4786.15,No,0.044869929311907426,Low
4824-GUCBY,Female,1,No,No,22,Month-to-month,Electronic check,Fiber optic,81.7,1820.9,No,0.3737103948019323,Medium
5393-HJZSM,Female,0,Yes,Yes,32,Month-to-month,Bank transfer (automatic),DSL,76.3,2404.15,No,0.07148019643089129,Low
7074-IEVOJ,Female,1,No,No,3,Month-to-month,Electronic check,Fiber optic,79.4,205.05,Yes,0.7431770947713396,High
9625-QSTYE,Female,0,No,No,13,Month-to-month,Electronic check,Fiber optic,81.15,952.3,Yes,0.55425114655554,Medium
0862-PRCBS,Female,0,Yes,Yes,68,Two year,Credit card (automatic),Fiber optic,103.75,7039.45,No,0.05789456928590026,Low
8812-ZRHFP,Female,0,Yes,Yes,30,One year,Electronic check,Fiber optic,86.45,2538.05,No,0.25317711773311197,Low
5146-CBVOE,Female,0,No,No,16,Month-to-month,Bank transfer (automatic),Fiber optic,75.1,1212.85,No,0.38280697637184535,Medium
0454-OKRCT,Male,0,No,No,33,Two year,Bank transfer (automatic),Fiber optic,80.6,2651.1,No,0.05455576568560278,Low
5787-KXGIY,Male,0,Yes,No,72,Two year,Credit card (automatic),No,19.3,1304.8,No,0.001286648510244276,Low
4750-ZRXIU,Female,1,No,No,4,Month-to-month,Electronic check,Fiber optic,84.6,360.1,Yes,0.8066637389796282,High
4198-VFOEA,Female,0,No,No,12,One year,Mailed check,DSL,33.6,435.45,No,0.16674469259976277,Low
6630-UJZMY,Female,1,Yes,No,4,Month-to-month,Electronic check,Fiber optic,83.25,308.05,No,0.800927586547621,High
5709-LVOEQ,Female,0,Yes,Yes,0,Two year,Mailed check,DSL,80.85,1397.475,No,0.12721486603731372,Low
6400-BWQKW,Female,0,No,No,6,Month-to-month,Electronic check,Fiber optic,79.05,434.5,Yes,0.6266016360304181,Medium
2692-AQCPF,Female,0,Yes,No,65,One year,Credit card (automatic),Fiber optic,108.05,7118.9,No,0.15004038364853328,Low
0347-UBKUZ,Female,0,No,No,15,Month-to-month,Mailed check,No,19.9,320.45,No,0.10797826024137872,Low
0835-DUUIQ,Female,0,No,Yes,24,One year,Bank transfer (automatic),No,21.05,531.55,No,0.03432131435680728,Low
0811-GSDTP,Female,0,No,Yes,13,Month-to-month,Electronic check,DSL,30.15,382.2,No,0.36976193371944627,Medium
7567-ECMCM,Male,0,No,No,24,Month-to-month,Credit card (automatic),Fiber optic,79.85,2001.0,No,0.4767794232621826,Medium
6115-ZTBFQ,Female,0,Yes,No,72,Two year,Bank transfer (automatic),DSL,65.5,4919.7,No,0.009962002966859715,Low
6353-BRMMA,Female,0,Yes,Yes,54,Month-to-month,Bank transfer (automatic),Fiber optic,104.1,5645.8,No,0.2872319783139936,Low
6680-WKXRZ,Female,0,No,No,3,Month-to-month,Bank transfer (automatic),Fiber optic,74.4,215.8,Yes,0.5950169230527841,Medium
6231-WFGFH,Male,0,Yes,Yes,4,Month-to-month,Mailed check,No,20.5,77.6,No,0.20359590823365797,Low
9904-EHEVJ,Female,1,Yes,Yes,32,Month-to-month,Mailed check,Fiber optic,91.35,2896.55,No,0.5031709929226126,Medium
7028-DVOIQ,Male,1,No,No,35,Month-to-month,Electronic check,Fiber optic,99.05,3395.8,Yes,0.6606339343861773,Medium
6169-PPETC,Male,0,Yes,Yes,35,Two year,Bank transfer (automatic),No,20.5,759.35,No,0.009040852317927993,Low
4208-UFFGW,Male,1,No,No,2,Month-to-month,Mailed check,DSL,44.95,85.15,Yes,0.39001882926367787,Medium
8584-KMVXD,Female,0,No,No,8,Month-to-month,Electronic check,Fiber optic,75.6,535.55,No,0.5211754433163149,Medium
8467-WYNSR,Male,0,No,No,22,Month-to-month,Mailed check,DSL,55.1,1253.15,No,0.0955590037871474,Low
0851-DFJKB,Female,0,No,No,15,Month-to-month,Electronic check,DSL,58.95,955.15,No,0.1671212776510421,Low
5382-SOYZL,Male,0,No,No,22,Month-to-month,Electronic check,Fiber optic,95.1,2162.6,No,0.7097079918963646,High
9448-REEVD,Male,0,Yes,No,1,Month-to-month,Credit card (automatic),DSL,44.7,44.7,Yes,0.345775099223663,Medium
3261-CQXOL,Female,0,Yes,Yes,71,Two year,Bank transfer (automatic),No,25.45,1813.35,No,0.0019673219478417206,Low
8388-FYNPZ,Male,0,No,No,4,Month-to-month,Electronic check,DSL,56.75,245.15,No,0.3089707019738523,Medium
4002-BQWPQ,Male,0,No,No,25,Month-to-month,Bank transfer (automatic),DSL,81.75,2028.8,No,0.13068696658807297,Low
5651-YLPRD,Female,0,Yes,Yes,32,Month-to-month,Electronic check,Fiber optic,86.1,2723.75,No,0.43642409593613035,Medium
2826-DXLQO,Male,1,Yes,No,7,Month-to-month,Bank transfer (automatic),DSL,29.8,220.45,No,0.3983047203114871,Medium
4378-BZYFP,Male,0,No,No,17,One year,Mailed check,No,20.5,365.8,No,0.07152225454399935,Low
9489-UTFKA,Male,1,Yes,No,8,Month-to-month,Bank transfer (automatic),DSL,60.9,551.95,No,0.310654187709431,Medium
4849-PYRLQ,Female,1,No,No,56,Two year,Bank transfer (automatic),DSL,73.25,4054.2,No,0.015756702342682793,Low
9117-SHLZX,Male,0,No,No,1,Month-to-month,Mailed check,DSL,45.7,45.7,Yes,0.435334484440411,Medium
9889-TMAHG,Male,1,No,No,8,Month-to-month,Credit card (automatic),Fiber optic,100.3,832.35,Yes,0.44014614588287754,Medium
4541-RMRLG,Male,0,No,No,7,Month-to-month,Electronic check,No,19.25,112.3,Yes,0.20259331414463894,Low
7764-BDPEE,Male,0,No,Yes,3,Month-to-month,Mailed check,No,20.85,60.65,No,0.16040595703091162,Low
3429-IFLEM,Female,0,No,No,71,Two year,Credit card (automatic),DSL,77.35,5550.1,No,0.00528250107959226,Low
3158-MOERK,Female,0,No,No,2,Month-to-month,Electronic check,Fiber optic,96.0,174.8,Yes,0.8137982833733837,High
7294-TMAOP,Female,0,No,No,1,Month-to-month,Electronic check,Fiber optic,90.55,90.55,Yes,0.7145868506709904,High
5002-GCQFH,Male,0,Yes,No,49,Month-to-month,Bank transfer (automatic),Fiber optic,93.85,4733.1,No,0.27480209460232824,Low
0556-FJEGU,Male,0,No,No,58,Two year,Bank transfer (automatic),DSL,70.1,4048.95,No,0.011004121126132343,Low
8919-FYFQZ,Male,1,Yes,No,44,Month-to-month,Electronic check,DSL,30.35,1359.7,Yes,0.2038395964121611,Low
0604-THJFP,Female,0,Yes,Yes,59,Two year,Credit card (automatic),DSL,75.95,4542.35,No,0.01773323386794935,Low
2834-JRTUA,Male,0,No,No,71,Two year,Electronic check,Fiber optic,108.05,7532.15,Yes,0.07062618553722677,Low
5875-YPQFJ,Male,0,No,No,1,Month-to-month,Electronic check,Fiber optic,69.9,69.9,Yes,0.6993027141776107,Medium
5879-SESNB,Female,0,No,No,11,Month-to-month,Electronic check,Fiber optic,75.25,888.65,No,0.606638305258246,Medium
6646-QVXLR,Male,1,Yes,No,62,One year,Electronic check,Fiber optic,103.75,6383.35,Yes,0.3031043598948768,Medium
6461-PPAXN,Female,0,Yes,Yes,35,One year,Bank transfer (automatic),DSL,54.95,1916.0,No,0.03894745727990138,Low
3318-ISQFQ,Female,0,No,No,20,Month-to-month,Bank transfer (automatic),No,19.5,413.0,No,0.12200754818030472,Low
1106-HRLKZ,Male,0,Yes,Yes,40,Two year,Mailed check,No,19.6,808.95,No,0.006390190928971921,Low
2483-XSSMZ,Female,0,No,No,39,One year,Electronic check,DSL,47.85,1886.4,No,0.06666757770549489,Low
8603-IJWDN,Male,0,No,No,1,Month-to-month,Electronic check,Fiber optic,86.6,86.6,Yes,0.7860282859198724,High
8165-ZJRNM,Female,0,Yes,Yes,72,Two year,Bank transfer (automatic),No,23.75,1679.25,No,0.001752205035404552,Low
9369-XFEHK,Female,1,Yes,No,33,Month-to-month,Bank transfer (automatic),Fiber optic,80.6,2656.5,Yes,0.44513059245674735,Medium
2604-XVDAM,Female,0,No,No,12,Month-to-month,Bank transfer (automatic),DSL,43.8,540.95,No,0.26312793016095337,Low
3717-OFRTN,Male,0,No,No,1,Month-to-month,Bank transfer (automatic),No,19.75,19.75,No,0.2073557799718838,Low
9046-JBFWA,Male,0,No,Yes,27,Month-to-month,Mailed check,No,19.15,537.35,No,0.050314740824924827,Low
3280-NMUVX,Male,0,Yes,Yes,34,One year,Credit card (automatic),No,19.6,678.8,No,0.01794555216107704,Low
1206-EHBDD,Female,0,Yes,No,56,Two year,Bank transfer (automatic),Fiber optic,80.3,4513.65,No,0.029266808573009267,Low
8361-LBRDI,Female,0,No,No,58,Two year,Credit card (automatic),No,24.35,1423.85,No,0.003962909449281085,Low
4883-KCPZJ,Female,0,Yes,Yes,22,Two year,Credit card (automatic),No,25.25,555.4,No,0.021474591483855478,Low
9108-EQPNQ,Female,0,Yes,Yes,10,Two year,Credit card (automatic),No,26.1,225.55,No,0.03890280479396265,Low
7277-KAMWT,Male,0,No,No,13,Two year,Credit card (automatic),No,20.0,268.45,No,0.029618202116851015,Low
3842-IYKUE,Female,0,No,No,35,Month-to-month,Credit card (automatic),Fiber optic,85.3,2917.5,Yes,0.2173631777287871,Low
6641-XRPSU,Female,0,No,No,34,Month-to-month,Credit card (automatic),Fiber optic,70.0,2416.1,Yes,0.32607081787544817,Medium
1374-DMZUI,Female,1,No,No,4,Month-to-month,Electronic check,Fiber optic,94.3,424.45,Yes,0.8366240071302178,High
2545-LXYVJ,Male,0,Yes,No,72,Two year,Bank transfer (automatic),No,20.7,1492.1,No,0.0015078546939512297,Low
3234-VKACU,Male,0,No,No,2,Month-to-month,Electronic check,DSL,70.3,132.4,No,0.4329946284743119,Medium
8357-EQXFO,Female,0,No,No,7,Month-to-month,Electronic check,Fiber optic,95.35,660.9,Yes,0.7377660224716617,High
1989-PRJHP,Male,1,Yes,No,27,Month-to-month,Electronic check,Fiber optic,75.5,1893.95,Yes,0.5853945885148685,Medium
8120-JDCAM,Male,0,Yes,Yes,4,Month-to-month,Mailed check,Fiber optic,69.55,284.9,No,0.553706904961862,Medium
8917-FAEMR,Female,0,No,No,37,Two year,Mailed check,No,19.85,784.25,No,0.009030047309074881,Low
7047-YXDMZ,Male,0,No,No,21,Month-to-month,Mailed check,No,20.0,417.7,No,0.0788697925956947,Low
2858-EIMXH,Female,1,Yes,No,53,One year,Credit card (automatic),Fiber optic,95.85,5016.25,No,0.29886123473004506,Low
9524-EGPJC,Female,0,No,No,18,Month-to-month,Electronic check,Fiber optic,90.1,1612.75,Yes,0.6024260448371481,Medium
6993-OHLXR,Female,0,No,No,2,Month-to-month,Electronic check,Fiber optic,68.95,119.75,Yes,0.615402012670994,Medium
8818-XYFCQ,Male,0,Yes,Yes,32,Month-to-month,Credit card (automatic),Fiber optic,99.55,3204.65,Yes,0.421930791706192,Medium
6419-ZTTLE,Male,1,Yes,No,23,One year,Electronic check,No,20.75,485.2,No,0.09093753865609948,Low
0929-HYQEW,Male,0,No,No,3,Month-to-month,Mailed check,DSL,50.15,160.85,No,0.32106823280324115,Medium
6614-YOLAC,Female,0,Yes,Yes,71,Two year,Mailed check,DSL,58.65,4145.25,No,0.00692320574019865,Low
7426-RHZGU,Male,0,No,No,9,Month-to-month,Bank transfer (automatic),Fiber optic,95.9,827.45,No,0.5812775746036548,Medium
4065-JJAVA,Female,0,No,No,1,Month-to-month,Electronic check,DSL,49.5,49.5,No,0.4000263940241914,Medium
4695-VADHF,Male,0,Yes,Yes,18,Month-to-month,Electronic check,DSL,57.45,990.85,Yes,0.27185497607214887,Low
3863-IUBJR,Male,0,Yes,Yes,12,One year,Credit card (automatic),DSL,53.65,696.35,Yes,0.15137182708236993,Low
7649-SIJJF,Male,0,Yes,No,71,Two year,Mailed check,DSL,80.1,5585.4,No,0.009526112037772101,Low
9361-YNQWJ,Female,0,No,No,64,One year,Bank transfer (automatic),No,24.4,1601.2,No,0.009607268237508931,Low
3748-FVMZZ,Male,0,No,No,4,Month-to-month,Electronic check,DSL,40.05,162.45,No,0.5999447434653168,Medium
9391-TTOYH,Female,0,No,No,23,Month-to-month,Mailed check,No,19.5,470.2,No,0.10020417402711665,Low
1452-XRSJV,Female,0,Yes,Yes,39,Month-to-month,Credit card (automatic),DSL,51.05,2066.0,No,0.059131920762115354,Low
3422-WJOYD,Male,0,Yes,No,28,One year,Mailed check,DSL,54.35,1426.45,No,0.03815543884063286,Low
8242-SOQUO,Female,1,No,No,5,Month-to-month,Electronic check,Fiber optic,84.7,392.5,No,0.7217528810744839,High
7460-ITWWP,Female,1,Yes,No,45,Month-to-month,Electronic check,Fiber optic,86.1,3861.45,No,0.4595853069977109,Medium
7147-AYBAA,Male,0,No,No,37,Month-to-month,Mailed check,Fiber optic,70.35,2552.9,No,0.2984825116997899,Low
7868-TMWMZ,Female,1,Yes,No,60,Two year,Bank transfer (automatic),Fiber optic,110.0,6668.35,No,0.0650463463225459,Low
4822-RVYBB,Male,1,No,No,8,Month-to-month,Electronic check,Fiber optic,100.6,819.4,Yes,0.8109598949616031,High
6732-FZUGP,Female,0,No,No,47,One year,Credit card (automatic),Fiber optic,94.9,4615.25,No,0.136256878269485,Low
8436-BJUMM,Male,0,Yes,Yes,26,Month-to-month,Electronic check,Fiber optic,83.75,2070.6,Yes,0.5659410928459623,Medium
4184-TJFAN,Female,1,Yes,Yes,3,Month-to-month,Mailed check,Fiber optic,88.3,273.75,Yes,0.4758997556019614,Medium
8329-GWVPJ,Female,0,Yes,Yes,50,Month-to-month,Bank transfer (automatic),Fiber optic,69.75,3557.7,No,0.20140759472901784,Low
1352-VHKAJ,Male,0,Yes,Yes,27,Month-to-month,Bank transfer (automatic),DSL,71.6,1957.1,No,0.19577302765593502,Low
4145-UQXUQ,Female,1,No,No,8,Month-to-month,Electronic check,Fiber optic,92.1,729.95,Yes,0.7652373243258379,High
2632-TACXW,Female,0,Yes,No,62,Two year,Bank transfer (automatic),No,23.65,1416.75,No,0.0033959676074093114,Low
8146-QQKZH,Female,0,Yes,No,71,Two year,Bank transfer (automatic),DSL,81.85,5924.4,No,0.009386135843024503,Low
1767-CJKBA,Male,0,No,No,66,Two year,Mailed check,No,25.1,1697.7,No,0.0027203821323471375,Low
6445-TNRXS,Male,0,Yes,Yes,68,Two year,Bank transfer (automatic),Fiber optic,114.7,7849.85,No,0.05140112924630969,Low
4581-LNWUM,Female,0,No,No,13,Month-to-month,Electronic check,DSL,49.15,649.4,No,0.5514401772251956,Medium
4869-EPIUS,Male,0,Yes,No,56,One year,Electronic check,Fiber optic,80.9,4557.5,No,0.1901380117469958,Low
9948-YPTDG,Male,0,Yes,No,38,Month-to-month,Electronic check,Fiber optic,79.45,3013.05,Yes,0.27118159498147687,Low
1236-WFCDV,Male,1,No,No,14,Month-to-month,Credit card (automatic),Fiber optic,90.45,1266.1,Yes,0.5798939318900533,Medium
1915-OAKWD,Female,0,No,Yes,16,One year,Bank transfer (automatic),No,19.3,360.35,No,0.06997904479086199,Low
7296-PIXQY,Female,0,Yes,Yes,14,Month-to-month,Electronic check,Fiber optic,70.2,1046.5,No,0.4779479905608782,Medium
4883-QICIH,Male,0,Yes,Yes,32,Month-to-month,Bank transfer (automatic),Fiber optic,69.75,2347.9,Yes,0.3272679008489883,Medium
3354-OADJP,Female,0,No,No,8,One year,Bank transfer (automatic),DSL,54.25,447.75,No,0.09335494934747236,Low
3524-WQDSG,Female,0,Yes,Yes,43,Month-to-month,Bank transfer (automatic),Fiber optic,99.3,4209.95,No,0.4529787220843143,Medium
0810-DHDBD,Female,0,No,No,52,One year,Credit card (automatic),DSL,74.0,3877.65,No,0.029267737578303272,Low
4026-SKKHW,Male,0,No,No,3,Month-to-month,Mailed check,DSL,50.25,152.3,No,0.32643355943575736,Medium
2829-HYVZP,Male,0,No,No,29,One year,Mailed check,No,19.8,572.2,No,0.03865046691340102,Low
8329-IBCTI,Female,0,No,No,1,Month-to-month,Mailed check,No,19.65,19.65,Yes,0.2008618825069487,Low
1271-SJBGZ,Male,1,No,No,12,Month-to-month,Electronic check,DSL,43.65,526.95,Yes,0.5482727009093139,Medium
3845-JHAMY,Female,0,Yes,Yes,16,Month-to-month,Credit card (automatic),DSL,35.5,552.7,No,0.42075136820466713,Medium
7013-PSXHK,Female,0,No,No,40,One year,Mailed check,DSL,80.75,3208.65,No,0.11726433422810462,Low
5669-SRAIP,Female,0,No,No,5,Month-to-month,Electronic check,DSL,39.5,210.75,Yes,0.588141660033538,Medium
5981-ITEMU,Male,0,Yes,No,40,Month-to-month,Bank transfer (automatic),Fiber optic,97.1,3706.95,Yes,0.5097348967297952,Medium
3486-NPGST,Female,0,No,No,36,One year,Mailed check,No,19.55,620.75,No,0.01912656261367562,Low
6941-PMGEP,Female,0,No,No,5,Month-to-month,Electronic check,Fiber optic,80.0,412.5,Yes,0.7186658746509602,High
1624-WOIWJ,Female,0,No,No,10,Month-to-month,Mailed check,Fiber optic,84.7,832.05,Yes,0.49928576373018085,Medium
2074-GKOWZ,Male,0,Yes,Yes,2,Month-to-month,Bank transfer (automatic),Fiber optic,89.55,185.55,Yes,0.6789555630536533,Medium
0376-YMCJC,Male,0,No,No,23,Month-to-month,Electronic check,Fiber optic,90.6,1943.2,Yes,0.5486660456467091,Medium
6100-FJZDG,Male,0,Yes,Yes,26,One year,Bank transfer (automatic),No,20.05,505.9,No,0.04121216935337558,Low
4829-ZLJTK,Female,1,Yes,No,72,Two year,Electronic check,Fiber optic,112.4,8046.85,No,0.1192152405686122,Low
1730-VFMWO,Female,0,Yes,No,34,Month-to-month,Bank transfer (automatic),DSL,50.2,1815.3,No,0.09211643186148528,Low
7143-BQIBA,Male,0,No,No,10,Month-to-month,Bank transfer (automatic),DSL,62.25,612.95,No,0.18004107406745043,Low
3800-LYTRK,Female,0,No,No,14,One year,Mailed check,DSL,55.7,795.15,No,0.07123900765993126,Low
0634-SZPQA,Female,0,No,No,23,Month-to-month,Bank transfer (automatic),Fiber optic,90.05,2169.8,Yes,0.4897316407318047,Medium
9646-NMHXE,Male,0,Yes,No,47,Two year,Mailed check,No,19.65,973.1,No,0.00520896804242559,Low
7030-NJVDP,Male,0,Yes,No,24,Month-to-month,Electronic check,Fiber optic,89.25,2210.2,No,0.3966320670690237,Medium
5536-RTPWK,Male,0,Yes,No,49,Month-to-month,Bank transfer (automatic),Fiber optic,99.05,4853.75,Yes,0.41820912367948265,Medium
8883-GRDWQ,Male,1,No,No,20,One year,Mailed check,DSL,54.0,1055.9,No,0.06503862182334195,Low
6166-ILMNY,Female,0,No,No,2,Month-to-month,Bank transfer (automatic),Fiber optic,69.75,144.55,Yes,0.5458925293035926,Medium
3097-NNSPB,Female,0,No,No,2,Month-to-month,Credit card (automatic),DSL,49.05,91.1,Yes,0.3781363605253515,Medium
7771-ZONAT,Male,0,No,No,22,Two year,Bank transfer (automatic),DSL,56.75,1304.85,No,0.09732867708617096,Low
0655-RBDUG,Male,0,No,No,7,Month-to-month,Bank transfer (automatic),Fiber optic,98.05,713.0,Yes,0.7207998183664455,High
2111-DWYHN,Male,0,No,No,1,Month-to-month,Mailed check,No,21.1,21.1,No,0.19918836452341512,Low
4194-WHFCB,Female,0,Yes,Yes,59,Month-to-month,Bank transfer (automatic),Fiber optic,96.65,5580.8,No,0.20347226603353313,Low
4121-AGSIN,Female,0,Yes,Yes,58,One year,Credit card (automatic),No,24.5,1497.9,No,0.010416530962554611,Low
4361-BKAXE,Female,0,No,No,41,Month-to-month,Bank transfer (automatic),Fiber optic,114.5,4527.45,Yes,0.3167542984856249,Medium
9845-PEEKO,Female,1,No,No,59,Two year,Credit card (automatic),Fiber optic,79.2,4590.35,No,0.06437564360368499,Low
0455-XFASS,Female,0,Yes,Yes,3,Month-to-month,Electronic check,Fiber optic,69.55,200.2,No,0.6532689730765034,Medium
0301-KOBTQ,Male,0,No,No,32,Two year,Bank transfer (automatic),No,20.05,614.45,No,0.016793012637127392,Low
1751-NCDLI,Male,1,Yes,No,46,Month-to-month,Electronic check,Fiber optic,98.85,4564.9,No,0.595825489948585,Medium
4367-NUYAO,Male,0,Yes,Yes,0,Two year,Mailed check,No,25.75,1397.475,No,0.09601575418159669,Low
9878-TNQGW,Male,0,No,No,2,Month-to-month,Electronic check,Fiber optic,80.95,171.15,Yes,0.7356439120151964,High
9170-ARBTB,Female,0,Yes,Yes,52,One year,Credit card (automatic),No,19.6,1012.4,No,0.00711551776239099,Low
4441-NIHPT,Female,1,No,No,13,Month-to-month,Electronic check,Fiber optic,74.3,940.35,Yes,0.6425563325730941,Medium
8999-BOHSE,Female,1,No,No,11,Month-to-month,Bank transfer (automatic),Fiber optic,89.7,1047.7,Yes,0.6305633671834942,Medium
7241-AJHFS,Male,0,No,No,32,Month-to-month,Bank transfer (automatic),Fiber optic,87.65,2766.4,No,0.2152342670066871,Low
7029-RPUAV,Male,1,Yes,No,17,Month-to-month,Credit card (automatic),Fiber optic,100.45,1622.45,Yes,0.6883270656942668,Medium
4546-FOKWR,Female,0,No,No,16,Month-to-month,Credit card (automatic),Fiber optic,74.75,1129.35,No,0.5417451244263959,Medium
9036-CSKBW,Female,0,No,No,51,One year,Bank transfer (automatic),Fiber optic,107.45,5680.9,No,0.16036622603287398,Low
5832-TRLPB,Male,0,No,No,29,One year,Bank transfer (automatic),DSL,75.35,2243.9,No,0.13248660514606522,Low
8590-YFFQO,Male,0,Yes,No,70,Two year,Credit card (automatic),DSL,64.95,4523.25,No,0.003225537797987775,Low
8659-IOOPU,Female,0,Yes,Yes,71,Two year,Electronic check,Fiber optic,100.45,7159.7,No,0.034254190347443314,Low
1338-CECEE,Male,0,Yes,Yes,41,One year,Bank transfer (automatic),DSL,68.5,2839.95,No,0.06463607610295727,Low
7439-DKZTW,Male,0,No,No,1,Month-to-month,Electronic check,Fiber optic,80.55,80.55,No,0.7387749558741414,High
4646-QZXTF,Female,0,Yes,No,7,Month-to-month,Bank transfer (automatic),DSL,81.25,580.1,No,0.2410680403489059,Low
4607-CHPCA,Male,0,Yes,Yes,25,One year,Electronic check,Fiber optic,90.4,2178.6,Yes,0.41446709913598995,Medium
9742-XOKTS,Male,0,Yes,Yes,67,One year,Electronic check,Fiber optic,89.55,6038.55,No,0.045051391621863376,Low
6921-OZMFH,Male,0,Yes,Yes,5,Month-to-month,Mailed check,DSL,55.7,259.4,No,0.3277103885902398,Medium
9578-FOMUK,Male,0,No,Yes,15,Month-to-month,Electronic check,No,24.8,324.15,No,0.20720828621839613,Low
4712-UYOOI,Female,0,Yes,Yes,20,Month-to-month,Electronic check,No,20.0,417.65,No,0.10277180783874708,Low
8824-RWFXJ,Male,0,Yes,Yes,3,Month-to-month,Mailed check,DSL,56.15,168.15,Yes,0.327430368509174,Medium
7722-CVFXN,Male,0,Yes,Yes,54,One year,Electronic check,Fiber optic,105.2,5637.85,No,0.21856542649228575,Low
8717-VCTXJ,Male,0,No,No,42,One year,Mailed check,No,19.55,839.4,No,0.019838400342946726,Low
7363-QTBIW,Female,0,Yes,No,9,Month-to-month,Electronic check,Fiber optic,79.75,769.1,No,0.6931511107266342,Medium
4159-NAAIX,Female,0,No,No,63,Two year,Bank transfer (automatic),Fiber optic,97.45,6253.0,No,0.07704869194841239,Low
0971-QIFJK,Female,0,Yes,No,69,Two year,Bank transfer (automatic),No,24.25,1641.8,No,0.0024253174484356035,Low
9397-TZSHA,Female,0,No,No,69,Two year,Credit card (automatic),No,24.6,1678.05,No,0.0022495993245536267,Low
3391-JSQEW,Male,0,Yes,No,40,Month-to-month,Mailed check,DSL,50.15,2058.5,No,0.10853835638215964,Low
0343-QLUZP,Male,0,No,No,60,Two year,Bank transfer (automatic),DSL,39.6,2424.5,No,0.008795603708176688,Low
9763-PDTKK,Female,0,No,No,4,Month-to-month,Bank transfer (automatic),Fiber optic,94.4,387.2,Yes,0.46279396697893765,Medium
2176-LVPNX,Female,1,No,No,71,Two year,Mailed check,DSL,89.85,6293.45,No,0.012774812904835599,Low
7627-JKIAZ,Female,0,Yes,No,37,Month-to-month,Credit card (automatic),Fiber optic,78.95,2839.65,Yes,0.3568575770629985,Medium
3312-UUMZW,Male,0,Yes,No,32,Month-to-month,Credit card (automatic),Fiber optic,98.85,3145.9,No,0.5106802779896252,Medium
1271-UODNO,Male,0,No,No,39,Two year,Credit card (automatic),DSL,53.85,2200.7,No,0.03132818169706275,Low
8461-EFQYM,Female,0,No,No,38,One year,Electronic check,No,24.25,914.4,No,0.04669261686034431,Low
6900-RBKER,Male,0,No,No,52,Two year,Credit card (automatic),Fiber optic,89.45,4577.75,No,0.10170471871546118,Low
6891-JPYFF,Female,0,Yes,Yes,48,Month-to-month,Credit card (automatic),Fiber optic,105.25,4997.5,No,0.3018922100551164,Medium
1459-QNFQT,Male,0,Yes,Yes,70,Two year,Bank transfer (automatic),DSL,59.5,4144.8,No,0.008677545316081973,Low
1047-NNCBF,Male,0,No,No,20,Month-to-month,Credit card (automatic),Fiber optic,70.55,1493.55,No,0.36461400205535544,Medium
3696-XRIEN,Female,0,No,No,50,One year,Credit card (automatic),DSL,82.5,4179.1,No,0.059732108925809366,Low
4081-DYXAV,Female,0,No,No,19,One year,Credit card (automatic),DSL,44.85,893.55,Yes,0.32536139589141644,Medium
0074-HDKDG,Male,0,Yes,Yes,25,One year,Bank transfer (automatic),DSL,61.6,1611.0,No,0.07078650033651096,Low
8791-GFXLZ,Male,0,No,No,12,Month-to-month,Bank transfer (automatic),DSL,49.05,593.05,No,0.296342176656625,Low
8111-SLLHI,Male,1,Yes,No,39,Month-to-month,Electronic check,Fiber optic,105.65,4284.8,Yes,0.6345342289199295,Medium
0927-LCSMG,Male,0,No,No,7,Month-to-month,Mailed check,Fiber optic,74.65,544.55,Yes,0.4689764962214474,Medium
9330-DHBFL,Female,0,Yes,Yes,23,One year,Mailed check,DSL,66.25,1533.8,No,0.05220222081073201,Low
0098-BOWSO,Male,0,No,No,27,Month-to-month,Electronic check,No,19.4,529.8,No,0.11166162706590356,Low
3452-ABWRL,Male,1,No,No,47,Month-to-month,Credit card (automatic),Fiber optic,86.05,3865.6,No,0.39900211765518817,Medium
5859-HZYLF,Male,0,Yes,Yes,26,Two year,Credit card (automatic),No,19.15,515.75,No,0.01807462501780015,Low
8257-RZAHR,Female,0,Yes,No,14,Month-to-month,Bank transfer (automatic),DSL,64.7,941.0,Yes,0.34504010339377866,Medium
5293-WXJAK,Female,1,Yes,No,11,Month-to-month,Bank transfer (automatic),Fiber optic,104.05,1133.65,Yes,0.6714009084781413,Medium
3156-QLHBO,Male,0,No,Yes,2,Month-to-month,Mailed check,No,19.25,48.35,No,0.1661395867785588,Low
2208-NQBCT,Female,0,Yes,Yes,26,Month-to-month,Electronic check,Fiber optic,81.95,2070.05,No,0.2617751058943934,Low
1779-PWPMG,Female,1,Yes,No,72,Two year,Bank transfer (automatic),Fiber optic,114.65,8333.95,No,0.06863116126570752,Low
6621-NRZAK,Female,0,Yes,Yes,63,Two year,Credit card (automatic),No,20.0,1209.25,No,0.0018709221671183369,Low
0831-JNISG,Male,0,Yes,Yes,71,Two year,Mailed check,No,19.8,1396.25,No,0.0012386947209708718,Low
0774-IFUVM,Male,0,Yes,Yes,11,Month-to-month,Bank transfer (automatic),DSL,65.15,723.35,No,0.3300592272549879,Medium
3082-WQRVY,Male,1,Yes,No,14,One year,Mailed check,No,19.65,228.65,No,0.07117676007422967,Low
9553-DLCLU,Female,0,No,Yes,13,Two year,Credit card (automatic),DSL,88.95,1161.75,No,0.049744612118171154,Low
1641-BYBTK,Male,0,No,Yes,6,Month-to-month,Mailed check,No,20.2,98.35,No,0.1853563463451332,Low
2460-NGXBJ,Male,1,Yes,Yes,11,Month-to-month,Credit card (automatic),Fiber optic,75.2,775.3,No,0.5960283843777359,Medium
2446-ZKVAF,Male,0,Yes,No,18,Month-to-month,Credit card (automatic),DSL,56.8,1074.65,No,0.2253821302349735,Low
0841-NULXI,Male,0,No,No,1,Month-to-month,Electronic check,DSL,35.55,35.55,Yes,0.715572876497758,High
3522-CDKHF,Female,0,Yes,No,32,Month-to-month,Bank transfer (automatic),Fiber optic,75.5,2324.7,No,0.27983841537101006,Low
1430-SFQSA,Male,0,No,No,29,One year,Mailed check,DSL,35.6,1072.6,No,0.059299004534975386,Low
0411-EZJZE,Female,0,No,No,3,Month-to-month,Electronic check,DSL,60.25,170.5,No,0.615383750598278,Medium
7851-WZEKY,Female,0,No,No,2,Month-to-month,Electronic check,Fiber optic,95.15,196.9,Yes,0.8137950700853066,High
8844-TONUD,Male,0,Yes,Yes,13,Month-to-month,Mailed check,Fiber optic,96.65,1162.85,Yes,0.5770476550719607,Medium
8807-ARQET,Female,0,No,No,41,Month-to-month,Electronic check,DSL,40.35,1677.85,No,0.2541484323596323,Low
8992-CEUEN,Female,0,No,No,1,Month-to-month,Electronic check,No,18.85,18.85,No,0.2640151111672991,Low
4320-QMLLA,Male,0,No,No,7,Month-to-month,Mailed check,DSL,54.85,370.4,No,0.3367803332055069,Medium
8777-PVYGU,Female,0,Yes,No,52,One year,Mailed check,DSL,64.3,3410.6,No,0.041552560803152394,Low
8292-ITGYJ,Female,0,Yes,Yes,45,Two year,Bank transfer (automatic),No,24.65,1138.8,No,0.010289998058046111,Low
6870-ZWMNX,Male,0,Yes,No,70,Two year,Credit card (automatic),DSL,76.1,5264.25,No,0.00939191199827581,Low
0621-CXBKL,Female,0,No,No,53,Two year,Mailed check,No,18.7,1005.7,No,0.003743309269257439,Low
5268-DSMNQ,Female,1,Yes,No,62,One year,Credit card (automatic),Fiber optic,97.95,5936.55,No,0.18200623670404434,Low
5334-JLAXU,Female,0,Yes,No,60,Month-to-month,Credit card (automatic),Fiber optic,94.1,5475.9,No,0.19208906504818146,Low
4086-YQSNZ,Female,1,Yes,No,3,Month-to-month,Electronic check,Fiber optic,80.4,224.05,Yes,0.7689400469721664,High
6242-MBHPK,Female,1,Yes,No,23,Month-to-month,Electronic check,Fiber optic,95.1,2326.05,No,0.6179666797501154,Medium
5868-CZJDR,Male,0,No,Yes,1,Month-to-month,Mailed check,DSL,31.35,31.35,Yes,0.5088098871502184,Medium
9359-UGBTK,Female,0,No,No,67,One year,Bank transfer (automatic),DSL,72.35,4991.5,No,0.021825056527304952,Low
0135-NMXAP,Female,0,No,No,12,Month-to-month,Bank transfer (automatic),Fiber optic,89.75,1052.4,Yes,0.6171864059874338,Medium
4782-OSFXZ,Female,1,Yes,No,71,Two year,Bank transfer (automatic),DSL,82.7,5831.2,No,0.014093997163833135,Low
6479-OAUSD,Male,0,No,No,25,One year,Credit card (automatic),No,19.9,510.8,No,0.033344202646471255,Low
7129-ACFOG,Female,0,No,No,5,Month-to-month,Electronic check,DSL,53.8,283.95,No,0.44680077009006675,Medium
4189-NAKJS,Male,0,No,No,26,One year,Credit card (automatic),DSL,51.55,1295.4,No,0.14237086918130631,Low
5562-BETPV,Male,0,Yes,Yes,1,One year,Mailed check,No,19.65,19.65,No,0.09679347539926943,Low
1282-IHQAC,Male,1,No,No,70,One year,Credit card (automatic),DSL,44.05,3011.65,No,0.03492338889222359,Low
9127-FHJBZ,Male,0,Yes,Yes,72,Two year,Electronic check,Fiber optic,114.0,8093.15,No,0.05842357663092504,Low
6270-OMFIW,Male,0,Yes,No,60,One year,Electronic check,Fiber optic,94.4,5610.25,Yes,0.20545779491040406,Low
1641-RQDAY,Female,1,Yes,Yes,32,Month-to-month,Electronic check,Fiber optic,100.4,3217.65,No,0.6329619010000758,Medium
0107-WESLM,Male,0,No,No,1,Month-to-month,Electronic check,No,19.85,19.85,Yes,0.3331727812053181,Medium
6994-ORCWG,Female,0,No,No,14,One year,Mailed check,DSL,54.25,773.2,No,0.19798824664398798,Low
1346-UFHAX,Female,0,No,No,13,Month-to-month,Credit card (automatic),Fiber optic,80.0,1029.35,No,0.4781745089551701,Medium
3992-YWPKO,Female,0,No,No,6,Month-to-month,Credit card (automatic),Fiber optic,109.9,669.45,Yes,0.5967668421978308,Medium
2933-XEUJM,Female,0,No,No,46,Two year,Mailed check,DSL,79.2,3593.8,No,0.03254325055155572,Low
0125-LZQXK,Male,0,No,No,15,Month-to-month,Electronic check,Fiber optic,101.35,1553.95,Yes,0.6117412609918077,Medium
5461-QKNTN,Male,1,Yes,No,43,Month-to-month,Electronic check,Fiber optic,94.3,3953.15,No,0.4202716396731135,Medium
4835-YSJMR,Male,0,No,No,39,Two year,Bank transfer (automatic),DSL,49.8,1971.15,No,0.025354964235176344,Low
8399-YNDCH,Male,1,No,No,21,Month-to-month,Bank transfer (automatic),DSL,60.05,1236.15,Yes,0.3399307017819098,Medium
3164-YAXFY,Male,0,No,No,57,Month-to-month,Electronic check,DSL,53.75,3196.0,No,0.15849826250717589,Low
0887-WBJVH,Female,0,Yes,No,53,One year,Electronic check,Fiber optic,93.45,4872.2,No,0.20456924870689328,Low
4660-IRIBM,Male,0,Yes,Yes,18,Month-to-month,Mailed check,Fiber optic,87.9,1500.5,No,0.3754244200711106,Medium
5673-FSSMF,Female,0,No,No,1,Month-to-month,Electronic check,DSL,60.15,60.15,Yes,0.6371977192729884,Medium
7670-ZBPOQ,Female,0,Yes,No,58,One year,Bank transfer (automatic),DSL,61.05,3478.75,No,0.024988480123473433,Low
8089-UZWLX,Female,1,No,No,71,Two year,Bank transfer (automatic),Fiber optic,104.05,7413.55,No,0.09990368463021443,Low
0080-OROZO,Female,0,No,No,35,One year,Electronic check,Fiber optic,99.25,3532.0,No,0.3166575661180291,Medium
3916-NRPAP,Male,0,No,No,3,Month-to-month,Credit card (automatic),Fiber optic,85.7,256.75,No,0.5502545913995496,Medium
6807-SIWJI,Male,0,No,No,38,One year,Electronic check,Fiber optic,104.85,3887.25,No,0.31857883313764496,Medium
8221-HVAYI,Male,0,Yes,Yes,35,Two year,Credit card (automatic),DSL,69.15,2490.15,No,0.02010287696162908,Low
1579-KLYDT,Male,0,No,No,7,Month-to-month,Electronic check,Fiber optic,90.45,593.45,Yes,0.737524787507509,High
5232-NXPAY,Female,0,No,No,47,Two year,Mailed check,DSL,74.45,3510.3,No,0.024376638964968823,Low
8967-SZQAS,Female,0,No,No,14,Month-to-month,Electronic check,DSL,50.45,765.45,No,0.2811479971464974,Low
4468-KAZHE,Female,1,Yes,No,20,Month-to-month,Electronic check,DSL,60.0,1259.35,No,0.40533856583065414,Medium
0455-ENTCR,Male,0,Yes,No,66,Two year,Electronic check,DSL,85.25,5538.35,No,0.01623471628655581,Low
8944-AILEF,Male,0,Yes,No,15,Month-to-month,Credit card (automatic),No,19.45,340.85,No,0.14071817571429282,Low
5542-NKVRU,Female,0,No,No,42,Two year,Bank transfer (automatic),No,20.75,844.45,No,0.010357561976937112,Low
7126-RBHSD,Female,0,Yes,No,17,Month-to-month,Electronic check,Fiber optic,78.9,1348.95,No,0.4534548600230187,Medium
5370-IIVVL,Male,0,No,No,37,One year,Credit card (automatic),Fiber optic,104.5,3778.0,No,0.24963671094003512,Low
6789-HJBWG,Female,0,No,No,12,Month-to-month,Electronic check,DSL,49.4,611.65,No,0.3699460077230853,Medium
3927-NLNRY,Male,0,Yes,No,53,One year,Bank transfer (automatic),Fiber optic,94.25,4867.95,Yes,0.1859610408822147,Low
9087-EYCPR,Female,0,No,No,60,Two year,Mailed check,No,25.0,1505.05,No,0.0037270570477172453,Low
6791-YBNAK,Male,0,Yes,Yes,18,Month-to-month,Credit card (automatic),DSL,25.55,467.85,No,0.26289446711429615,Low
6358-LYNGM,Male,0,No,No,1,Month-to-month,Electronic check,Fiber optic,74.9,74.9,Yes,0.7475565006511552,High
6077-BDPXA,Female,0,No,No,3,Month-to-month,Electronic check,Fiber optic,70.15,194.2,No,0.6878850859153351,Medium
0013-MHZWF,Female,0,No,Yes,9,Month-to-month,Credit card (automatic),DSL,69.4,571.45,No,0.3258502811138667,Medium
5494-HECPR,Female,0,No,No,1,Month-to-month,Electronic check,Fiber optic,80.25,80.25,Yes,0.7426882721501558,High
8268-YDIXR,Male,0,Yes,No,56,One year,Electronic check,Fiber optic,93.15,5253.95,No,0.14196398257971615,Low
9824-BEMCV,Male,0,Yes,Yes,17,Month-to-month,Electronic check,Fiber optic,69.0,1149.65,Yes,0.5199365348263656,Medium
1373-ORVIZ,Female,0,Yes,Yes,11,Month-to-month,Electronic check,DSL,66.35,740.8,Yes,0.4178378188366296,Medium
4291-SHSBH,Male,0,No,No,7,Month-to-month,Electronic check,Fiber optic,69.55,521.35,No,0.6524397183699571,Medium
6980-IMXXE,Female,0,Yes,Yes,69,Two year,Bank transfer (automatic),No,20.2,1412.65,No,0.0015306882864425501,Low
9866-QEVEE,Male,0,No,No,19,Month-to-month,Bank transfer (automatic),Fiber optic,86.0,1532.45,Yes,0.5964994615906063,Medium
9897-KXHCM,Female,0,Yes,Yes,3,Month-to-month,Electronic check,Fiber optic,80.3,250.05,Yes,0.7012435172161784,High
0040-HALCW,Male,0,Yes,Yes,54,Two year,Credit card (automatic),No,20.4,1090.6,No,0.003005627937621879,Low
0784-GTUUK,Male,0,Yes,No,62,One year,Credit card (automatic),No,23.75,1446.8,No,0.009192906664932903,Low
7979-CORPM,Male,0,No,No,24,Month-to-month,Credit card (automatic),Fiber optic,90.55,2282.55,Yes,0.5138389889139454,Medium
2294-DMMUS,Female,0,Yes,Yes,62,Month-to-month,Credit card (automatic),DSL,70.45,4300.45,No,0.11418030847250824,Low
0872-JCPIB,Male,0,No,No,17,Month-to-month,Bank transfer (automatic),DSL,65.75,1111.2,No,0.2468323204438688,Low
3055-MJDSB,Male,0,No,No,9,Month-to-month,Mailed check,DSL,24.6,190.1,No,0.4825580868486184,Medium
9091-WTUUY,Male,0,Yes,Yes,64,Two year,Mailed check,DSL,69.25,4447.75,No,0.005621766109416491,Low
1618-CFHME,Female,0,No,No,2,Month-to-month,Electronic check,Fiber optic,75.9,143.35,Yes,0.746402116511466,High
3165-HDOEW,Male,0,Yes,Yes,1,Month-to-month,Mailed check,DSL,45.85,45.85,Yes,0.3982976630272818,Medium
6581-NQCBA,Female,0,Yes,No,16,Month-to-month,Electronic check,DSL,49.95,810.2,Yes,0.5281237861495435,Medium
7115-IRDHS,Female,0,Yes,No,72,Two year,Bank transfer (automatic),No,24.65,1830.05,No,0.002164013681766484,Low
8496-DMZUK,Male,0,No,No,30,One year,Bank transfer (automatic),Fiber optic,90.4,2820.65,No,0.15359021421968394,Low
2040-VZIKE,Female,0,Yes,No,49,Month-to-month,Mailed check,Fiber optic,100.85,4847.35,No,0.35837046354370206,Medium
9068-VPWQQ,Male,0,Yes,No,61,Two year,Credit card (automatic),DSL,75.35,4729.3,No,0.010795898831664274,Low
0178-SZBHO,Male,0,Yes,Yes,47,Month-to-month,Electronic check,Fiber optic,87.2,4017.45,No,0.29063116056887045,Low
0384-RVBPI,Male,0,No,No,20,Month-to-month,Credit card (automatic),DSL,64.4,1398.6,No,0.16876645128249929,Low
1689-MRZQR,Male,0,Yes,Yes,34,Month-to-month,Electronic check,Fiber optic,78.3,2564.3,Yes,0.34516798786385616,Medium
1299-AURJA,Female,0,Yes,Yes,70,Two year,Bank transfer (automatic),No,24.7,1685.9,No,0.001991733556035255,Low
4525-VZCZG,Male,0,No,Yes,54,One year,Electronic check,Fiber optic,105.85,5826.65,No,0.13548424780943474,Low
1543-LLLFT,Male,1,Yes,No,61,One year,Mailed check,Fiber optic,98.3,6066.55,No,0.1401062403640251,Low
5835-BEQEU,Male,0,No,No,3,Month-to-month,Electronic check,Fiber optic,76.95,228.4,Yes,0.7375320328384544,High
2788-CJQAQ,Male,0,No,No,13,One year,Mailed check,No,19.45,270.2,No,0.06228884533528948,Low
5565-FILXA,Female,1,No,No,16,Month-to-month,Electronic check,Fiber optic,96.15,1529.2,Yes,0.784214036574303,High
0319-QZTCO,Female,0,Yes,Yes,3,Month-to-month,Credit card (automatic),DSL,58.7,168.6,No,0.37712550234188774,Medium
2120-SMPEX,Male,0,No,No,25,Month-to-month,Mailed check,No,20.15,536.35,No,0.09031332669595987,Low
0096-FCPUF,Male,0,No,No,30,Month-to-month,Mailed check,DSL,64.5,1888.45,No,0.20356608832317494,Low
0668-OGMHD,Female,0,Yes,No,21,Month-to-month,Electronic check,DSL,28.5,629.35,No,0.2670721732673523,Low
5552-ZNFSJ,Male,0,No,No,1,Month-to-month,Electronic check,DSL,45.3,45.3,Yes,0.438653355988827,Medium
2223-KAGMX,Female,0,No,No,15,Month-to-month,Bank transfer (automatic),No,19.4,289.3,Yes,0.11268982187760435,Low
6507-ZJSUR,Male,1,Yes,No,23,Month-to-month,Electronic check,Fiber optic,90.45,2117.25,No,0.68930222267602,Medium
9408-HRXRK,Female,0,Yes,Yes,45,Month-to-month,Electronic check,Fiber optic,105.15,4730.9,No,0.41134894124589655,Medium
5593-SUAOO,Female,0,Yes,Yes,24,One year,Bank transfer (automatic),Fiber optic,83.15,2033.05,No,0.20595881465149965,Low
7321-PKUYW,Female,0,No,No,11,Month-to-month,Electronic check,Fiber optic,90.15,987.95,Yes,0.568257536205019,Medium
2833-SLKDQ,Male,0,No,No,1,Month-to-month,Mailed check,DSL,45.05,45.05,Yes,0.3517403228988018,Medium
6766-HFKLA,Female,0,Yes,No,56,Two year,Bank transfer (automatic),Fiber optic,103.2,5744.35,No,0.07755222156895163,Low
7595-EUIVN,Female,0,No,No,1,Month-to-month,Electronic check,Fiber optic,75.8,75.8,Yes,0.5876460105488436,Medium
7617-EYGLW,Male,0,No,No,1,Month-to-month,Electronic check,No,19.45,19.45,No,0.26057293505075957,Low
2026-TGDHM,Female,0,No,No,7,Month-to-month,Electronic check,Fiber optic,79.3,523.15,Yes,0.7003407799117146,High
9220-ZNKJI,Female,1,Yes,No,55,Two year,Credit card (automatic),Fiber optic,88.8,4805.3,No,0.04631262390266601,Low
4030-VPZBD,Female,0,No,No,2,Month-to-month,Electronic check,DSL,30.9,59.05,Yes,0.5800570396430433,Medium
2226-ICFDO,Female,0,Yes,Yes,72,Two year,Credit card (automatic),DSL,85.9,6110.75,No,0.01306506294167181,Low
0723-VSOBE,Female,1,No,No,45,One year,Electronic check,DSL,34.2,1596.6,No,0.12106314439722704,Low
5529-GIBVH,Female,0,No,No,47,Two year,Mailed check,No,20.15,1046.2,No,0.005464478285075091,Low
4187-CINZD,Female,1,No,No,46,One year,Credit card (automatic),Fiber optic,95.25,4424.2,Yes,0.19839052980973204,Low
9992-UJOEL,Male,0,No,No,2,Month-to-month,Mailed check,DSL,50.3,92.75,No,0.3813034842385306,Medium
4741-WWJQZ,Female,0,Yes,No,2,Month-to-month,Electronic check,Fiber optic,80.15,194.55,No,0.5182940852752945,Medium
6625-UTXEW,Female,0,Yes,No,12,Month-to-month,Electronic check,DSL,51.25,612.1,No,0.3740967078747163,Medium
6818-WOBHJ,Female,1,Yes,No,68,Month-to-month,Bank transfer (automatic),Fiber optic,89.6,6127.6,Yes,0.26958501031947674,Low
6244-BESBM,Male,0,Yes,Yes,69,Two year,Credit card (automatic),Fiber optic,95.2,6671.7,No,0.045633993167554926,Low
1004-NOZNR,Male,1,No,Yes,56,One year,Credit card (automatic),Fiber optic,94.8,5264.3,No,0.10627024619954265,Low
1251-STYSZ,Female,1,No,No,4,Month-to-month,Electronic check,Fiber optic,80.25,303.7,No,0.6933306082976171,Medium
2612-PHGOX,Male,0,Yes,No,64,Two year,Bank transfer (automatic),DSL,76.1,4818.8,No,0.017775280794714306,Low
2408-TZMJL,Male,0,Yes,No,59,One year,Electronic check,Fiber optic,110.15,6448.05,Yes,0.2250145672370391,Low
8480-PPONV,Male,0,Yes,Yes,62,Two year,Bank transfer (automatic),Fiber optic,115.55,7159.05,No,0.04233504740014941,Low
8780-IHCRN,Male,0,Yes,Yes,63,Two year,Credit card (automatic),No,24.65,1574.5,No,0.002601826955256913,Low
4598-ZADCK,Female,0,No,No,53,One year,Electronic check,DSL,53.6,2879.2,No,0.050315402047259615,Low
1257-SXUXQ,Male,0,Yes,Yes,5,Month-to-month,Mailed check,No,19.45,86.05,No,0.1449397854637439,Low
9681-KYGYB,Male,1,Yes,No,49,Month-to-month,Electronic check,Fiber optic,88.2,4159.45,No,0.2916511726653861,Low
7182-OVLBJ,Female,0,Yes,Yes,62,Two year,Bank transfer (automatic),Fiber optic,101.15,6638.35,No,0.09073748720396643,Low
5095-ETBRJ,Female,0,Yes,No,55,Two year,Mailed check,DSL,56.8,3112.05,No,0.005383985818611895,Low
7005-CYUIL,Female,1,Yes,No,71,Two year,Electronic check,Fiber optic,99.4,7168.25,No,0.044818078502778344,Low
4821-WQOYN,Female,0,Yes,Yes,72,Two year,Credit card (automatic),No,20.1,1326.25,No,0.0016125777913658021,Low
4730-AWNAU,Male,0,Yes,Yes,36,One year,Credit card (automatic),DSL,60.7,2234.55,No,0.06561637435024464,Low
3452-FLHYD,Male,0,Yes,No,25,One year,Bank transfer (automatic),No,20.95,495.15,No,0.05080069063655991,Low
2388-LAESQ,Female,1,Yes,No,72,Two year,Bank transfer (automatic),Fiber optic,114.85,8317.95,No,0.06841192199510782,Low
9531-NSBMR,Female,0,No,No,36,One year,Bank transfer (automatic),No,19.25,679.8,No,0.02893627547662289,Low
6260-ONULR,Male,0,No,No,1,Month-to-month,Mailed check,DSL,62.8,62.8,No,0.5264151468421697,Medium
4389-UEFCZ,Female,0,Yes,No,72,Two year,Electronic check,Fiber optic,105.5,7544.0,No,0.09878046503230586,Low
8711-LOBKY,Male,0,Yes,Yes,59,Two year,Mailed check,No,19.85,1188.25,No,0.002356720199044992,Low
9134-CEQMF,Male,1,Yes,No,7,Month-to-month,Electronic check,Fiber optic,89.5,676.7,Yes,0.7819432302729658,High
8985-OOPOS,Female,0,No,No,1,One year,Credit card (automatic),DSL,74.1,74.1,No,0.20851963229188017,Low
8800-ZKRFW,Female,0,Yes,Yes,30,Month-to-month,Electronic check,Fiber optic,107.5,3242.5,No,0.5014162080636301,Medium
2616-FLVQC,Male,0,No,No,64,Two year,Mailed check,No,19.55,1240.15,No,0.002073894066945765,Low
9968-FFVVH,Male,0,No,No,63,One year,Bank transfer (automatic),DSL,68.8,4111.35,No,0.0123901930500571,Low
3108-PCCGG,Male,1,Yes,No,72,Two year,Credit card (automatic),DSL,84.45,5899.85,No,0.014695538694883022,Low
7993-PYKOF,Male,0,Yes,No,8,Month-to-month,Electronic check,Fiber optic,75.0,632.95,Yes,0.46604548107840615,Medium
8390-FESFV,Female,0,No,No,62,Two year,Bank transfer (automatic),DSL,84.5,5193.2,No,0.0195511627814968,Low
3022-BEXHZ,Male,0,Yes,Yes,67,Two year,Bank transfer (automatic),Fiber optic,111.2,7530.8,No,0.07291086497166689,Low
5027-XWQHA,Male,0,No,No,6,Month-to-month,Electronic check,DSL,44.75,270.95,Yes,0.3833794297536394,Medium
6248-TKCQV,Female,0,Yes,Yes,70,Two year,Bank transfer (automatic),DSL,80.6,5460.2,No,0.013728607456105981,Low
6729-GDNGC,Female,1,No,No,20,Month-to-month,Bank transfer (automatic),Fiber optic,80.7,1614.2,No,0.4982680895904203,Medium
6198-ZFIOJ,Female,0,No,No,5,Month-to-month,Electronic check,Fiber optic,75.6,402.5,No,0.6539278802530536,Medium
5989-OMNJE,Female,0,Yes,Yes,24,One year,Electronic check,DSL,57.6,1367.75,No,0.16288230248199448,Low
4566-QVRRW,Female,0,Yes,No,11,Month-to-month,Electronic check,DSL,44.05,483.7,Yes,0.4162253221160595,Medium
1291-CUOCY,Male,0,Yes,No,72,Two year,Credit card (automatic),Fiber optic,110.6,7962.2,No,0.06673991706902975,Low
9795-SHUHB,Female,0,Yes,Yes,66,Two year,Credit card (automatic),DSL,58.2,3810.8,No,0.004187100400334824,Low
3230-IUALN,Female,0,Yes,Yes,45,Two year,Mailed check,DSL,81.0,3533.6,No,0.02272385794217601,Low
0042-RLHYP,Female,0,Yes,Yes,69,Two year,Bank transfer (automatic),No,19.7,1396.9,No,0.0015167377047765977,Low
8519-IMDHU,Male,1,Yes,No,15,Month-to-month,Bank transfer (automatic),Fiber optic,85.6,1345.55,Yes,0.6853420515989002,Medium
4945-RVMTE,Female,0,No,No,28,Month-to-month,Bank transfer (automatic),DSL,59.55,1646.45,No,0.24236166881247234,Low
0201-OAMXR,Female,0,No,No,70,One year,Credit card (automatic),Fiber optic,115.55,8127.6,Yes,0.08027884254087517,Low
1866-NXPSP,Female,0,No,No,36,One year,Mailed check,DSL,75.55,2680.15,No,0.04937686142993104,Low
3372-KWFBM,Male,1,No,No,16,Month-to-month,Electronic check,Fiber optic,86.6,1281.0,Yes,0.7299629147721168,High
7831-QGOXH,Female,0,No,No,18,Month-to-month,Electronic check,Fiber optic,85.2,1553.9,Yes,0.681988793370196,Medium
6393-WRYZE,Female,0,Yes,No,34,Month-to-month,Electronic check,Fiber optic,97.65,3207.55,Yes,0.6371532404452929,Medium
3941-XTSKM,Male,0,Yes,Yes,42,One year,Credit card (automatic),DSL,45.1,2049.05,No,0.0899559293251769,Low
1661-CZBAU,Male,0,No,No,48,One year,Bank transfer (automatic),DSL,70.95,3629.2,No,0.054542923787857155,Low
6599-RCLCJ,Male,0,Yes,No,47,Month-to-month,Electronic check,Fiber optic,109.55,5124.55,Yes,0.4376037301370082,Medium
9831-BPFRI,Female,0,Yes,Yes,39,One year,Electronic check,Fiber optic,89.55,3474.45,Yes,0.18297400502325553,Low
5158-RIVOP,Female,0,Yes,Yes,11,Two year,Credit card (automatic),No,20.9,202.3,No,0.028879832125585817,Low
9788-YTFGE,Male,0,No,No,7,Month-to-month,Mailed check,No,19.95,147.5,No,0.2026072625192083,Low
9277-JOOMO,Female,0,No,No,3,Month-to-month,Mailed check,No,24.6,86.35,No,0.22471496864008375,Low
1907-YLNYW,Male,0,No,No,8,Month-to-month,Electronic check,DSL,66.7,579.0,No,0.40314303225833864,Medium
1725-MIMXW,Male,0,No,Yes,1,Month-to-month,Mailed check,No,19.45,19.45,Yes,0.22865391296566107,Low
8947-YRTDV,Male,0,Yes,Yes,32,One year,Mailed check,Fiber optic,94.8,3131.55,No,0.12033897010295563,Low
3161-ONRWK,Male,0,Yes,Yes,60,One year,Bank transfer (automatic),DSL,65.85,3928.3,No,0.013516555244793506,Low
0114-RSRRW,Female,0,Yes,No,10,Month-to-month,Bank transfer (automatic),No,19.95,187.75,No,0.190386857173082,Low
4565-NLZBV,Female,0,Yes,No,71,Two year,Bank transfer (automatic),No,24.65,1710.15,No,0.003119494488087724,Low
0031-PVLZI,Female,0,Yes,Yes,4,Month-to-month,Mailed check,No,20.35,76.35,Yes,0.15599659738471697,Low
7206-GZCDC,Female,1,No,No,1,Month-to-month,Electronic check,Fiber optic,69.25,69.25,Yes,0.7451180328058523,High
6682-VCIXC,Female,0,Yes,Yes,43,One year,Bank transfer (automatic),DSL,51.25,2151.6,No,0.04945123630888227,Low
4791-QRGMF,Male,0,Yes,No,59,One year,Bank transfer (automatic),Fiber optic,99.5,5961.1,Yes,0.24622795201717776,Low
6475-VHUIZ,Female,0,Yes,No,23,Month-to-month,Electronic check,DSL,54.25,1221.55,No,0.1697333598399768,Low
3910-MRQOY,Female,0,Yes,No,72,Two year,Bank transfer (automatic),No,19.4,1496.45,No,0.001528396569825201,Low
0661-WCQNQ,Male,0,Yes,No,22,One year,Credit card (automatic),DSL,56.25,1292.2,No,0.0705082286947155,Low
7537-RBWEA,Female,0,No,No,1,Month-to-month,Mailed check,DSL,25.15,25.15,No,0.5935459325144875,Medium
4656-CAURT,Male,0,No,No,69,Two year,Bank transfer (automatic),No,23.95,1713.1,No,0.0024132419659846967,Low
0121-SNYRK,Male,0,No,No,50,One year,Mailed check,DSL,35.4,1748.9,No,0.030846335601498368,Low
1768-ZAIFU,Female,1,No,No,1,Month-to-month,Electronic check,DSL,25.2,25.2,Yes,0.7217365412393109,High
4671-LXRDQ,Male,0,No,No,2,Month-to-month,Mailed check,DSL,45.0,96.45,Yes,0.42337118757050557,Medium
3733-LSYCE,Female,0,Yes,No,15,Month-to-month,Bank transfer (automatic),Fiber optic,75.35,1114.55,No,0.39044397066971204,Medium
6265-FRMTQ,Male,0,No,No,31,Two year,Bank transfer (automatic),No,20.4,609.1,No,0.012677772916918791,Low
1934-SJVJK,Male,0,No,No,1,Month-to-month,Mailed check,No,20.15,20.15,Yes,0.19788461664119206,Low
3838-OZURD,Male,0,Yes,No,66,Month-to-month,Credit card (automatic),Fiber optic,105.0,7133.25,Yes,0.3221708533015284,Medium
1371-DWPAZ,Female,0,Yes,Yes,0,Two year,Credit card (automatic),DSL,56.05,1397.475,No,0.13050326531656375,Low
9269-CQOOL,Male,0,No,Yes,3,Month-to-month,Credit card (automatic),DSL,54.7,169.45,Yes,0.4153168604351696,Medium
2017-CCBLH,Female,0,No,No,8,Two year,Mailed check,No,20.0,141.6,No,0.03972140798427652,Low
7690-KPNCU,Male,0,Yes,Yes,64,One year,Credit card (automatic),DSL,73.05,4688.65,No,0.03051296438680636,Low
0536-BGFMZ,Female,0,Yes,No,28,Month-to-month,Mailed check,No,20.5,563.05,No,0.05751916299436641,Low
2293-IJWPS,Female,0,Yes,No,57,One year,Credit card (automatic),Fiber optic,100.75,5985.0,No,0.2597835443969293,Low
2845-HSJCY,Female,0,Yes,Yes,14,Month-to-month,Electronic check,Fiber optic,87.25,1258.6,Yes,0.6646803466571409,Medium
5469-NUJUR,Male,0,No,No,19,Two year,Mailed check,No,19.95,373.5,No,0.031063544500731746,Low
1184-PJVDB,Male,0,Yes,No,10,Month-to-month,Electronic check,Fiber optic,79.95,857.2,Yes,0.6795338816838569,Medium
2625-TRCZQ,Female,0,Yes,No,51,Month-to-month,Electronic check,DSL,49.65,2553.35,No,0.23036083499135399,Low
4102-HLENU,Female,0,Yes,No,67,Two year,Mailed check,DSL,65.65,4322.85,No,0.007038581101066047,Low
7266-GSSJX,Male,0,Yes,Yes,11,Month-to-month,Electronic check,No,20.45,250.8,No,0.20409888062791812,Low
7722-VJRQD,Male,0,Yes,Yes,72,Two year,Bank transfer (automatic),DSL,60.95,4549.05,No,0.008872733115558308,Low
7073-QETQY,Male,0,Yes,Yes,66,One year,Electronic check,No,20.35,1359.5,No,0.007109022907796914,Low
9415-DPEWS,Female,0,No,No,18,Month-to-month,Electronic check,Fiber optic,88.35,1639.3,Yes,0.598366964276696,Medium
5624-RYAMH,Female,0,No,No,9,Month-to-month,Electronic check,No,19.5,178.85,No,0.250374795218395,Low
0196-JTUQI,Female,0,No,No,9,Month-to-month,Credit card (automatic),Fiber optic,75.2,633.85,No,0.605288475184935,Medium
7130-YXBRO,Male,0,Yes,No,48,Month-to-month,Bank transfer (automatic),Fiber optic,111.45,5315.1,No,0.36342444090878145,Medium
9272-LSVYH,Male,0,No,No,10,Month-to-month,Mailed check,Fiber optic,70.15,735.5,No,0.4544133625551309,Medium
7943-RQCHR,Female,0,No,No,9,Month-to-month,Electronic check,Fiber optic,94.75,889.9,Yes,0.7821095219447302,High
3793-MMFUH,Female,1,No,No,13,Month-to-month,Electronic check,Fiber optic,95.05,1290.0,Yes,0.7994101840090794,High
3249-ZPQRG,Male,0,No,No,4,Month-to-month,Electronic check,Fiber optic,78.45,330.05,Yes,0.6118863283740693,Medium
2568-BRGYX,Male,0,No,No,4,Month-to-month,Electronic check,Fiber optic,70.2,237.95,Yes,0.6731474939104386,Medium
3084-DOWLE,Female,0,Yes,No,72,Two year,Bank transfer (automatic),DSL,92.0,6474.4,No,0.011226620296552315,Low
1084-MNSMJ,Female,0,Yes,Yes,51,Two year,Credit card (automatic),DSL,85.5,4421.95,No,0.012307041926487476,Low
7721-JXEAW,Male,0,Yes,No,59,Month-to-month,Bank transfer (automatic),DSL,41.05,2452.7,Yes,0.0988126777739172,Low
7249-WBIYX,Male,0,Yes,No,10,Month-to-month,Electronic check,Fiber optic,85.6,813.85,Yes,0.7277570373552746,High
4238-HFHSN,Male,1,Yes,No,61,Month-to-month,Electronic check,Fiber optic,82.15,4904.85,No,0.29507653310238935,Low
6250-CGGUN,Male,0,No,No,54,One year,Electronic check,Fiber optic,84.4,4484.05,No,0.060382431952837275,Low
5478-JJVZK,Female,0,No,No,33,Month-to-month,Mailed check,DSL,60.9,2033.85,No,0.13766114423794085,Low
7596-IIWYC,Female,0,No,No,27,Two year,Bank transfer (automatic),No,20.25,538.2,No,0.022453171964552095,Low
6567-HOOPW,Female,1,No,No,1,Month-to-month,Electronic check,Fiber optic,79.2,79.2,Yes,0.7794280032194744,High
9793-WECQC,Male,0,No,No,23,Month-to-month,Mailed check,Fiber optic,95.3,2192.9,No,0.4307917208005099,Medium
4291-HPAXL,Male,0,No,Yes,1,Month-to-month,Mailed check,No,19.85,19.85,No,0.17391214467600064,Low
8999-YPYBV,Male,0,Yes,Yes,45,Two year,Mailed check,DSL,84.35,3858.05,No,0.020410867994257113,Low
1839-FBNFR,Female,0,Yes,Yes,39,Two year,Bank transfer (automatic),No,19.85,854.8,No,0.010560667557299562,Low
3164-AALRN,Male,0,No,No,5,One year,Mailed check,DSL,70.0,347.4,Yes,0.3204373691478839,Medium
3071-MVJCD,Male,0,Yes,Yes,72,Two year,Bank transfer (automatic),DSL,82.3,5815.15,No,0.0062911322414641105,Low
1697-BCSHV,Female,0,Yes,Yes,58,Month-to-month,Bank transfer (automatic),DSL,66.8,3970.4,No,0.1004347664517966,Low
0562-KBDVM,Female,0,No,No,70,Two year,Bank transfer (automatic),DSL,44.6,3058.15,No,0.005928085291735962,Low
1131-SUEKT,Male,0,Yes,Yes,61,One year,Bank transfer (automatic),Fiber optic,98.45,6145.2,No,0.11087515072987655,Low
3717-OEAUQ,Male,0,No,No,2,Month-to-month,Mailed check,Fiber optic,70.7,129.2,No,0.525489312984525,Medium
4538-WNTMJ,Female,0,Yes,Yes,46,One year,Mailed check,No,24.95,1165.9,No,0.013844846480316107,Low
3334-CTHOL,Female,0,No,No,1,Month-to-month,Bank transfer (automatic),DSL,49.95,49.95,Yes,0.5150203862319005,Medium
4704-ERYFC,Female,0,Yes,No,22,Month-to-month,Electronic check,Fiber optic,69.25,1554.0,Yes,0.5234107392135952,Medium
9432-RUVSL,Female,0,No,No,48,Two year,Credit card (automatic),Fiber optic,102.5,4904.25,No,0.0652080126067844,Low
8060-HIWJJ,Male,0,No,No,64,Two year,Credit card (automatic),DSL,86.55,5632.55,No,0.018218732969380824,Low
7684-XSZIY,Male,0,Yes,Yes,72,Two year,Bank transfer (automatic),No,24.3,1643.25,No,0.0017007411501613534,Low
9089-UOWJG,Female,0,Yes,Yes,12,Month-to-month,Credit card (automatic),DSL,58.35,740.55,No,0.32459977404629736,Medium
8621-MNIHH,Female,1,Yes,No,34,Month-to-month,Electronic check,Fiber optic,94.25,3217.55,Yes,0.5822911156345396,Medium
8039-ACLPL,Female,0,Yes,Yes,72,Two year,Credit card (automatic),DSL,68.75,4888.2,No,0.0049432901769616905,Low
9885-AIBVB,Male,0,Yes,No,29,Month-to-month,Electronic check,Fiber optic,85.8,2440.25,No,0.49033540139483567,Medium
1934-MKPXS,Male,0,Yes,Yes,33,One year,Credit card (automatic),No,20.1,620.55,No,0.01875201536678036,Low
2592-YKDIF,Female,0,No,No,1,Month-to-month,Mailed check,No,20.35,20.35,No,0.20183272398526503,Low
2272-JKMSI,Female,0,Yes,Yes,62,One year,Electronic check,Fiber optic,110.8,6840.95,No,0.1993582756563709,Low
0471-LVHGK,Male,0,Yes,No,41,One year,Electronic check,DSL,73.0,3001.2,Yes,0.19020290364449416,Low
9518-RWHZL,Female,0,No,No,64,One year,Credit card (automatic),Fiber optic,100.05,6254.2,Yes,0.20041757867313947,Low
8714-CTZJW,Female,0,No,No,4,Month-to-month,Credit card (automatic),Fiber optic,82.85,319.6,No,0.6242207106686696,Medium
3569-EDBPQ,Female,0,No,No,24,Month-to-month,Electronic check,Fiber optic,84.35,1938.05,No,0.3911949449003636,Medium
3131-NWVFJ,Female,0,Yes,Yes,14,One year,Mailed check,No,19.55,294.5,No,0.05249852516545178,Low
7521-YXVZY,Male,0,No,Yes,3,Month-to-month,Mailed check,No,19.95,58.3,No,0.15930145612619784,Low
5419-CONWX,Female,1,No,No,4,Month-to-month,Credit card (automatic),Fiber optic,99.8,442.85,Yes,0.686717328003395,Medium
6240-EURKS,Female,0,No,Yes,18,Month-to-month,Electronic check,DSL,35.0,553.0,Yes,0.48594121066935486,Medium
2373-NTKOD,Male,0,No,No,8,Month-to-month,Electronic check,DSL,66.25,546.45,No,0.5589278781659003,Medium
1970-KKFWL,Female,0,No,No,35,Two year,Bank transfer (automatic),No,23.3,797.1,No,0.013567508445523832,Low
6960-HVYXR,Female,0,No,No,1,Month-to-month,Electronic check,Fiber optic,76.0,76.0,Yes,0.68404003600174,Medium
9337-SRRNI,Male,0,No,Yes,66,Two year,Credit card (automatic),No,25.3,1673.8,No,0.003185248259749779,Low
0895-UADGO,Male,0,No,Yes,8,Two year,Mailed check,DSL,44.55,343.45,No,0.10612055862714263,Low
5678-VFNEQ,Female,0,Yes,No,71,One year,Credit card (automatic),Fiber optic,104.1,7412.25,No,0.13737951668945983,Low
5977-CKHON,Female,0,Yes,Yes,43,Month-to-month,Bank transfer (automatic),Fiber optic,92.55,4039.0,No,0.4006068955531195,Medium
7024-OHCCK,Female,1,No,No,2,Month-to-month,Electronic check,Fiber optic,93.85,170.85,Yes,0.84119806908446,High
2692-BUCFV,Male,1,No,No,29,Month-to-month,Bank transfer (automatic),Fiber optic,101.45,2948.6,No,0.5453090202574762,Medium
7861-UVUFT,Female,0,Yes,No,15,Month-to-month,Electronic check,Fiber optic,84.3,1308.4,Yes,0.6371549053933893,Medium
1830-GGFNM,Male,0,Yes,Yes,65,Two year,Credit card (automatic),Fiber optic,94.55,6078.75,No,0.015970363919000787,Low
5302-BDJNT,Male,0,No,No,35,Month-to-month,Electronic check,Fiber optic,95.5,3418.2,No,0.39041863346808553,Medium
5223-UZAVK,Male,0,No,No,64,One year,Credit card (automatic),Fiber optic,100.3,6603.8,No,0.11322816348278915,Low
4859-ZSRDZ,Female,0,Yes,Yes,58,Two year,Credit card (automatic),DSL,55.5,3166.9,No,0.025388325437970687,Low
5651-WYIPH,Female,1,No,No,18,Month-to-month,Credit card (automatic),DSL,49.85,865.75,No,0.2729766504140189,Low
9350-VLHMB,Male,0,Yes,Yes,67,Month-to-month,Bank transfer (automatic),Fiber optic,89.55,6373.1,No,0.22267716494220494,Low
3498-LZGQZ,Male,0,Yes,Yes,63,Two year,Mailed check,No,19.15,1177.05,No,0.002602813706957591,Low
8785-CJSHH,Female,0,Yes,No,60,Month-to-month,Electronic check,Fiber optic,99.8,5985.75,No,0.4277996263383451,Medium
5357-TZHPP,Male,1,No,No,9,Month-to-month,Credit card (automatic),Fiber optic,84.4,732.5,Yes,0.6981376280068314,Medium
3870-SPZSI,Female,0,Yes,Yes,70,Two year,Credit card (automatic),Fiber optic,113.05,7869.05,No,0.042864734575266274,Low
0680-DFNNY,Male,0,Yes,No,15,Month-to-month,Electronic check,Fiber optic,101.1,1504.05,Yes,0.7417472760900579,High
7560-QRBXH,Female,0,No,Yes,48,One year,Mailed check,No,19.95,936.7,No,0.00901712180415092,Low
7077-XJMET,Male,0,Yes,No,12,Month-to-month,Electronic check,DSL,74.15,741.4,No,0.40538745730081516,Medium
8752-GHJFU,Male,1,Yes,No,71,One year,Electronic check,Fiber optic,92.0,6585.2,No,0.07737645285901207,Low
6896-SRVYQ,Male,1,No,No,44,Month-to-month,Electronic check,Fiber optic,73.85,3122.4,No,0.2838404547752978,Low
7767-UXAGJ,Male,0,No,No,1,Month-to-month,Electronic check,DSL,50.45,50.45,Yes,0.5846715399461401,Medium
4652-ODEVH,Male,0,Yes,Yes,45,Two year,Mailed check,No,24.45,1088.25,No,0.006595704497381079,Low
6510-UPNKS,Female,0,No,No,23,One year,Credit card (automatic),No,24.8,615.35,No,0.04958959820200132,Low
6718-BDGHG,Female,0,Yes,No,43,One year,Bank transfer (automatic),DSL,64.85,2908.2,No,0.08481268111329802,Low
9046-DQMTP,Male,0,No,No,35,Month-to-month,Bank transfer (automatic),No,20.75,739.9,No,0.04247653997537822,Low
6439-LAJXL,Male,0,Yes,No,9,Month-to-month,Mailed check,DSL,68.95,593.85,No,0.20761131808428468,Low
1571-SAVHK,Male,0,No,No,12,Month-to-month,Mailed check,Fiber optic,99.95,1132.75,Yes,0.6029565093300117,Medium
9052-VKDUW,Female,1,Yes,No,65,Month-to-month,Credit card (automatic),Fiber optic,109.4,7227.45,No,0.3041233623451041,Medium
9546-CQJSU,Female,0,No,No,2,Month-to-month,Electronic check,Fiber optic,91.4,193.6,Yes,0.7742636686451766,High
1666-JZPZT,Male,0,No,No,27,Month-to-month,Mailed check,DSL,49.0,1291.35,No,0.1791958086439202,Low
5777-KJIRB,Female,0,No,No,40,One year,Mailed check,DSL,50.25,2023.55,No,0.06606975508631631,Low
0506-LVNGN,Female,1,No,No,5,Month-to-month,Credit card (automatic),Fiber optic,75.55,349.65,Yes,0.6210586993700878,Medium
7677-SJJJK,Male,0,Yes,Yes,8,One year,Credit card (automatic),No,19.9,153.95,No,0.06733999631640572,Low
2480-EJWYP,Female,1,Yes,No,58,One year,Bank transfer (automatic),Fiber optic,97.8,5458.8,No,0.24567625587220546,Low
3253-HKOKL,Female,0,Yes,Yes,52,One year,Electronic check,Fiber optic,100.3,5244.45,No,0.14843861615409723,Low
7055-HNEOJ,Male,0,Yes,No,3,Month-to-month,Mailed check,DSL,55.8,154.55,No,0.3163090115209591,Medium
5514-YQENT,Male,0,No,Yes,41,Two year,Electronic check,Fiber optic,111.15,4507.15,No,0.09014486803471551,Low
3211-AAPKX,Male,0,No,No,20,Month-to-month,Mailed check,Fiber optic,98.55,2031.95,No,0.5545645716355244,Medium
8445-DNBAE,Male,0,No,Yes,1,Month-to-month,Electronic check,DSL,50.05,50.05,No,0.5455075991455475,Medium
2951-QOQTK,Male,0,No,Yes,4,Month-to-month,Credit card (automatic),Fiber optic,80.8,332.45,Yes,0.4333267755550758,Medium
2958-NHPPS,Male,0,No,No,23,Month-to-month,Electronic check,No,20.85,473.9,No,0.10077971798432234,Low
6806-YDEUL,Female,1,No,No,6,Month-to-month,Bank transfer (automatic),No,19.5,106.8,No,0.2015196771353675,Low
1735-XMJVH,Male,0,Yes,Yes,8,Month-to-month,Mailed check,No,19.35,152.6,No,0.16989720525440477,Low
6890-PFRQX,Male,0,No,No,18,Month-to-month,Mailed check,DSL,69.5,1199.4,No,0.21688086323943429,Low
0222-CNVPT,Male,1,No,No,52,Month-to-month,Credit card (automatic),DSL,48.8,2555.05,No,0.15446276117685614,Low
5899-OUVKV,Male,0,No,No,31,Month-to-month,Electronic check,Fiber optic,94.5,2979.2,No,0.5498389059646077,Medium
8681-ICONS,Male,0,Yes,Yes,29,Month-to-month,Mailed check,No,20.65,654.85,No,0.06547444034865404,Low
1621-YNCJH,Female,0,Yes,No,36,Two year,Credit card (automatic),Fiber optic,106.05,3834.4,No,0.08434203559378842,Low
3473-XIIIT,Female,0,Yes,No,16,Month-to-month,Electronic check,Fiber optic,100.0,1534.75,Yes,0.7103491321768831,High
6362-QHAFM,Male,0,Yes,No,42,One year,Electronic check,Fiber optic,108.3,4586.15,No,0.3555577478726086,Medium
7893-IXHRQ,Male,0,No,No,1,Month-to-month,Electronic check,No,20.55,20.55,Yes,0.2624050337937934,Low
3070-BDOQC,Female,0,No,No,60,Two year,Electronic check,Fiber optic,99.65,5941.05,No,0.11562844869275447,Low
2952-QAYZF,Male,0,No,No,5,Month-to-month,Electronic check,Fiber optic,85.3,424.15,Yes,0.6754875849069651,Medium
6234-PFPXL,Male,0,Yes,No,22,Month-to-month,Credit card (automatic),Fiber optic,95.9,2234.95,No,0.31342701175323157,Medium
9824-QCJPK,Male,0,Yes,No,36,One year,Mailed check,No,20.0,666.75,No,0.01908312202201983,Low
4763-PGDPO,Female,0,No,No,4,Month-to-month,Electronic check,Fiber optic,70.4,281.0,Yes,0.6023148959223757,Medium
4283-IVYCI,Male,0,No,No,9,Month-to-month,Mailed check,DSL,64.95,547.8,No,0.1814649810334167,Low
1866-OBPNR,Male,0,Yes,Yes,1,Month-to-month,Credit card (automatic),Fiber optic,74.6,74.6,No,0.4449922225924084,Medium
8205-MQUGY,Male,0,Yes,Yes,12,Month-to-month,Electronic check,DSL,49.2,571.15,No,0.2789202768037035,Low
8970-ANWXO,Female,0,No,No,23,One year,Mailed check,DSL,73.75,1756.6,No,0.19190749838303747,Low
9480-BQJEI,Male,0,No,No,62,One year,Bank transfer (automatic),Fiber optic,92.3,5731.45,No,0.10892187222920334,Low
5394-SVGJV,Male,0,No,No,37,Month-to-month,Bank transfer (automatic),Fiber optic,98.8,3475.55,Yes,0.3523664118992113,Medium
6979-TNDEU,Female,0,No,No,8,Month-to-month,Mailed check,No,19.2,156.85,No,0.14739015289279545,Low
9777-WJJPR,Male,0,Yes,No,31,Month-to-month,Credit card (automatic),Fiber optic,88.65,2683.2,No,0.3850741059233082,Medium
9283-LZQOH,Male,0,Yes,Yes,13,Month-to-month,Credit card (automatic),Fiber optic,74.4,896.75,Yes,0.5227883372447113,Medium
7079-QRCBC,Female,0,No,No,24,Month-to-month,Electronic check,Fiber optic,98.75,2407.3,Yes,0.6923923047645866,Medium
9495-SKLKD,Male,0,Yes,Yes,45,Month-to-month,Bank transfer (automatic),Fiber optic,95.95,4456.65,No,0.3541356235084204,Medium
6048-UWKAL,Female,1,Yes,No,69,Two year,Credit card (automatic),Fiber optic,105.4,6998.95,No,0.055927713845164366,Low
5067-DGXLL,Male,0,No,No,2,Month-to-month,Mailed check,No,20.25,36.8,No,0.18959941620142823,Low
5469-CTCWN,Male,0,Yes,Yes,61,One year,Electronic check,Fiber optic,106.0,6547.7,Yes,0.1949333809399654,Low
9851-QXEEQ,Male,0,No,No,41,Month-to-month,Electronic check,Fiber optic,104.7,4346.4,Yes,0.5575995522729037,Medium
6281-FKEWS,Female,0,No,No,44,One year,Electronic check,DSL,49.05,2265.0,No,0.19085998991888597,Low
8898-KASCD,Male,0,No,No,39,One year,Mailed check,DSL,35.55,1309.15,No,0.05057572138581678,Low
9242-TKFSV,Male,0,Yes,Yes,72,Two year,Credit card (automatic),DSL,65.1,4754.3,No,0.010192699824471128,Low
9290-SHCMB,Female,1,No,No,13,Month-to-month,Electronic check,Fiber optic,96.85,1235.55,No,0.7476658257786019,High
0743-HNPFG,Female,0,Yes,Yes,51,One year,Credit card (automatic),DSL,69.75,3562.5,No,0.024216077643854077,Low
2277-BKJKN,Female,1,Yes,No,71,Two year,Electronic check,Fiber optic,99.2,7213.75,No,0.11202819758491582,Low
9809-IMGCQ,Male,1,No,No,22,Month-to-month,Electronic check,Fiber optic,96.7,2082.95,Yes,0.7490009075600363,High
5208-HFSBT,Female,0,No,No,2,Month-to-month,Credit card (automatic),DSL,55.05,102.75,Yes,0.29701673617002167,Low
5035-PGZXH,Female,0,No,No,56,One year,Electronic check,Fiber optic,106.8,5914.4,No,0.31169580080710546,Medium
8695-WDYEA,Male,0,No,No,1,Month-to-month,Mailed check,DSL,51.25,51.25,No,0.2685580341481872,Low
6543-JXSOO,Female,0,Yes,Yes,23,One year,Mailed check,DSL,57.75,1282.85,No,0.04954543690705606,Low
8016-ZMGMO,Female,1,Yes,No,66,One year,Bank transfer (automatic),DSL,70.85,4738.85,No,0.05779606542590593,Low
8605-ITULD,Female,0,No,No,1,Month-to-month,Mailed check,No,19.55,19.55,No,0.20072347663981194,Low
3254-YRILK,Male,1,No,No,19,Month-to-month,Electronic check,Fiber optic,88.2,1775.8,Yes,0.6834922496956062,Medium
6416-YJTTB,Male,0,No,No,11,Month-to-month,Bank transfer (automatic),Fiber optic,79.5,795.65,No,0.43119289465279126,Medium
2667-WYLWJ,Female,0,Yes,Yes,8,One year,Mailed check,No,19.75,145.0,Yes,0.09636847621030531,Low
4472-VESGY,Female,0,Yes,Yes,52,Month-to-month,Bank transfer (automatic),Fiber optic,98.15,4993.4,No,0.16900798574096976,Low
3195-TQDZX,Male,0,No,No,3,Month-to-month,Electronic check,No,20.25,61.45,No,0.31095497742877826,Medium
3128-YOVTD,Female,0,Yes,Yes,51,Month-to-month,Bank transfer (automatic),Fiber optic,79.15,4018.55,No,0.13310536082207175,Low
0529-ONKER,Male,1,No,No,15,Month-to-month,Electronic check,Fiber optic,75.65,1146.65,Yes,0.6154828525386766,Medium
1728-CXQBE,Male,1,Yes,No,64,Month-to-month,Electronic check,Fiber optic,94.25,6081.4,No,0.3649302330831586,Medium
7041-TXQJH,Female,0,No,No,37,Month-to-month,Credit card (automatic),DSL,40.2,1478.85,No,0.23681593718597826,Low
5014-GSOUQ,Male,0,No,No,13,Two year,Mailed check,No,19.95,243.65,No,0.03011622756373524,Low
5724-BIDBU,Male,0,Yes,No,49,One year,Electronic check,DSL,55.35,2633.95,No,0.05993787068417988,Low
0481-SUMCB,Female,1,No,No,45,One year,Bank transfer (automatic),Fiber optic,102.15,4735.35,No,0.3949395382905285,Medium
1769-GRUIK,Female,0,No,No,18,Month-to-month,Electronic check,Fiber optic,71.1,1247.75,No,0.5611915840078459,Medium
5240-IJOQT,Male,1,No,No,1,Month-to-month,Electronic check,Fiber optic,74.7,74.7,Yes,0.7850431775713224,High
8819-WFGGJ,Male,0,Yes,No,68,Two year,Bank transfer (automatic),DSL,54.1,3794.5,No,0.020692524175860226,Low
7427-AUFPY,Male,0,No,No,54,Two year,Credit card (automatic),No,19.65,1008.7,No,0.003392342999323595,Low
2811-POVEX,Female,1,Yes,Yes,23,Month-to-month,Bank transfer (automatic),Fiber optic,88.45,2130.55,No,0.48343793341588454,Medium
1092-GANHU,Male,0,No,No,17,Month-to-month,Electronic check,Fiber optic,76.65,1313.55,Yes,0.5631051484088763,Medium
7898-PDWQE,Male,0,Yes,No,71,Two year,Credit card (automatic),DSL,80.4,5727.15,No,0.0069111648677212785,Low
9972-EWRJS,Female,0,Yes,Yes,67,Two year,Bank transfer (automatic),No,19.25,1372.9,No,0.002382966808302103,Low
9314-IJWSQ,Female,0,Yes,Yes,14,Month-to-month,Electronic check,Fiber optic,84.8,1203.9,No,0.6750487109230265,Medium
0661-XEYAN,Female,1,No,No,1,Month-to-month,Mailed check,DSL,25.8,25.8,Yes,0.6446613433391003,Medium
5799-JRCZO,Female,0,No,Yes,63,Two year,Credit card (automatic),No,19.5,1215.1,No,0.001862450478967309,Low
1921-KYSAY,Female,0,No,No,41,One year,Electronic check,DSL,68.6,2877.05,No,0.11655352558148184,Low
6198-RTPMF,Female,0,Yes,No,17,Month-to-month,Electronic check,Fiber optic,92.6,1579.7,No,0.6599321214241254,Medium
2924-KHUVI,Male,0,Yes,No,56,One year,Electronic check,Fiber optic,100.55,5514.95,No,0.2455170375183259,Low
1925-GMVBW,Female,0,No,No,5,Month-to-month,Credit card (automatic),No,20.55,96.1,No,0.1664060043610124,Low
7881-EVUAD,Female,0,No,No,2,Month-to-month,Electronic check,DSL,42.6,72.4,Yes,0.5731575701241906,Medium
6184-DYUOB,Female,0,Yes,No,3,Month-to-month,Mailed check,No,19.6,55.25,No,0.24224258221641892,Low
9207-ZPANB,Male,0,No,No,37,One year,Electronic check,DSL,67.45,2443.3,No,0.0438701661457218,Low
5766-XQXMQ,Female,0,No,No,29,Month-to-month,Bank transfer (automatic),DSL,68.85,1970.5,Yes,0.15847812920776586,Low
9327-QSDED,Male,0,No,No,8,Month-to-month,Mailed check,DSL,43.55,335.4,No,0.27976203975421043,Low
1656-DRSMG,Female,0,No,No,63,Month-to-month,Credit card (automatic),Fiber optic,109.85,7002.95,No,0.2759966284343045,Low
3012-VFFMN,Female,0,Yes,Yes,7,Month-to-month,Mailed check,No,20.65,158.95,No,0.137398974092234,Low
2984-AFWNC,Female,0,No,No,3,Month-to-month,Electronic check,Fiber optic,95.4,293.15,No,0.6651448494108596,Medium
0640-YJTPY,Male,0,Yes,Yes,72,Two year,Bank transfer (automatic),No,21.0,1493.75,No,0.0012942406427789445,Low
8096-LOIST,Female,0,No,No,19,Month-to-month,Electronic check,DSL,56.2,1093.4,No,0.40029015427491355,Medium
9764-REAFF,Female,0,Yes,No,59,Two year,Bank transfer (automatic),No,18.4,1057.85,No,0.0028412568793416883,Low
3703-VAVCL,Male,0,Yes,Yes,2,Month-to-month,Credit card (automatic),Fiber optic,90.0,190.05,Yes,0.42653250808376014,Medium
7107-UBYKY,Female,0,Yes,Yes,35,Month-to-month,Electronic check,No,25.75,882.55,No,0.0899308271422234,Low
4881-GQJTW,Male,0,No,No,14,Month-to-month,Credit card (automatic),No,19.6,300.4,No,0.10815516776444895,Low
8519-QJGJD,Female,0,No,No,14,Month-to-month,Electronic check,Fiber optic,75.35,1025.95,Yes,0.5015512382104007,Medium
7876-DNYAP,Female,0,Yes,Yes,69,Two year,Credit card (automatic),No,19.8,1436.95,No,0.0014087099249922553,Low
7905-NJMXS,Male,1,Yes,No,7,Month-to-month,Electronic check,DSL,64.2,475.0,No,0.27383572452213667,Low
2882-WDTBA,Male,0,Yes,Yes,69,Two year,Bank transfer (automatic),DSL,75.75,5388.15,No,0.0071887914331185574,Low
2091-GPPIQ,Female,0,Yes,Yes,72,Two year,Electronic check,DSL,78.95,5730.15,No,0.022012435227148963,Low
6326-MTTXK,Male,0,No,No,8,Month-to-month,Electronic check,Fiber optic,100.85,819.55,Yes,0.6854411854661715,Medium
5071-FBJFS,Female,0,Yes,Yes,4,Month-to-month,Electronic check,DSL,50.3,217.1,No,0.288491986122957,Low
2796-UUZZO,Male,0,Yes,Yes,63,Month-to-month,Credit card (automatic),Fiber optic,80.3,4896.35,No,0.11336476333614255,Low
2429-AYKKO,Male,0,No,No,72,Two year,Bank transfer (automatic),No,19.85,1434.1,No,0.001466587428991211,Low
9798-OPFEM,Female,0,No,No,46,Two year,Electronic check,No,21.1,937.1,No,0.011391857784105517,Low
0330-IVZHA,Female,0,Yes,No,5,Month-to-month,Electronic check,Fiber optic,69.95,330.15,Yes,0.5914863540268174,Medium
3794-NFNCH,Male,0,Yes,No,30,Month-to-month,Mailed check,DSL,50.0,1474.9,No,0.17098439197286688,Low
5193-QLVZB,Male,0,No,No,63,Two year,Bank transfer (automatic),Fiber optic,104.75,6536.5,No,0.10861217947795787,Low
7114-AEOZE,Female,0,No,No,60,Two year,Bank transfer (automatic),No,19.85,1128.1,No,0.00276572855744886,Low
2886-KEFUM,Female,0,Yes,No,63,One year,Electronic check,Fiber optic,107.5,6873.75,Yes,0.2905257101456895,Low
5522-NYKPB,Male,0,Yes,Yes,25,Month-to-month,Electronic check,Fiber optic,85.9,2199.05,No,0.35926462991257074,Medium
4237-RLAQD,Male,0,No,No,1,Month-to-month,Mailed check,DSL,45.85,45.85,Yes,0.4356525297938177,Medium
9957-YODKZ,Male,1,Yes,No,6,Month-to-month,Electronic check,Fiber optic,80.8,457.1,No,0.7462332524605892,High
6518-KZXCB,Male,0,No,No,22,Two year,Mailed check,No,25.25,566.5,No,0.025102511814299094,Low
2245-ADZFJ,Female,0,Yes,Yes,31,Two year,Bank transfer (automatic),DSL,80.55,2471.6,No,0.04572594889842364,Low
7776-QGYJC,Female,0,Yes,Yes,39,Month-to-month,Bank transfer (automatic),Fiber optic,81.5,3107.3,No,0.21661233995087864,Low
9313-QOLTZ,Male,0,No,No,26,Month-to-month,Mailed check,No,20.9,518.3,No,0.06214129923366246,Low
9651-GTSAQ,Female,0,Yes,No,53,One year,Bank transfer (automatic),Fiber optic,106.1,5769.75,Yes,0.1669541522177587,Low
3186-BAXNB,Female,0,No,No,1,Month-to-month,Electronic check,Fiber optic,91.7,91.7,Yes,0.54426560398765,Medium
4672-FOTSD,Male,0,No,No,12,Month-to-month,Electronic check,DSL,67.25,832.3,No,0.2689412714843011,Low
0637-YLETY,Female,0,No,No,16,Month-to-month,Credit card (automatic),Fiber optic,95.6,1555.65,Yes,0.568942955827332,Medium
9818-XQCUV,Female,0,No,No,2,Month-to-month,Mailed check,No,20.35,45.3,No,0.19370508867686081,Low
7338-ERIVA,Male,0,No,Yes,39,One year,Bank transfer (automatic),DSL,45.05,1790.6,No,0.04570385204199926,Low
1157-BQCUW,Male,0,No,No,1,Month-to-month,Electronic check,Fiber optic,74.95,74.95,Yes,0.7476378734092881,High
8259-NFJTV,Female,0,Yes,Yes,7,Month-to-month,Mailed check,DSL,34.65,246.6,No,0.23360595037144366,Low
3223-DWFIO,Male,1,No,No,4,Month-to-month,Electronic check,Fiber optic,69.35,261.65,No,0.6430610098083543,Medium
2660-EMUBI,Male,1,No,No,10,Month-to-month,Electronic check,Fiber optic,95.35,898.35,Yes,0.8045433701237431,High
6968-GMKPR,Female,0,No,No,55,Month-to-month,Electronic check,Fiber optic,81.55,4509.5,No,0.24390410866054746,Low
4751-ERMAN,Male,0,Yes,Yes,72,Two year,Bank transfer (automatic),DSL,75.4,5480.25,No,0.01625666758230559,Low
1436-ZMJAN,Female,0,Yes,No,10,Month-to-month,Credit card (automatic),DSL,67.8,653.15,No,0.42724923394026226,Medium
3292-PBZEJ,Male,1,No,No,11,Month-to-month,Electronic check,Fiber optic,111.4,1183.05,No,0.7002965657189162,High
0799-DDIHE,Female,0,Yes,Yes,15,Month-to-month,Electronic check,DSL,46.3,639.45,No,0.26729661944868105,Low
3070-FNFZQ,Female,0,Yes,Yes,23,Two year,Bank transfer (automatic),No,20.4,478.75,No,0.017056965377624526,Low
2812-SFXMJ,Male,0,No,Yes,1,Month-to-month,Mailed check,No,20.05,20.05,No,0.17416010236241994,Low
7675-OZCZG,Female,1,No,No,3,Month-to-month,Electronic check,DSL,45.0,127.1,Yes,0.4732606467858618,Medium
5014-WUQMG,Male,0,Yes,Yes,47,One year,Electronic check,Fiber optic,96.1,4391.45,No,0.14722208286785107,Low
5312-TSZVC,Female,0,No,Yes,15,One year,Mailed check,No,19.65,270.6,No,0.04920688706383476,Low
2003-CKLOR,Male,0,No,No,66,Month-to-month,Electronic check,Fiber optic,99.5,6710.5,Yes,0.25303661049382364,Low
0993-OSGPT,Female,1,Yes,No,68,One year,Bank transfer (automatic),DSL,60.65,3975.9,No,0.01875580449218049,Low
9254-RBFON,Female,0,Yes,Yes,17,One year,Bank transfer (automatic),Fiber optic,98.6,1704.95,Yes,0.25139173232234124,Low
1205-WNWPJ,Female,0,No,No,7,Month-to-month,Mailed check,DSL,59.5,415.95,Yes,0.33770636368527096,Medium
9391-EOYLI,Male,1,Yes,No,12,Month-to-month,Electronic check,Fiber optic,80.45,950.2,Yes,0.7087430319520459,High
7108-DGVUU,Female,1,Yes,No,21,One year,Bank transfer (automatic),DSL,71.7,1497.05,No,0.18414750629845597,Low
2782-JEEBU,Male,0,No,No,21,Month-to-month,Mailed check,DSL,36.0,780.15,No,0.24363073161306292,Low
5127-BZENZ,Female,0,Yes,Yes,56,One year,Bank transfer (automatic),DSL,65.2,3512.15,No,0.02986269406625923,Low
2720-FVBQP,Female,0,Yes,Yes,6,Month-to-month,Credit card (automatic),DSL,48.95,273.25,No,0.39787984166952345,Medium
9906-NHHVC,Female,1,No,No,65,Two year,Bank transfer (automatic),DSL,53.5,3517.9,No,0.03508074424374572,Low
4522-XRWWI,Male,0,Yes,No,42,One year,Credit card (automatic),DSL,80.45,3375.9,No,0.055904243519605476,Low
3766-EJLFL,Female,0,Yes,Yes,68,Two year,Bank transfer (automatic),Fiber optic,109.05,7508.55,No,0.05571990827933414,Low
5939-SXWHM,Male,0,Yes,Yes,48,Two year,Bank transfer (automatic),No,26.3,1245.05,No,0.00627509338287317,Low
8152-UOBNY,Female,1,No,No,50,One year,Electronic check,Fiber optic,106.8,5347.95,No,0.32557594144167734,Medium
7351-KYHQH,Female,1,No,No,7,Month-to-month,Electronic check,DSL,64.95,493.65,No,0.5186700254103744,Medium
7643-RCHXS,Female,0,Yes,Yes,63,Two year,Electronic check,No,19.35,1263.85,No,0.0027888204206750916,Low
8246-SHFGA,Male,0,No,No,17,Month-to-month,Credit card (automatic),No,21.1,385.55,No,0.09554920516504486,Low
8387-MOJJT,Female,0,Yes,Yes,42,Month-to-month,Credit card (automatic),Fiber optic,77.95,3384.0,Yes,0.2941954717881568,Low
0620-XEFWH,Male,0,Yes,Yes,4,Month-to-month,Mailed check,No,18.85,84.2,No,0.15171075992049693,Low
6485-QXWWE,Female,0,No,Yes,62,Two year,Bank transfer (automatic),No,26.0,1638.7,No,0.0031733041865046143,Low
2761-OCIAX,Male,1,No,No,2,Month-to-month,Electronic check,Fiber optic,74.7,165.4,Yes,0.7002684395053045,High
7321-VGNKU,Female,0,Yes,No,2,Month-to-month,Electronic check,Fiber optic,70.35,120.25,No,0.6963116559801564,Medium
5327-CNLUQ,Male,0,Yes,No,48,Two year,Bank transfer (automatic),Fiber optic,96.9,4473.45,No,0.07614035107446573,Low
7552-KEYGT,Male,0,Yes,No,27,Two year,Bank transfer (automatic),No,19.55,520.55,No,0.015497907052296825,Low
5816-JMLGY,Female,0,Yes,Yes,70,Two year,Bank transfer (automatic),DSL,80.4,5717.85,No,0.013898843926588253,Low
3068-OMWZA,Male,1,No,No,1,Month-to-month,Electronic check,Fiber optic,88.8,88.8,Yes,0.8061505693947401,High
2927-QRRQV,Male,0,Yes,No,46,One year,Electronic check,Fiber optic,94.65,4312.5,No,0.2795155964326612,Low
6032-KRXXO,Male,0,No,No,30,Month-to-month,Electronic check,Fiber optic,90.25,2755.35,Yes,0.5915833025094084,Medium
7459-RRWQZ,Female,0,No,No,15,Month-to-month,Bank transfer (automatic),DSL,64.65,994.55,Yes,0.3374070135894087,Medium
6265-SXWBU,Male,0,Yes,Yes,69,One year,Credit card (automatic),Fiber optic,95.75,6511.25,No,0.07667962544021444,Low
7941-RCJOW,Male,0,No,No,65,Two year,Credit card (automatic),No,19.55,1218.65,No,0.0026723810437672196,Low
6374-NTQLP,Male,1,Yes,Yes,72,Two year,Credit card (automatic),Fiber optic,104.1,7447.7,No,0.03823689267661103,Low
4154-AQUGT,Male,1,Yes,No,13,Month-to-month,Bank transfer (automatic),Fiber optic,89.05,1169.35,Yes,0.5088160332896554,Medium
2387-KDZQY,Male,0,No,No,17,One year,Mailed check,No,20.1,279.5,No,0.0695030721919213,Low
3584-WKTTW,Male,0,Yes,No,51,One year,Electronic check,Fiber optic,111.55,5720.35,No,0.2344955560604662,Low
3399-BMLVW,Male,0,Yes,Yes,51,Two year,Credit card (automatic),DSL,60.5,3121.45,No,0.005749133698174467,Low
1971-DTCZB,Female,0,Yes,No,72,Two year,Bank transfer (automatic),DSL,90.95,6468.6,No,0.0156259473266348,Low
3092-IGHWF,Male,0,Yes,Yes,67,One year,Electronic check,Fiber optic,87.4,5918.8,Yes,0.08756779932580452,Low
3374-PZLXD,Male,0,No,No,34,Month-to-month,Mailed check,No,19.7,675.6,No,0.04118992370688522,Low
3813-DHBBB,Male,0,Yes,No,67,Two year,Bank transfer (automatic),DSL,50.95,3521.7,No,0.010407499654681287,Low
2812-REYAT,Female,0,Yes,No,49,One year,Bank transfer (automatic),No,20.05,923.1,No,0.014828734157024313,Low
6518-PPLMZ,Male,0,Yes,Yes,53,Two year,Mailed check,No,19.4,1110.35,No,0.0046053637833388525,Low
4939-KYYPY,Male,0,No,No,27,Month-to-month,Electronic check,DSL,59.45,1611.65,No,0.1848994385039226,Low
8017-LXHFA,Female,1,No,No,23,Month-to-month,Electronic check,Fiber optic,94.75,2293.6,Yes,0.6663090976320524,Medium
5930-GBIWP,Male,0,No,No,69,Two year,Credit card (automatic),DSL,81.5,5553.25,No,0.010434413163349488,Low
6022-KOUQO,Female,0,Yes,Yes,2,Month-to-month,Bank transfer (automatic),DSL,29.05,44.75,No,0.378279336768443,Medium
6352-TWCAU,Female,0,No,No,35,Month-to-month,Electronic check,Fiber optic,86.45,3029.1,Yes,0.5590005185536725,Medium
2361-UPSND,Female,0,Yes,No,46,One year,Mailed check,DSL,70.6,3231.05,No,0.02501352819073534,Low
6035-RIIOM,Female,0,No,No,54,Two year,Bank transfer (automatic),Fiber optic,97.2,5129.45,No,0.12295065392040447,Low
2929-QNSRW,Female,0,Yes,No,56,One year,Electronic check,Fiber optic,98.25,5508.35,Yes,0.29012095045997804,Low
1262-OPMFY,Female,0,Yes,No,9,Month-to-month,Bank transfer (automatic),Fiber optic,75.75,655.9,Yes,0.5584719207847426,Medium
9504-DSHWM,Male,0,No,No,20,Month-to-month,Bank transfer (automatic),DSL,59.2,1191.2,No,0.13537007985903393,Low
5035-BVCXS,Male,0,No,No,11,Month-to-month,Mailed check,Fiber optic,75.9,866.4,No,0.4937947835699666,Medium
6267-DCFFZ,Female,1,Yes,No,30,Month-to-month,Electronic check,Fiber optic,90.05,2627.2,No,0.6060286955548476,Medium
3533-UVMOM,Male,0,Yes,No,68,Two year,Bank transfer (automatic),DSL,70.95,4741.45,No,0.007570472522646335,Low
2439-LYPMQ,Male,1,Yes,No,38,Month-to-month,Electronic check,Fiber optic,102.6,4009.2,No,0.6219382743802615,Medium
4248-QPAVC,Female,1,Yes,No,17,Month-to-month,Bank transfer (automatic),Fiber optic,85.35,1463.45,Yes,0.5160865488139023,Medium
1899-VXWXM,Male,0,No,No,48,One year,Credit card (automatic),Fiber optic,106.1,5082.8,Yes,0.2688378748792733,Low
1478-VPOAD,Female,0,No,No,1,Month-to-month,Electronic check,DSL,43.8,43.8,No,0.441123946530597,Medium
9995-HOTOH,Male,0,Yes,Yes,63,Two year,Electronic check,DSL,59.0,3707.6,No,0.0185748418616582,Low
2988-PLAHS,Female,0,No,No,3,One year,Electronic check,DSL,69.95,220.45,No,0.4283284459461084,Medium
1371-OJCEK,Female,0,No,No,48,One year,Bank transfer (automatic),No,24.35,1133.7,No,0.015013415549191247,Low
4999-IEZLT,Male,0,No,No,66,One year,Credit card (automatic),DSL,29.45,1983.15,No,0.013436453191644403,Low
8883-ANODQ,Female,0,Yes,Yes,68,Two year,Credit card (automatic),Fiber optic,84.4,5746.75,No,0.03703238751954351,Low
4690-LLKUA,Male,1,No,No,17,Month-to-month,Electronic check,DSL,45.05,770.6,Yes,0.3995111419552219,Medium
2351-RRBUE,Female,0,Yes,Yes,7,One year,Mailed check,No,20.65,134.05,No,0.07441646667617334,Low
5980-BDHPY,Male,0,Yes,No,72,Two year,Bank transfer (automatic),DSL,87.1,6230.1,No,0.013734946598842081,Low
1498-DQNRX,Female,0,Yes,No,29,Month-to-month,Mailed check,No,19.85,573.05,No,0.054279932149843495,Low
9469-WEJBT,Male,0,Yes,No,37,Month-to-month,Electronic check,Fiber optic,90.35,3419.3,No,0.39029064797135227,Medium
3331-HQDTW,Female,0,No,No,34,Month-to-month,Mailed check,Fiber optic,109.8,3587.25,Yes,0.4164361628808907,Medium
9490-DFPMD,Female,1,No,No,42,Month-to-month,Electronic check,Fiber optic,84.65,3541.35,Yes,0.5454870168491827,Medium
2581-VKIRT,Female,0,Yes,Yes,59,One year,Mailed check,DSL,65.5,3801.3,No,0.012552805401122333,Low
5442-XSDCW,Male,0,Yes,Yes,11,Month-to-month,Bank transfer (automatic),Fiber optic,79.5,868.5,Yes,0.5586742165376708,Medium
7426-WEIJX,Male,1,Yes,Yes,60,Month-to-month,Electronic check,Fiber optic,80.95,4859.1,No,0.22823221933462803,Low
2851-MMUTZ,Female,0,No,No,27,Month-to-month,Mailed check,DSL,56.15,1439.35,No,0.13230864998175348,Low
3049-NDXFL,Female,0,No,No,1,Month-to-month,Mailed check,Fiber optic,85.8,85.8,Yes,0.6476961276028719,Medium
8580-AECUZ,Male,1,No,No,1,Month-to-month,Electronic check,Fiber optic,79.1,79.1,Yes,0.7753044174103302,High
3307-TLCUD,Male,0,Yes,No,17,Month-to-month,Mailed check,DSL,34.4,592.75,No,0.22854711877410944,Low
6625-FLENO,Male,0,Yes,No,58,Two year,Mailed check,No,20.75,1185.95,No,0.002940572542595171,Low
2967-MXRAV,Male,0,Yes,Yes,1,One year,Mailed check,No,18.8,18.8,No,0.09615445389522474,Low
7963-GQRMY,Female,0,Yes,Yes,3,Month-to-month,Mailed check,DSL,44.3,134.5,Yes,0.3018988631498623,Medium
8189-HBVRW,Female,0,No,No,53,Month-to-month,Electronic check,Fiber optic,90.8,4921.2,No,0.19841215759000402,Low
4163-KIUHY,Male,0,No,No,35,Month-to-month,Electronic check,No,25.6,901.25,No,0.10165257807930751,Low
1228-FZFRV,Male,0,Yes,Yes,50,Month-to-month,Credit card (automatic),Fiber optic,105.95,5341.8,Yes,0.25210637779389355,Low
3500-NSDOA,Male,0,Yes,Yes,68,Two year,Credit card (automatic),DSL,70.8,4859.95,No,0.008471311001000867,Low
1171-TYKUR,Male,0,Yes,No,47,Month-to-month,Electronic check,No,25.4,1139.2,No,0.04075955715756956,Low
3761-FLYZI,Female,1,Yes,No,65,Month-to-month,Bank transfer (automatic),Fiber optic,108.8,7082.45,No,0.41403778510287886,Medium
2058-DCJBE,Male,0,No,No,5,Month-to-month,Electronic check,Fiber optic,69.75,324.6,Yes,0.6653295165392467,Medium
5364-XYIRR,Male,0,Yes,No,51,Month-to-month,Electronic check,Fiber optic,94.65,4812.75,Yes,0.5050873715842987,Medium
4829-AUOAX,Female,0,No,No,46,Month-to-month,Bank transfer (automatic),Fiber optic,96.05,4399.5,Yes,0.3943074752737432,Medium
1219-NNDDO,Female,0,No,No,9,Month-to-month,Electronic check,Fiber optic,76.85,663.55,No,0.6982188976071543,Medium
8388-DMKAE,Female,0,No,No,8,Two year,Mailed check,No,20.25,174.65,No,0.04020494490977805,Low
4403-BWPAY,Male,0,No,No,14,One year,Credit card (automatic),No,24.8,321.7,No,0.10053365319444883,Low
9659-QEQSY,Female,0,No,No,45,Month-to-month,Electronic check,Fiber optic,115.65,5125.5,No,0.37639461486606945,Medium
5405-ZMYXQ,Female,0,No,No,8,Month-to-month,Credit card (automatic),Fiber optic,74.6,548.9,No,0.6117535814167123,Medium
5047-LHVLY,Male,1,No,Yes,1,Month-to-month,Mailed check,DSL,50.15,50.15,Yes,0.43491407764331863,Medium
1442-OKRJE,Male,0,Yes,Yes,66,One year,Bank transfer (automatic),Fiber optic,103.15,7031.3,No,0.10171043667616551,Low
4737-AQCPU,Male,0,Yes,Yes,72,Two year,Credit card (automatic),DSL,72.1,5016.65,No,0.0037110631628427984,Low
9158-VCTQB,Female,0,Yes,No,41,Month-to-month,Bank transfer (automatic),Fiber optic,113.6,4594.95,Yes,0.32028829971255196,Medium
2808-CHTDM,Female,0,Yes,Yes,23,Two year,Mailed check,No,25.1,611.45,No,0.021118781916601676,Low
6311-UEUME,Female,0,No,No,29,Month-to-month,Electronic check,Fiber optic,78.9,2384.15,Yes,0.5313426907769662,Medium
0793-TWELN,Female,0,No,No,4,Month-to-month,Electronic check,Fiber optic,80.15,319.85,No,0.6476318665013256,Medium
3283-WCWXT,Male,0,Yes,Yes,6,Two year,Mailed check,No,25.4,153.3,No,0.04758084017007581,Low
1060-ENTOF,Female,1,Yes,No,67,One year,Credit card (automatic),Fiber optic,105.4,7035.6,No,0.09642539248973625,Low
0999-QXNSA,Male,1,No,Yes,7,Month-to-month,Mailed check,DSL,45.75,344.2,No,0.3859655764814349,Medium
5451-MHQOF,Male,0,Yes,Yes,56,One year,Mailed check,No,24.45,1431.65,No,0.011492437155186,Low
4836-WNFNO,Female,0,Yes,No,72,Two year,Credit card (automatic),No,25.0,1849.2,No,0.0020008103369805645,Low
9225-BZLNZ,Male,0,Yes,No,72,Two year,Electronic check,DSL,85.25,6083.1,No,0.02613468392176067,Low
0354-VXMJC,Male,0,Yes,Yes,23,Two year,Credit card (automatic),No,19.6,426.65,No,0.014952975248054022,Low
4422-QVIJA,Female,0,No,Yes,35,Month-to-month,Mailed check,DSL,50.15,1655.35,No,0.11891020504361219,Low
9365-SRSZE,Male,1,Yes,No,27,Month-to-month,Electronic check,Fiber optic,70.55,1943.9,No,0.5302713404040358,Medium
6839-ITVZJ,Female,0,Yes,Yes,26,Month-to-month,Electronic check,DSL,60.05,1616.15,Yes,0.2099184604080857,Low
8332-OSJDW,Male,0,Yes,Yes,12,One year,Mailed check,No,26.4,314.95,No,0.07339196306479827,Low
4735-BJKOU,Female,0,No,No,40,Two year,Mailed check,No,20.15,804.85,No,0.007640553323986798,Low
0274-JKUJR,Male,0,Yes,Yes,7,Month-to-month,Mailed check,DSL,58.85,465.7,No,0.35032276636677107,Medium
5740-YHGTW,Male,0,Yes,Yes,70,Month-to-month,Credit card (automatic),Fiber optic,97.55,6669.05,No,0.14070955660342666,Low
8917-SZTTJ,Male,0,Yes,Yes,60,Two year,Credit card (automatic),No,19.65,1161.75,No,0.0021440547598833492,Low
1696-MZVAU,Male,0,Yes,Yes,39,One year,Credit card (automatic),DSL,25.25,947.75,No,0.07918371016005155,Low
7359-WWYJV,Male,0,Yes,No,72,Two year,Credit card (automatic),Fiber optic,114.45,8375.05,No,0.03682339277736747,Low
0375-HVGXO,Female,0,No,No,1,Month-to-month,Electronic check,DSL,34.7,34.7,Yes,0.7165476460161009,High
4906-ZHGPK,Male,0,Yes,Yes,54,One year,Electronic check,DSL,70.7,3770.0,No,0.05716621170822651,Low
8593-WHYHV,Male,0,No,No,3,Month-to-month,Electronic check,Fiber optic,85.3,264.8,Yes,0.7735994211657118,High
3795-GWTRD,Female,0,Yes,Yes,63,Two year,Credit card (automatic),DSL,75.55,4707.85,No,0.005477741225565151,Low
1298-PHBTI,Male,0,Yes,Yes,71,Two year,Electronic check,Fiber optic,84.8,6152.4,No,0.03696144346710756,Low
6223-DHJGV,Female,0,No,No,42,One year,Mailed check,No,20.65,958.1,No,0.021244385991827416,Low
6961-MJKBO,Male,0,No,No,47,Two year,Bank transfer (automatic),No,20.45,943.0,No,0.0055121655023561995,Low
6097-EQISJ,Female,0,Yes,Yes,66,One year,Credit card (automatic),Fiber optic,102.45,6615.15,Yes,0.14946560112515656,Low
4423-YLHDV,Female,0,Yes,No,21,Month-to-month,Bank transfer (automatic),Fiber optic,104.4,2200.25,Yes,0.5566432295819428,Medium
8158-WPEZG,Male,0,No,No,11,Month-to-month,Electronic check,DSL,35.65,425.1,No,0.4269144463873563,Medium
0107-YHINA,Male,0,No,Yes,1,Month-to-month,Electronic check,Fiber optic,99.75,99.75,Yes,0.7802026316882493,High
4918-FYJNT,Female,1,Yes,No,55,Month-to-month,Electronic check,Fiber optic,90.45,5044.8,No,0.22476896247109926,Low
0727-BNRLG,Male,0,No,No,69,Two year,Credit card (automatic),Fiber optic,97.65,6743.55,No,0.04423766235112182,Low
4854-CIDCF,Female,1,No,No,3,Month-to-month,Electronic check,Fiber optic,73.85,196.4,No,0.6438045308690159,Medium
8640-SDGKB,Male,0,No,No,4,Month-to-month,Electronic check,DSL,74.4,299.7,Yes,0.4873805489357825,Medium
3280-MRDOF,Male,1,No,No,30,Two year,Credit card (automatic),DSL,69.1,2093.9,No,0.07001581490693937,Low
6435-SRWBJ,Female,0,No,No,5,Month-to-month,Electronic check,Fiber optic,82.75,417.75,No,0.6302160274306899,Medium
9964-WBQDJ,Female,0,Yes,No,71,Two year,Credit card (automatic),No,24.4,1725.4,No,0.002866588720588438,Low
6303-KFWSL,Female,0,No,No,29,One year,Electronic check,DSL,55.25,1620.2,No,0.16166019351457747,Low
1702-CCFNJ,Male,0,Yes,No,52,Month-to-month,Bank transfer (automatic),DSL,61.35,3169.55,No,0.05356961399840962,Low
8932-CZHRQ,Male,0,No,No,68,One year,Credit card (automatic),DSL,76.75,5233.25,No,0.02174786650332065,Low
0386-CWRGM,Female,0,Yes,Yes,46,Two year,Mailed check,No,19.4,967.85,No,0.004821919257259364,Low
5515-RUGKN,Male,0,No,No,8,Month-to-month,Credit card (automatic),DSL,54.75,438.05,No,0.40489023740552904,Medium
0404-AHASP,Male,0,Yes,No,72,Two year,Credit card (automatic),No,19.7,1421.9,No,0.001339916991287485,Low
7279-NMVJC,Female,0,No,No,17,One year,Bank transfer (automatic),No,19.9,323.15,No,0.05505807585151399,Low
2081-VEYEH,Male,0,No,No,3,Month-to-month,Electronic check,Fiber optic,107.95,318.6,No,0.6475389230929307,Medium
6407-UTSLV,Female,1,No,No,2,Month-to-month,Bank transfer (automatic),Fiber optic,83.8,163.7,No,0.6791418852113156,Medium
4116-TZAQJ,Female,0,No,No,9,Month-to-month,Credit card (automatic),Fiber optic,74.25,639.65,Yes,0.4449642056294573,Medium
9060-HJJRW,Female,0,No,No,51,One year,Credit card (automatic),DSL,56.4,2928.5,No,0.10044019315825814,Low
2587-YNLES,Female,0,Yes,Yes,6,Two year,Mailed check,No,20.1,100.35,No,0.0379419329257856,Low
7398-SKNQZ,Female,0,Yes,No,3,Month-to-month,Electronic check,Fiber optic,94.9,273.2,No,0.7492262350244756,High
5935-FCCNB,Female,1,No,No,17,Month-to-month,Electronic check,Fiber optic,94.2,1608.15,No,0.7755924957238117,High
1958-RNRKS,Male,0,Yes,No,30,Month-to-month,Electronic check,DSL,49.9,1441.95,No,0.21771468673153557,Low
5136-RGMZO,Male,0,No,No,31,Month-to-month,Electronic check,DSL,71.05,2168.15,No,0.2460888758918184,Low
8345-MVDYC,Female,0,No,No,45,Two year,Bank transfer (automatic),DSL,81.65,3618.7,No,0.02065948774463958,Low
8226-BXGES,Male,0,Yes,No,64,One year,Bank transfer (automatic),Fiber optic,89.45,5692.65,No,0.05680084870590697,Low
3877-JRJIP,Male,0,No,No,1,Month-to-month,Electronic check,DSL,59.85,59.85,Yes,0.6287436928854064,Medium
8375-DKEBR,Female,1,No,No,1,Month-to-month,Electronic check,Fiber optic,69.6,69.6,Yes,0.7456909051496127,High
9705-IOVQQ,Male,1,Yes,Yes,61,One year,Electronic check,Fiber optic,99.0,5969.3,No,0.20572637499855198,Low
1015-OWJKI,Male,0,No,No,1,Month-to-month,Mailed check,No,19.05,19.05,No,0.19638305733400244,Low
7511-YMXVQ,Male,0,No,No,9,Month-to-month,Electronic check,DSL,45.4,418.8,Yes,0.6806640118620144,Medium
2040-XBAVJ,Male,0,Yes,Yes,72,Two year,Bank transfer (automatic),Fiber optic,114.45,8100.55,No,0.0316778424483579,Low
7551-JOHTI,Female,0,No,No,1,Month-to-month,Mailed check,No,19.5,19.5,Yes,0.20065430049344815,Low
8887-IPQNC,Female,0,Yes,No,7,Month-to-month,Mailed check,DSL,44.25,313.45,No,0.37361393222502237,Medium
8646-JCOMS,Female,0,Yes,No,66,One year,Bank transfer (automatic),Fiber optic,90.55,6130.95,No,0.08437699789823407,Low
9804-ICWBG,Male,0,No,No,1,Month-to-month,Electronic check,Fiber optic,69.9,69.9,Yes,0.6993027141776107,Medium
1222-KJNZD,Male,0,Yes,Yes,40,Month-to-month,Bank transfer (automatic),No,20.4,745.3,No,0.03839953506793649,Low
0106-GHRQR,Male,0,No,No,16,Month-to-month,Bank transfer (automatic),DSL,71.4,1212.1,No,0.3772952442816549,Medium
5318-IXUZF,Female,0,No,No,2,Month-to-month,Bank transfer (automatic),Fiber optic,87.15,183.75,Yes,0.6393719091455304,Medium
3768-VHXQO,Male,0,Yes,No,67,Two year,Credit card (automatic),No,24.85,1583.5,No,0.0024113942488065616,Low
8952-WCVCD,Female,0,Yes,No,41,One year,Bank transfer (automatic),Fiber optic,104.45,4162.05,No,0.19419513169817096,Low
2418-TPEUN,Female,0,Yes,Yes,56,Two year,Credit card (automatic),No,19.8,1119.9,No,0.0038738169002048664,Low
3963-RYFNS,Female,0,No,No,72,Two year,Bank transfer (automatic),Fiber optic,116.45,8013.55,No,0.05172665056138007,Low
3198-VELRD,Female,0,Yes,Yes,3,Month-to-month,Bank transfer (automatic),Fiber optic,84.75,264.85,Yes,0.6884513550451934,Medium
8540-ZQGEA,Female,0,Yes,No,54,Two year,Credit card (automatic),No,20.05,1102.4,No,0.0035955803387065477,Low
1320-REHCS,Male,1,No,No,52,Month-to-month,Electronic check,Fiber optic,110.75,5832.0,No,0.4744346698999497,Medium
4137-JOPHL,Female,0,No,No,50,Two year,Bank transfer (automatic),Fiber optic,89.7,4304.5,No,0.06595085353542449,Low
9436-ZBZCT,Male,0,No,No,14,Month-to-month,Electronic check,Fiber optic,89.95,1178.4,Yes,0.6174908142587627,Medium
7801-CEDNV,Male,0,Yes,No,27,One year,Credit card (automatic),DSL,48.7,1421.75,No,0.05602470635850239,Low
2057-BOYKM,Female,1,Yes,No,72,Two year,Bank transfer (automatic),Fiber optic,96.6,6827.5,No,0.030588858777056457,Low
3658-QQJYD,Male,0,No,No,62,One year,Credit card (automatic),DSL,74.3,4698.05,No,0.03572402485132296,Low
1803-BGNBD,Female,0,No,No,12,Month-to-month,Electronic check,DSL,54.3,654.5,No,0.2899295167366257,Low
0134-XWXCE,Female,1,No,No,44,One year,Bank transfer (automatic),DSL,74.85,3268.05,No,0.07201686015309948,Low
6950-TWMYB,Male,0,Yes,Yes,54,Two year,Bank transfer (automatic),Fiber optic,79.95,4362.05,No,0.03344836985111,Low
5848-FHRFC,Female,0,No,No,68,Two year,Bank transfer (automatic),No,20.05,1386.9,No,0.0018754399525370837,Low
2243-FNMMI,Male,0,No,No,20,Month-to-month,Mailed check,No,19.4,415.4,No,0.08284244096554876,Low
2511-MORQY,Male,0,Yes,Yes,50,One year,Bank transfer (automatic),DSL,54.9,2614.1,No,0.03641945379027814,Low
5356-KZCKT,Male,0,No,No,58,Two year,Credit card (automatic),No,24.45,1513.6,No,0.005626192630926874,Low
9470-XCCEM,Male,0,Yes,Yes,35,Month-to-month,Bank transfer (automatic),Fiber optic,89.65,3161.6,No,0.4038953382795697,Medium
6519-CFDBX,Female,0,No,No,2,Month-to-month,Electronic check,DSL,45.4,80.95,No,0.5187445658188338,Medium
3902-MIVLE,Male,0,Yes,Yes,63,Two year,Mailed check,DSL,75.7,4676.7,No,0.008322506354183806,Low
0409-WTMPL,Female,0,Yes,No,58,One year,Credit card (automatic),Fiber optic,110.65,6526.65,No,0.1804263703931065,Low
8763-KIAFH,Female,0,Yes,Yes,27,One year,Mailed check,No,20.55,583.3,No,0.038552228420704444,Low
3669-WHAFY,Female,0,Yes,No,71,Two year,Credit card (automatic),Fiber optic,115.15,8078.1,No,0.05092891623691177,Low
3055-VTCGS,Female,0,No,No,63,One year,Credit card (automatic),DSL,58.55,3503.5,No,0.02352049228138824,Low
3144-KMTWZ,Male,0,Yes,No,71,Month-to-month,Bank transfer (automatic),Fiber optic,93.25,6669.45,No,0.21395711265797307,Low
7279-BUYWN,Female,1,No,No,41,Month-to-month,Electronic check,Fiber optic,113.2,4689.5,Yes,0.5502429602840107,Medium
7156-MHUGY,Male,1,No,No,13,Month-to-month,Electronic check,Fiber optic,90.5,1201.15,Yes,0.7493287433454249,High
7198-GLXTC,Male,0,No,No,2,Month-to-month,Electronic check,Fiber optic,79.0,143.65,Yes,0.6552010467604488,Medium
2007-QVGAW,Female,0,Yes,Yes,68,Two year,Bank transfer (automatic),No,19.35,1292.65,No,0.002191590397364284,Low
5207-PLSTK,Male,0,Yes,Yes,1,Month-to-month,Mailed check,DSL,48.75,48.75,No,0.3033115892110431,Medium
2307-FYNNL,Male,1,No,No,65,Two year,Electronic check,Fiber optic,109.05,7108.2,No,0.10551935726177143,Low
5605-XNWEN,Male,1,Yes,No,72,Two year,Bank transfer (automatic),No,25.0,1802.55,No,0.003664605219357604,Low
2155-AMQRX,Female,0,No,No,28,Month-to-month,Credit card (automatic),DSL,54.9,1505.15,No,0.17677185970330622,Low
6181-AXXYF,Male,0,Yes,Yes,72,Two year,Credit card (automatic),No,24.75,1859.1,No,0.0016753054735206133,Low
5091-HFAZW,Female,0,No,No,2,Month-to-month,Electronic check,Fiber optic,91.15,168.5,No,0.6124241615291242,Medium
0516-VRYBW,Female,0,No,Yes,18,One year,Bank transfer (automatic),No,20.15,390.85,Yes,0.04590142359052718,Low
2519-LBNQL,Male,1,Yes,No,60,One year,Electronic check,Fiber optic,104.35,6339.45,No,0.3266895680558109,Medium
8623-ULFNQ,Female,1,No,No,26,Month-to-month,Electronic check,DSL,66.05,1652.4,No,0.3620771500624474,Medium
8380-PEFPE,Male,0,No,Yes,1,Month-to-month,Electronic check,Fiber optic,71.65,71.65,Yes,0.6688698271164695,Medium
5687-DKDTV,Female,0,No,No,4,Month-to-month,Mailed check,No,20.35,77.5,Yes,0.17737738485202523,Low
1568-LJSZU,Male,0,Yes,Yes,68,Two year,Credit card (automatic),DSL,92.2,6392.85,No,0.014969804520052653,Low
7530-HDYDS,Female,0,No,No,38,Month-to-month,Credit card (automatic),Fiber optic,84.25,3264.5,Yes,0.21329376563068297,Low
7789-HKSBS,Female,1,Yes,No,42,One year,Bank transfer (automatic),Fiber optic,105.2,4599.15,No,0.3298485432535686,Medium
7416-CKTEP,Female,0,Yes,No,57,Two year,Bank transfer (automatic),No,19.6,1134.25,No,0.004668085833442549,Low
2586-CWXVV,Male,0,Yes,No,54,Month-to-month,Electronic check,DSL,30.4,1621.35,No,0.08109233446262695,Low
3096-IZETN,Female,0,No,No,12,Month-to-month,Bank transfer (automatic),Fiber optic,78.1,947.3,Yes,0.5079845505977947,Medium
2348-KCJLT,Female,0,Yes,No,44,One year,Mailed check,DSL,61.5,2722.2,No,0.03808434641020137,Low
8401-EMUWF,Male,0,Yes,Yes,42,Month-to-month,Bank transfer (automatic),DSL,69.4,3058.3,No,0.12116737940130004,Low
4193-IBKSW,Male,0,Yes,Yes,72,Two year,Bank transfer (automatic),No,24.75,1769.6,No,0.0017770761915694227,Low
5377-NDTOU,Female,0,Yes,Yes,71,Two year,Mailed check,DSL,91.05,6293.75,No,0.008990980246059698,Low
5922-ABDVO,Female,0,Yes,No,19,Month-to-month,Mailed check,Fiber optic,89.65,1761.05,Yes,0.5039996559908044,Medium
2474-LCNUE,Female,0,Yes,No,23,Month-to-month,Credit card (automatic),DSL,73.65,1642.75,No,0.3052864301598989,Medium
0839-QNXME,Female,0,No,No,30,Two year,Credit card (automatic),No,19.4,578.5,No,0.012387085420430105,Low
3506-OVLKD,Male,0,No,No,35,One year,Bank transfer (automatic),No,26.2,954.9,No,0.02991907983787395,Low
9172-ANCRX,Female,0,No,No,10,Month-to-month,Electronic check,Fiber optic,98.7,973.25,Yes,0.6972323463336025,Medium
6650-VJONK,Male,0,No,No,1,Month-to-month,Bank transfer (automatic),DSL,43.85,43.85,No,0.44670451658974775,Medium
2178-PMGCJ,Male,0,No,No,22,Month-to-month,Mailed check,Fiber optic,69.7,1490.4,No,0.42295795137824765,Medium
7492-TAFJD,Male,0,Yes,Yes,7,Two year,Mailed check,DSL,38.55,280.0,No,0.07616146094020272,Low
2773-MADBQ,Female,0,No,No,36,Two year,Mailed check,DSL,53.1,1901.25,No,0.033721644722755295,Low
6016-LVTJQ,Female,0,Yes,Yes,34,Month-to-month,Mailed check,No,20.65,716.4,No,0.03706235993984194,Low
7860-KSUGX,Male,0,Yes,Yes,72,Two year,Credit card (automatic),DSL,64.45,4720.0,No,0.004805766249299786,Low
8966-KZXXA,Male,0,Yes,Yes,36,Two year,Credit card (automatic),No,25.1,930.95,No,0.010432946088526796,Low
6910-HADCM,Female,0,No,No,1,Month-to-month,Electronic check,Fiber optic,76.35,76.35,Yes,0.6180786599467062,Medium
4816-LXZYW,Female,0,No,No,23,Month-to-month,Electronic check,Fiber optic,79.15,1676.95,Yes,0.5335174600468596,Medium
9606-PBKBQ,Male,1,Yes,No,32,Month-to-month,Electronic check,Fiber optic,85.0,2642.05,Yes,0.6179510185246195,Medium
5149-QYTTU,Female,0,Yes,Yes,71,One year,Credit card (automatic),Fiber optic,95.15,6770.85,No,0.04205577947489301,Low
2070-XYMFH,Female,1,No,No,23,Month-to-month,Mailed check,Fiber optic,79.35,1835.3,No,0.5393124101200533,Medium
2085-BOJKI,Male,0,Yes,No,17,One year,Bank transfer (automatic),Fiber optic,96.65,1588.25,No,0.438256666154089,Medium
0817-HSUSE,Male,0,No,No,1,Month-to-month,Electronic check,DSL,75.5,75.5,No,0.5161893387141954,Medium
5442-PPTJY,Male,0,Yes,Yes,12,Two year,Mailed check,No,19.7,258.35,No,0.027543361208686418,Low
1927-QEWMY,Female,0,Yes,No,72,Two year,Credit card (automatic),No,20.5,1502.25,No,0.0014158548701152238,Low
1663-MHLHE,Male,0,No,No,1,Month-to-month,Mailed check,No,19.2,19.2,No,0.19658730735383595,Low
5663-QBGIS,Male,1,Yes,No,72,Two year,Bank transfer (automatic),Fiber optic,98.35,6929.4,No,0.06900009790408651,Low
4450-MDZFX,Male,0,Yes,Yes,60,Month-to-month,Bank transfer (automatic),Fiber optic,74.35,4453.3,No,0.13991725108825254,Low
6701-DHKWQ,Female,0,Yes,Yes,61,Two year,Credit card (automatic),DSL,51.35,3244.4,No,0.01084354688869635,Low
7554-AKDQF,Female,0,Yes,No,6,Month-to-month,Mailed check,DSL,45.65,323.45,No,0.3125074749346948,Medium
3536-IQCTX,Male,1,Yes,No,32,Month-to-month,Electronic check,Fiber optic,85.3,2661.1,Yes,0.535874923829741,Medium
4911-BANWH,Female,0,No,Yes,31,Month-to-month,Credit card (automatic),Fiber optic,86.55,2697.4,Yes,0.4563362284368779,Medium
8496-EJAUI,Male,0,No,No,19,Month-to-month,Credit card (automatic),Fiber optic,73.85,1424.5,Yes,0.4102246815035272,Medium
0794-YVSGE,Male,0,Yes,Yes,72,Two year,Bank transfer (automatic),No,20.3,1401.15,No,0.0012493963181284206,Low
5423-BHIXO,Female,0,No,No,32,Month-to-month,Electronic check,DSL,54.2,1739.6,No,0.24630682277940896,Low
6908-VVYHM,Male,0,Yes,No,65,Month-to-month,Electronic check,Fiber optic,90.65,5931.0,No,0.3085471136825938,Medium
2959-EEXWB,Female,0,Yes,Yes,45,Month-to-month,Bank transfer (automatic),DSL,50.9,2333.85,No,0.16891151650970246,Low
1839-UMACK,Male,0,No,No,42,One year,Electronic check,No,25.05,949.85,No,0.02649942516552048,Low
3030-YDNRM,Male,0,No,No,8,Month-to-month,Electronic check,Fiber optic,74.85,572.45,No,0.6962318575130046,Medium
7321-KKSDU,Male,0,No,Yes,32,Two year,Mailed check,No,20.5,696.8,No,0.00991602468639537,Low
3402-XRIUO,Female,1,Yes,No,22,Month-to-month,Mailed check,DSL,63.55,1381.8,No,0.17171721674447002,Low
3132-TVFDZ,Male,1,Yes,No,57,Month-to-month,Electronic check,DSL,44.85,2572.95,Yes,0.2335037049965537,Low
8286-AFUYI,Male,0,No,No,1,Month-to-month,Electronic check,DSL,47.95,47.95,No,0.3389896930481707,Medium
8080-DDEMJ,Male,1,No,No,1,Month-to-month,Electronic check,DSL,45.1,45.1,Yes,0.4907635429729024,Medium
8356-WUAOJ,Female,0,Yes,No,1,Month-to-month,Electronic check,DSL,45.0,45.0,No,0.5303820487428512,Medium
6365-MTGZX,Male,0,No,No,24,Month-to-month,Electronic check,Fiber optic,96.0,2122.45,Yes,0.5384605174165009,Medium
1349-WXNGG,Male,0,No,No,1,Month-to-month,Bank transfer (automatic),No,20.05,20.05,Yes,0.20778137016469514,Low
8058-DMYRU,Male,1,No,No,54,Month-to-month,Electronic check,Fiber optic,90.05,4931.8,No,0.43290050704026267,Medium
9350-ZXYJC,Female,0,No,No,4,Two year,Credit card (automatic),No,25.3,116.95,No,0.08365058278520292,Low
6990-YNRIO,Male,0,Yes,Yes,65,Two year,Bank transfer (automatic),Fiber optic,108.65,6937.95,Yes,0.03893133975071405,Low
8958-JPTRR,Female,0,Yes,No,56,One year,Electronic check,No,24.3,1261.7,No,0.013203460655779287,Low
6959-GQEGV,Male,0,No,No,45,Month-to-month,Electronic check,DSL,75.95,3273.8,No,0.1760800649401355,Low
3173-WSSUE,Female,0,Yes,Yes,71,Two year,Credit card (automatic),No,19.7,1415.85,No,0.0012422552507214538,Low
1265-HVPZB,Male,0,Yes,No,59,One year,Credit card (automatic),DSL,66.4,3958.2,No,0.01847271658276672,Low
4115-UMJFQ,Male,0,No,No,69,One year,Bank transfer (automatic),DSL,35.75,2492.25,No,0.023617971000277124,Low
7369-TRPFD,Male,0,No,No,19,One year,Mailed check,No,18.8,279.2,No,0.0443925307562775,Low
1098-KFQEC,Female,0,Yes,Yes,55,Two year,Credit card (automatic),No,19.4,1083.0,No,0.0028681901295679445,Low
7190-XHTWJ,Female,0,No,No,38,One year,Mailed check,No,19.3,755.5,No,0.0177251994558814,Low
0621-TWIEM,Male,0,No,No,10,Month-to-month,Electronic check,DSL,45.55,402.6,Yes,0.42123611626898605,Medium
3537-RYBHH,Female,1,Yes,No,47,Month-to-month,Credit card (automatic),DSL,67.45,3252.0,No,0.10637433410045215,Low
2485-ITVKB,Female,0,Yes,No,2,Month-to-month,Electronic check,DSL,35.1,68.75,Yes,0.7100205756434109,High
3669-OYSJI,Male,0,No,No,1,Month-to-month,Credit card (automatic),DSL,46.2,46.2,Yes,0.3481950634086586,Medium
1612-EOHDH,Female,0,No,No,1,Month-to-month,Electronic check,DSL,45.15,45.15,Yes,0.44399638014072973,Medium
6702-OHFWR,Male,1,No,No,1,Month-to-month,Electronic check,DSL,43.3,43.3,Yes,0.7083612478926519,High
5296-BFCYD,Male,0,Yes,Yes,46,Two year,Mailed check,No,20.1,936.85,No,0.006619457370303786,Low
4510-PYUSH,Female,1,No,No,38,Month-to-month,Credit card (automatic),DSL,57.15,2250.65,Yes,0.1085663790329125,Low
9359-JANWS,Female,0,Yes,No,65,Two year,Credit card (automatic),DSL,58.9,3857.1,No,0.004239455298801347,Low
7517-SAWMO,Female,0,Yes,No,19,Month-to-month,Electronic check,Fiber optic,73.2,1441.1,Yes,0.45613231924929226,Medium
4143-HHPMK,Male,0,No,No,52,Month-to-month,Electronic check,Fiber optic,85.35,4338.6,Yes,0.31226120738512125,Medium
3279-DYZQM,Male,0,Yes,Yes,71,Two year,Mailed check,No,19.45,1378.45,No,0.0012281292333777539,Low
7054-LGEQW,Female,0,No,No,1,Month-to-month,Mailed check,DSL,45.95,45.95,Yes,0.35877811398062126,Medium
0523-VNGTF,Female,1,No,No,52,Month-to-month,Electronic check,DSL,50.5,2566.3,No,0.1580423591582407,Low
9575-IWCAZ,Male,0,Yes,No,6,One year,Mailed check,No,25.1,171.0,No,0.11092916566537692,Low
7105-MXJLL,Female,1,Yes,No,26,One year,Mailed check,DSL,60.7,1597.4,No,0.13164517012958277,Low
7064-FRRSW,Male,1,No,No,48,One year,Electronic check,Fiber optic,99.0,4744.35,No,0.3840762425025178,Medium
7940-UQQUG,Female,0,Yes,Yes,64,One year,Bank transfer (automatic),Fiber optic,104.4,6721.6,No,0.11598728938717326,Low
0923-PNFUB,Female,0,No,No,3,Month-to-month,Electronic check,Fiber optic,83.75,247.25,Yes,0.6130859294312306,Medium
3961-SXAXY,Male,0,No,No,1,Month-to-month,Bank transfer (automatic),DSL,44.05,44.05,No,0.447130894277475,Medium
7010-BRBUU,Male,0,Yes,Yes,72,Two year,Credit card (automatic),No,24.1,1734.65,No,0.001601645371034099,Low
3566-HJGPK,Male,0,No,No,1,Month-to-month,Mailed check,DSL,45.55,45.55,No,0.43501649229707656,Medium
3062-ICYZQ,Female,0,Yes,Yes,51,Month-to-month,Electronic check,Fiber optic,93.8,4539.35,No,0.2743744709242754,Low
9938-PRCVK,Female,0,Yes,Yes,41,Two year,Bank transfer (automatic),No,19.7,804.25,No,0.006552183601212049,Low
0973-KYVNF,Female,0,Yes,Yes,72,Two year,Credit card (automatic),DSL,70.65,5011.15,No,0.007282357684469563,Low
5129-HHMZC,Female,0,Yes,No,43,Two year,Credit card (automatic),DSL,86.45,3574.5,No,0.0235735716608937,Low
9637-CDTKZ,Male,0,Yes,No,72,Two year,Credit card (automatic),Fiber optic,114.1,8086.4,No,0.0468297043910519,Low
3946-JEWRQ,Male,0,Yes,No,47,One year,Credit card (automatic),Fiber optic,95.2,4563.0,No,0.29280998285181803,Low
7873-CVMAW,Male,0,No,No,72,Two year,Credit card (automatic),DSL,88.55,6362.35,No,0.009421196514680132,Low
0463-WZZKO,Male,0,No,No,3,Month-to-month,Credit card (automatic),No,20.75,67.1,No,0.23544414032786853,Low
3494-JCHRQ,Male,0,No,No,1,Month-to-month,Electronic check,Fiber optic,70.05,70.05,Yes,0.6995746842657131,Medium
6474-FVJLC,Male,0,No,No,2,Month-to-month,Electronic check,Fiber optic,86.0,165.45,Yes,0.7793872598191348,High
4524-QCSSM,Male,0,No,No,26,Month-to-month,Bank transfer (automatic),DSL,44.65,1156.55,No,0.25223167274009506,Low
5832-EXGTT,Male,0,Yes,Yes,29,Month-to-month,Mailed check,DSL,60.2,1834.15,No,0.15313234437718193,Low
8840-DQLGN,Female,1,Yes,No,35,Month-to-month,Bank transfer (automatic),Fiber optic,100.5,3653.35,Yes,0.3511931002918164,Medium
2039-JONDJ,Male,0,No,No,27,One year,Bank transfer (automatic),DSL,55.45,1477.65,No,0.05299915353127155,Low
7217-JYHOQ,Male,0,Yes,Yes,24,Month-to-month,Credit card (automatic),DSL,70.3,1706.45,No,0.11586710823257222,Low
6695-FRVEC,Male,0,Yes,Yes,67,Two year,Bank transfer (automatic),DSL,60.4,3953.7,No,0.00506708585588127,Low
4547-LYTDD,Female,0,No,No,16,Month-to-month,Electronic check,Fiber optic,72.65,1194.3,Yes,0.5530636168892915,Medium
9894-QMIMJ,Female,0,No,No,23,One year,Bank transfer (automatic),DSL,55.8,1327.85,No,0.08951133423523812,Low
8069-YQQAJ,Male,0,No,No,14,Month-to-month,Mailed check,DSL,31.1,419.7,No,0.3878181590191457,Medium
6770-XUAGN,Female,0,Yes,Yes,1,Month-to-month,Electronic check,No,21.0,21.0,Yes,0.30688456499337335,Medium
4193-ORFCL,Female,1,No,No,1,Month-to-month,Mailed check,DSL,45.1,45.1,Yes,0.4069475802241802,Medium
1636-NTNCO,Male,1,No,No,4,Month-to-month,Credit card (automatic),DSL,50.95,207.35,No,0.654041652468348,Medium
3466-WAESX,Male,0,No,Yes,16,Month-to-month,Electronic check,DSL,69.1,1083.7,No,0.31755422345731066,Medium
9281-PKKZE,Female,0,Yes,No,46,Month-to-month,Electronic check,DSL,43.95,2007.85,No,0.28627376717695946,Low
3638-VBZTA,Male,0,No,Yes,68,Two year,Bank transfer (automatic),DSL,86.5,5882.75,No,0.014548236537415807,Low
7459-IMVYU,Male,0,No,No,38,Month-to-month,Electronic check,DSL,69.95,2657.55,No,0.08501497607317564,Low
7776-QWNFX,Male,1,Yes,No,30,Month-to-month,Bank transfer (automatic),DSL,50.4,1527.5,Yes,0.19662528219306552,Low
6689-TCZHQ,Female,1,No,No,5,Month-to-month,Electronic check,Fiber optic,78.95,378.4,Yes,0.6865419041796605,Medium
8563-OYMQY,Male,0,No,No,17,Month-to-month,Credit card (automatic),Fiber optic,90.95,1612.2,No,0.49406613638026037,Medium
0754-EEBDC,Male,0,Yes,Yes,4,Two year,Mailed check,No,19.9,76.65,No,0.041216326533081354,Low
5777-ZPQNC,Female,0,No,No,12,One year,Electronic check,No,20.15,260.7,No,0.09413902778600176,Low
1951-IEYXM,Male,0,Yes,Yes,72,Two year,Credit card (automatic),DSL,90.6,6441.85,No,0.011878886272788335,Low
3318-NMQXL,Male,0,No,No,3,Month-to-month,Electronic check,Fiber optic,92.0,266.8,No,0.7667939878054443,High
3143-ILDAL,Male,0,No,No,56,Month-to-month,Electronic check,Fiber optic,94.45,5124.6,Yes,0.2850674367997038,Low
1022-RKXDR,Female,0,No,No,41,One year,Mailed check,No,24.85,962.25,No,0.028297351881826218,Low
2361-FJWNO,Male,0,No,No,40,One year,Credit card (automatic),DSL,36.0,1382.9,No,0.04260459312096741,Low
2272-UOINI,Female,0,No,No,7,Month-to-month,Electronic check,DSL,78.5,571.05,No,0.34275896565007236,Medium
8232-UTFOZ,Male,0,No,No,69,Two year,Credit card (automatic),No,19.95,1399.35,No,0.0015880997797104164,Low
3750-YHRYO,Male,0,Yes,Yes,7,One year,Mailed check,No,20.65,150.0,No,0.07319396454117418,Low
6637-KYRCV,Female,0,Yes,Yes,5,Month-to-month,Electronic check,DSL,30.5,167.2,No,0.5554125466478632,Medium
5668-MEISB,Female,0,Yes,Yes,72,Two year,Credit card (automatic),Fiber optic,106.1,7657.4,No,0.02167488096492122,Low
0129-QMPDR,Male,0,Yes,Yes,44,One year,Bank transfer (automatic),No,20.5,865.05,No,0.016398083943312873,Low
7188-CBBBA,Female,0,No,No,65,One year,Electronic check,Fiber optic,95.5,6153.85,No,0.1889206362059234,Low
5356-CSVSQ,Female,0,No,No,3,Month-to-month,Electronic check,DSL,64.6,174.2,No,0.4363498748287082,Medium
3221-CJMSG,Male,0,No,No,24,Month-to-month,Credit card (automatic),DSL,51.1,1269.6,No,0.16386825994620963,Low
4720-VSTSI,Female,0,No,No,44,Month-to-month,Bank transfer (automatic),Fiber optic,84.8,3862.55,Yes,0.31832379509837816,Medium
3219-JQRSL,Female,1,Yes,No,72,Two year,Credit card (automatic),DSL,89.1,6352.4,No,0.01192286786958435,Low
2801-NISEI,Male,0,No,No,24,Month-to-month,Electronic check,DSL,54.95,1348.5,No,0.1219387486292998,Low
3946-MHCZW,Male,0,No,No,1,Month-to-month,Mailed check,DSL,50.9,50.9,Yes,0.3415391195088188,Medium
4623-ZKHLY,Male,0,Yes,No,22,Month-to-month,Bank transfer (automatic),No,20.45,471.55,No,0.11045675485705295,Low
6732-VAILE,Male,0,Yes,Yes,70,Two year,Credit card (automatic),DSL,85.95,5931.75,No,0.0169606687148777,Low
8201-AAXCB,Male,0,Yes,Yes,25,Month-to-month,Electronic check,DSL,60.35,1404.65,No,0.27679243668743436,Low
7696-CFTAT,Male,0,Yes,Yes,37,Two year,Bank transfer (automatic),No,19.8,726.1,No,0.007909999888534417,Low
1845-CSBRZ,Female,1,Yes,Yes,22,Month-to-month,Bank transfer (automatic),Fiber optic,85.35,1961.6,No,0.5171849622840734,Medium
2123-VSCOT,Female,0,Yes,Yes,59,Two year,Bank transfer (automatic),DSL,72.1,4194.85,No,0.020569041989097325,Low
6651-AZVTJ,Male,0,Yes,Yes,49,Month-to-month,Electronic check,Fiber optic,99.8,4872.45,Yes,0.48725505304422184,Medium
4566-GOLUK,Male,0,Yes,Yes,47,Month-to-month,Bank transfer (automatic),Fiber optic,107.35,5118.95,Yes,0.37529574483658906,Medium
2484-DGXPZ,Female,0,Yes,Yes,31,Month-to-month,Mailed check,No,19.55,658.95,Yes,0.05943446952954916,Low
2018-QKYGT,Male,0,Yes,Yes,1,Month-to-month,Electronic check,Fiber optic,81.05,81.05,No,0.7111599874932348,High
2792-VPPET,Male,0,No,No,3,Month-to-month,Electronic check,No,20.5,76.95,No,0.3124596914596013,Medium
7409-JURKQ,Female,0,Yes,No,53,One year,Bank transfer (automatic),Fiber optic,111.8,5809.75,No,0.21042509363874926,Low
3247-MHJKM,Male,0,No,No,1,Month-to-month,Mailed check,No,20.2,20.2,No,0.1979530743954573,Low
1964-SVLEA,Male,0,No,No,20,One year,Mailed check,No,19.7,415.9,No,0.06112466181491205,Low
4587-NUKOX,Female,0,No,No,3,Month-to-month,Electronic check,Fiber optic,79.1,246.5,Yes,0.5546085038257991,Medium
7297-DVYGA,Female,0,No,No,51,One year,Bank transfer (automatic),No,19.85,996.95,No,0.013453035016845086,Low
2239-CGBUZ,Female,0,Yes,No,51,One year,Bank transfer (automatic),DSL,60.5,3145.15,No,0.022378385808836422,Low
0854-UYHZD,Female,0,Yes,Yes,13,Two year,Mailed check,No,19.55,265.3,No,0.02661480020048469,Low
7243-LCGGZ,Female,0,No,No,1,Month-to-month,Mailed check,No,20.9,20.9,No,0.20259798441493443,Low
8267-KFGYD,Male,0,No,Yes,1,Month-to-month,Mailed check,No,21.05,21.05,No,0.23109687898325998,Low
4890-VMUAV,Male,0,No,No,63,One year,Electronic check,DSL,71.5,4576.3,No,0.019698252038763867,Low
9261-WDCAF,Male,0,No,No,3,Month-to-month,Mailed check,DSL,54.65,189.1,No,0.38000639838996364,Medium
3764-MNMOI,Male,0,No,No,46,Two year,Credit card (automatic),No,19.2,908.15,No,0.005245344313583158,Low
7442-YGZFK,Male,0,No,No,1,Month-to-month,Credit card (automatic),DSL,49.8,49.8,No,0.48706758700167774,Medium
0420-BWTPW,Male,0,No,Yes,8,Month-to-month,Mailed check,DSL,25.5,215.2,Yes,0.3782898398336878,Medium
8229-BUJHX,Female,0,Yes,Yes,71,Two year,Bank transfer (automatic),No,20.5,1500.95,No,0.0014022824537775068,Low
7449-HVPIV,Male,0,Yes,Yes,55,Month-to-month,Credit card (automatic),Fiber optic,90.4,5099.15,No,0.28604324926169117,Low
5504-WSIUR,Female,0,No,No,70,One year,Bank transfer (automatic),Fiber optic,90.25,6385.95,No,0.07279273823477768,Low
8183-ONMXC,Female,0,No,No,2,Month-to-month,Electronic check,Fiber optic,80.75,159.45,Yes,0.6671565809508316,Medium
8466-PZBLH,Male,0,Yes,Yes,67,Two year,Bank transfer (automatic),Fiber optic,104.6,6885.75,No,0.03628557834376757,Low
9614-RMGHA,Male,0,Yes,No,65,Month-to-month,Bank transfer (automatic),Fiber optic,91.85,5940.85,Yes,0.24876913633224426,Low
8735-IJJEG,Male,0,Yes,No,14,Month-to-month,Credit card (automatic),DSL,50.2,668.85,No,0.2213136712214445,Low
0564-MUUQK,Female,0,Yes,Yes,20,Month-to-month,Bank transfer (automatic),Fiber optic,95.5,1916.2,No,0.47226801710727917,Medium
5054-IEXZT,Male,0,No,Yes,1,Month-to-month,Electronic check,Fiber optic,75.35,75.35,Yes,0.6264635631053589,Medium
5834-ASPWA,Male,0,No,No,1,Month-to-month,Electronic check,Fiber optic,75.45,75.45,Yes,0.748450644878971,High
0701-RFGFI,Female,0,Yes,Yes,49,Month-to-month,Bank transfer (automatic),Fiber optic,95.4,4613.95,No,0.4129114345430357,Medium
0019-EFAEP,Female,0,No,No,72,Two year,Bank transfer (automatic),Fiber optic,101.3,7261.25,No,0.04874795922828908,Low
5619-PTMIK,Female,0,Yes,No,46,Month-to-month,Electronic check,DSL,53.1,2459.8,No,0.09143739806917392,Low
3737-XBQDD,Male,0,No,No,24,Month-to-month,Bank transfer (automatic),Fiber optic,84.85,2048.8,No,0.4555867954124389,Medium
5882-CMAZQ,Female,0,Yes,Yes,5,Month-to-month,Electronic check,DSL,34.25,163.55,No,0.3750177876713856,Medium
5846-QFDFI,Female,0,Yes,Yes,33,Month-to-month,Credit card (automatic),Fiber optic,88.6,2888.7,No,0.19881167241502978,Low
4445-KWOKW,Female,0,No,No,42,One year,Bank transfer (automatic),DSL,60.15,2421.6,No,0.053968322831163776,Low
3511-APPBJ,Male,0,No,No,23,One year,Credit card (automatic),Fiber optic,99.95,2292.75,No,0.2920624959642965,Low
7967-HYCDE,Male,0,No,No,8,Month-to-month,Bank transfer (automatic),Fiber optic,70.7,553.4,No,0.48604219716004643,Medium
2430-RRYUW,Male,0,No,No,66,One year,Mailed check,DSL,54.8,3465.7,No,0.013658262773586857,Low
3948-XHGNA,Male,0,No,No,24,Month-to-month,Bank transfer (automatic),DSL,49.55,1210.4,Yes,0.1679437814173403,Low
3723-BFBGR,Male,1,No,No,24,Month-to-month,Credit card (automatic),DSL,54.8,1291.3,No,0.20947111137105276,Low
0565-IYCGT,Male,0,No,No,69,One year,Credit card (automatic),DSL,78.6,5356.45,Yes,0.020177983732183855,Low
5447-WZAFP,Female,0,No,No,53,One year,Mailed check,Fiber optic,100.3,5200.8,No,0.18891532083080265,Low
5110-CHOPY,Female,0,No,No,60,Two year,Electronic check,DSL,53.6,3237.05,No,0.026863178927178193,Low
5445-UTODQ,Female,0,Yes,No,7,Month-to-month,Electronic check,Fiber optic,81.1,576.65,Yes,0.7052304370681637,High
4425-OWHWB,Female,0,No,No,20,One year,Credit card (automatic),No,19.35,433.75,No,0.06113843098220131,Low
7892-QVYKW,Female,0,Yes,Yes,23,Month-to-month,Electronic check,Fiber optic,85.6,1868.4,No,0.5204749379849151,Medium
9675-ICXCT,Male,0,Yes,Yes,72,Two year,Electronic check,DSL,80.8,5728.55,No,0.013097792677084925,Low
1024-VRZHF,Male,0,Yes,No,11,Month-to-month,Electronic check,Fiber optic,74.95,825.7,Yes,0.6760388125873732,Medium
4703-MQYKT,Male,0,No,No,21,Two year,Mailed check,No,19.6,390.4,No,0.019806827858783235,Low
9497-QCMMS,Male,1,No,No,1,Month-to-month,Electronic check,Fiber optic,93.55,93.55,Yes,0.8424103586055424,High
5692-ICXLW,Male,1,No,No,31,Month-to-month,Electronic check,Fiber optic,90.7,2845.15,No,0.6037382618198843,Medium
0602-DDUML,Female,0,No,No,57,Two year,Mailed check,DSL,69.75,3894.4,No,0.01066054229552136,Low
2208-MPXIO,Female,0,Yes,Yes,45,Two year,Bank transfer (automatic),No,20.0,886.4,No,0.00751153914760988,Low
1960-UYCNN,Male,0,No,No,10,Month-to-month,Electronic check,Fiber optic,95.25,1021.55,No,0.6952438245056026,Medium
0348-SDKOL,Female,0,Yes,No,58,Month-to-month,Credit card (automatic),Fiber optic,102.1,5885.4,Yes,0.29553344792615394,Low
3190-FZATL,Male,0,No,Yes,14,Month-to-month,Mailed check,No,19.95,268.4,No,0.0955650938928711,Low
7336-RLLRH,Male,0,Yes,No,27,One year,Mailed check,DSL,80.85,2204.35,No,0.09252353990913603,Low
4373-MAVJG,Female,0,Yes,Yes,14,Month-to-month,Bank transfer (automatic),Fiber optic,90.9,1259.0,Yes,0.5724170025553188,Medium
8901-HJXTF,Female,0,Yes,Yes,12,Month-to-month,Mailed check,DSL,29.2,309.1,Yes,0.29617326765264845,Low
7710-JSYOA,Female,0,Yes,Yes,69,Two year,Bank transfer (automatic),Fiber optic,93.3,6398.05,No,0.04085695971805918,Low
5419-KLXBN,Female,0,Yes,Yes,25,Month-to-month,Bank transfer (automatic),Fiber optic,89.15,2257.75,Yes,0.41082693704495055,Medium
3424-NMNBO,Male,1,Yes,No,58,One year,Electronic check,Fiber optic,108.85,6287.25,Yes,0.2634508432731901,Low
9885-MFVSU,Female,0,Yes,Yes,35,Two year,Credit card (automatic),DSL,46.35,1662.05,No,0.03539826487570113,Low
4514-GFCFI,Female,1,No,No,16,Month-to-month,Electronic check,Fiber optic,84.75,1350.15,Yes,0.7357621790565912,High
0607-MVMGC,Male,0,Yes,Yes,45,One year,Credit card (automatic),DSL,78.75,3600.65,No,0.0721300710616356,Low
3365-SAIGS,Female,0,No,No,17,Month-to-month,Electronic check,Fiber optic,83.55,1329.15,No,0.5794175942845222,Medium
9828-AOQLM,Female,0,Yes,Yes,1,Month-to-month,Electronic check,DSL,45.7,45.7,Yes,0.4929305557947104,Medium
8022-BECSI,Male,0,No,No,22,One year,Mailed check,No,19.6,422.5,No,0.03937207893514512,Low
8000-REIQB,Female,1,No,No,1,Month-to-month,Electronic check,Fiber optic,69.95,69.95,Yes,0.7462629283718405,High
9993-LHIEB,Male,0,Yes,Yes,67,Two year,Mailed check,DSL,67.85,4627.65,No,0.0049841134642485616,Low
0266-CLZKZ,Female,0,Yes,Yes,67,Two year,Bank transfer (automatic),Fiber optic,105.65,6717.9,No,0.06869240438810768,Low
7615-ESMYF,Female,0,Yes,No,2,Month-to-month,Electronic check,DSL,44.6,97.1,Yes,0.6773298276711205,Medium
3858-VOBET,Male,0,No,No,23,Month-to-month,Electronic check,Fiber optic,74.95,1710.45,Yes,0.5756655948167526,Medium
7020-OZKXZ,Female,1,No,No,9,Month-to-month,Credit card (automatic),Fiber optic,75.5,637.4,No,0.5007212241021465,Medium
3977-QCRSL,Female,0,No,No,5,Month-to-month,Mailed check,No,20.15,117.95,No,0.17048751728907824,Low
0017-DINOC,Male,0,No,No,54,Two year,Credit card (automatic),DSL,45.2,2460.55,No,0.012133166618356058,Low
1447-PJGGA,Female,0,No,No,57,Two year,Electronic check,Fiber optic,95.25,5464.65,Yes,0.13855721352335676,Low
8565-CLBZW,Male,0,No,No,24,Month-to-month,Mailed check,Fiber optic,89.85,2165.05,Yes,0.5399268755026996,Medium
9139-WQQDY,Female,0,Yes,Yes,49,One year,Mailed check,Fiber optic,100.45,4941.8,Yes,0.18138496690694514,Low
0224-HJAPT,Male,0,No,No,5,Month-to-month,Electronic check,DSL,47.15,223.15,Yes,0.4469951726486271,Medium
8086-OVPWV,Male,0,No,No,2,Month-to-month,Electronic check,Fiber optic,80.2,181.1,Yes,0.7350483020580463,High
9430-FRQOC,Female,0,No,Yes,4,Month-to-month,Mailed check,Fiber optic,87.1,341.45,Yes,0.5213735071842384,Medium
7639-OPLNG,Male,0,Yes,Yes,70,Two year,Bank transfer (automatic),DSL,79.25,5731.85,No,0.009469779047177265,Low
3074-GQWYX,Male,0,No,No,5,Month-to-month,Bank transfer (automatic),Fiber optic,75.9,357.75,Yes,0.6562808889907217,Medium
1492-QGCLU,Male,0,Yes,Yes,53,Month-to-month,Electronic check,DSL,85.7,4616.1,No,0.09738932486396505,Low
6845-RGTYS,Female,0,Yes,No,47,Month-to-month,Electronic check,Fiber optic,98.75,4533.7,Yes,0.34370089967737877,Medium
7328-OWMOM,Female,0,No,Yes,31,One year,Credit card (automatic),No,20.1,589.25,No,0.021281109817989374,Low
4418-LZMSV,Male,0,Yes,Yes,13,Month-to-month,Bank transfer (automatic),DSL,61.8,750.1,No,0.14423292037000127,Low
5155-AZQPB,Female,0,Yes,Yes,28,Month-to-month,Mailed check,DSL,49.9,1410.25,No,0.15890299499197036,Low
8861-HGGKB,Female,0,No,No,10,Month-to-month,Electronic check,Fiber optic,86.45,830.85,Yes,0.6641003242857836,Medium
1087-GRUYI,Male,0,Yes,No,38,Two year,Bank transfer (automatic),No,20.4,743.5,No,0.008798419958203185,Low
7065-YUNRY,Female,0,No,No,1,Month-to-month,Mailed check,DSL,45.3,45.3,Yes,0.4401374286164279,Medium
7694-VLBWQ,Male,0,Yes,No,67,One year,Electronic check,Fiber optic,104.1,7040.85,Yes,0.18645513773045086,Low
2546-KZAAT,Male,0,Yes,No,52,One year,Mailed check,DSL,75.4,3865.45,No,0.05059207170495416,Low
0181-RITDD,Male,0,Yes,Yes,62,Two year,Mailed check,Fiber optic,108.15,6825.65,No,0.028000319267125866,Low
5989-PGKJB,Female,0,No,No,16,Month-to-month,Electronic check,Fiber optic,86.25,1340.1,No,0.6026016903058554,Medium
4795-KTRTH,Female,1,Yes,No,5,Month-to-month,Electronic check,Fiber optic,81.0,371.65,Yes,0.7335672403550496,High
8272-ONJLV,Male,0,No,No,12,One year,Electronic check,Fiber optic,95.7,1184.0,No,0.46595686818949184,Medium
1488-PBLJN,Female,0,Yes,Yes,72,Two year,Bank transfer (automatic),Fiber optic,116.85,8477.7,No,0.05160032496315806,Low
0308-GIQJT,Male,1,No,No,71,One year,Bank transfer (automatic),Fiber optic,105.75,7382.85,No,0.11911791508052295,Low
3778-FOAQW,Female,0,Yes,No,24,One year,Mailed check,No,20.15,456.85,No,0.03653868523837377,Low
4452-ROHMO,Female,0,No,No,15,Two year,Mailed check,No,19.6,331.6,No,0.02812951868538162,Low
6481-OGDOO,Male,0,Yes,No,67,One year,Credit card (automatic),Fiber optic,90.6,6056.15,Yes,0.06963893009144484,Low
3090-LETTY,Male,0,No,Yes,2,Month-to-month,Bank transfer (automatic),DSL,60.95,134.6,No,0.2559123828956643,Low
5349-AZPEW,Female,0,Yes,Yes,5,Month-to-month,Mailed check,DSL,25.05,125.5,No,0.41912699383132473,Medium
3753-TSEMP,Female,0,Yes,No,15,Month-to-month,Electronic check,Fiber optic,88.15,1390.6,Yes,0.6190789597423917,Medium
8305-VHZBZ,Male,0,No,No,1,Month-to-month,Mailed check,No,20.2,20.2,Yes,0.2585604874891335,Low
9720-JJJOR,Male,0,Yes,Yes,41,One year,Bank transfer (automatic),DSL,60.3,2511.3,No,0.0374852171178844,Low
8100-HZZLJ,Female,0,No,Yes,43,Month-to-month,Electronic check,DSL,63.95,2737.05,No,0.11358511753267739,Low
8775-ERLNB,Male,1,Yes,No,1,Month-to-month,Electronic check,Fiber optic,74.3,74.3,No,0.7208004280565665,High
8309-IEYJD,Female,1,No,No,1,Month-to-month,Mailed check,Fiber optic,70.6,70.6,No,0.6729972509989994,Medium
9172-JITSM,Female,0,Yes,Yes,26,Month-to-month,Electronic check,Fiber optic,90.8,2361.8,Yes,0.5879946967308425,Medium
6298-QDFNH,Male,0,No,No,22,Month-to-month,Electronic check,Fiber optic,79.35,1730.35,Yes,0.5471487948544799,Medium
7398-HPYZQ,Male,0,Yes,No,71,Two year,Bank transfer (automatic),DSL,90.55,6404.0,No,0.011246050825815805,Low
3546-GHEAE,Male,0,No,No,7,Two year,Mailed check,No,19.45,165.35,No,0.04124440413206295,Low
7361-YPXFS,Female,1,No,No,28,Month-to-month,Bank transfer (automatic),DSL,64.45,1867.6,No,0.15398203509867553,Low
6557-BZXLQ,Male,1,No,No,16,Month-to-month,Electronic check,Fiber optic,69.65,1043.3,No,0.5324451923074308,Medium
2550-QHZGP,Male,0,No,No,7,One year,Mailed check,No,19.5,128.6,No,0.0830765435229366,Low
7519-JTWQH,Female,0,No,No,69,Two year,Bank transfer (automatic),Fiber optic,110.5,7455.45,No,0.07486279204453715,Low
2538-OIMXF,Female,0,No,Yes,1,Month-to-month,Mailed check,DSL,24.7,24.7,No,0.46831607341263176,Medium
8543-MSDMF,Male,0,No,No,3,Month-to-month,Electronic check,DSL,77.4,206.15,No,0.4943539159485277,Medium
9961-JBNMK,Male,1,No,No,21,Month-to-month,Bank transfer (automatic),Fiber optic,96.8,2030.3,Yes,0.6322731228205419,Medium
1170-SASML,Female,0,Yes,No,69,Month-to-month,Bank transfer (automatic),Fiber optic,85.4,5869.4,No,0.16874384484466645,Low
4872-JCVCA,Female,0,Yes,No,71,Two year,Bank transfer (automatic),DSL,47.6,3377.8,No,0.00635397205942586,Low
5346-BZCHP,Female,0,Yes,Yes,69,Two year,Mailed check,No,19.4,1346.2,No,0.001399281853422266,Low
2038-LLMLM,Female,0,No,No,48,Month-to-month,Electronic check,Fiber optic,103.85,4946.05,No,0.4561996424899529,Medium
6173-ITPWD,Male,0,Yes,No,47,Month-to-month,Bank transfer (automatic),Fiber optic,83.35,4065.0,Yes,0.2875533823412858,Low
9734-UYXQI,Female,0,No,No,2,Month-to-month,Electronic check,DSL,49.4,106.55,Yes,0.5780835953191477,Medium
1216-BGTSP,Male,0,No,No,45,Month-to-month,Credit card (automatic),Fiber optic,108.45,4964.7,No,0.3080893476114045,Medium
4138-NAXED,Male,0,No,No,51,Month-to-month,Bank transfer (automatic),Fiber optic,81.0,4085.75,No,0.19633497482182283,Low
2189-UXTKY,Female,0,Yes,No,22,Month-to-month,Electronic check,DSL,79.2,1742.75,Yes,0.3227793387316228,Medium
0744-BIKKF,Male,0,No,No,72,Two year,Bank transfer (automatic),DSL,86.65,6224.8,No,0.009686025734438823,Low
7483-IQWIB,Male,0,Yes,Yes,37,Month-to-month,Electronic check,Fiber optic,92.95,3415.25,No,0.45155563280201727,Medium
5248-KWLAR,Male,0,Yes,Yes,71,Two year,Electronic check,DSL,90.35,6325.25,No,0.012634181686510114,Low
4958-GZWIY,Male,0,Yes,Yes,7,Month-to-month,Electronic check,DSL,48.7,340.25,Yes,0.3254659162925038,Medium
7996-MHXLW,Female,0,No,No,66,Two year,Credit card (automatic),No,25.15,1683.6,No,0.0038142119986260075,Low
7833-PKIHD,Male,0,Yes,Yes,51,One year,Bank transfer (automatic),DSL,76.4,3966.3,No,0.04204491446639809,Low
7061-OVMIM,Female,0,Yes,Yes,30,One year,Bank transfer (automatic),No,19.55,608.5,No,0.02465428160858924,Low
5153-RTHKF,Female,0,No,No,34,Month-to-month,Electronic check,Fiber optic,85.35,2896.6,No,0.4748398916177379,Medium
1852-QSWCD,Male,0,Yes,Yes,64,Two year,Mailed check,No,24.8,1514.85,No,0.003488829206498325,Low
4832-VRBMR,Male,1,Yes,No,65,One year,Bank transfer (automatic),Fiber optic,103.15,6792.45,No,0.2340980557737625,Low
9079-LWTFD,Male,0,No,No,47,Month-to-month,Mailed check,Fiber optic,100.75,4669.2,No,0.16209682459900007,Low
6356-ELRKD,Female,0,No,No,1,Month-to-month,Electronic check,Fiber optic,95.6,95.6,Yes,0.7032805478672656,High
8624-GIOUT,Female,0,No,No,49,Month-to-month,Credit card (automatic),DSL,59.75,2934.3,Yes,0.07378200508402806,Low
3392-EHMNK,Female,0,Yes,Yes,67,Two year,Credit card (automatic),Fiber optic,94.1,6302.8,No,0.02915926037286488,Low
5986-WWXDV,Male,0,No,Yes,39,One year,Bank transfer (automatic),No,19.35,779.2,No,0.015023826090692503,Low
3061-BCKYI,Male,0,No,No,14,Month-to-month,Mailed check,No,19.9,283.75,No,0.11036347221532683,Low
6179-GJPSO,Female,1,No,No,43,Month-to-month,Credit card (automatic),Fiber optic,108.15,4600.7,Yes,0.2899347155745407,Low
7901-TBKJX,Male,1,No,No,56,Month-to-month,Electronic check,Fiber optic,101.05,5594.0,No,0.5349657411478793,Medium
7228-PAQPD,Female,0,No,No,14,One year,Credit card (automatic),DSL,59.1,772.85,No,0.11778942734608623,Low
3177-LASXD,Female,0,No,No,1,Month-to-month,Electronic check,Fiber optic,71.35,71.35,Yes,0.6303635655789139,Medium
7746-QYVCO,Male,0,Yes,Yes,16,One year,Mailed check,DSL,55.85,857.8,No,0.09143081063428168,Low
5804-HYIEZ,Male,0,Yes,Yes,70,Month-to-month,Electronic check,Fiber optic,106.05,7554.05,No,0.2780428234376949,Low
9919-FZDED,Male,1,Yes,No,72,Two year,Credit card (automatic),DSL,84.1,5981.65,No,0.0211117759511131,Low
5934-TSSAU,Female,0,Yes,Yes,23,Month-to-month,Credit card (automatic),Fiber optic,75.3,1702.9,No,0.3758031569112279,Medium
3486-KHMLI,Male,0,No,Yes,21,Month-to-month,Mailed check,No,24.7,467.15,No,0.08623561830691713,Low
4897-QSUYC,Female,0,No,No,1,Month-to-month,Mailed check,No,20.15,20.15,Yes,0.26290370782540107,Low
1084-UQCHV,Male,0,No,Yes,1,Month-to-month,Bank transfer (automatic),Fiber optic,69.75,69.75,Yes,0.5101197835665572,Medium
8290-YWKHZ,Female,1,Yes,No,32,Month-to-month,Electronic check,Fiber optic,93.2,2931.0,Yes,0.6830334839501694,Medium
2955-BJZHG,Male,0,Yes,Yes,17,Month-to-month,Electronic check,Fiber optic,80.85,1400.85,Yes,0.5040829507321085,Medium
3806-DXQOM,Female,0,No,No,4,Month-to-month,Electronic check,DSL,33.65,137.85,Yes,0.5020683074846607,Medium
6784-XYJAE,Female,0,No,No,36,One year,Electronic check,DSL,55.8,1941.5,No,0.10187674421998551,Low
3933-DQPWX,Female,0,No,No,50,Two year,Credit card (automatic),DSL,39.7,1932.75,No,0.01303651914055681,Low
6661-EIPZC,Female,0,Yes,Yes,48,Month-to-month,Credit card (automatic),DSL,29.5,1423.05,No,0.07458276947171337,Low
8957-THMOA,Female,0,No,Yes,50,Two year,Credit card (automatic),No,20.15,970.85,No,0.0037320934317658446,Low
2251-PYLPB,Male,0,Yes,No,72,Two year,Credit card (automatic),DSL,79.55,5810.9,No,0.006644840745853766,Low
5555-RNPGT,Male,0,No,Yes,10,Month-to-month,Credit card (automatic),No,24.8,223.9,No,0.14043854046183768,Low
1057-FOGLZ,Female,0,No,No,18,Month-to-month,Mailed check,No,19.65,391.7,No,0.09376685541307916,Low
9300-RENDD,Male,0,No,No,1,Month-to-month,Electronic check,Fiber optic,79.95,79.95,Yes,0.7377750447513821,High
0761-AETCS,Female,0,No,No,1,Month-to-month,Electronic check,No,19.3,19.3,Yes,0.2647699509574682,Low
8087-LGYHQ,Male,0,No,No,9,Month-to-month,Electronic check,Fiber optic,94.05,811.65,No,0.7171323559086245,High
4137-BTIKL,Male,0,No,No,2,Month-to-month,Mailed check,Fiber optic,90.75,174.75,No,0.5379776630265234,Medium
2190-BCXEC,Female,0,Yes,No,40,Month-to-month,Credit card (automatic),Fiber optic,78.85,3126.85,No,0.26932445764665874,Low
6227-FBDXH,Male,0,Yes,No,69,One year,Bank transfer (automatic),Fiber optic,99.5,6841.45,No,0.14480887087771652,Low
2153-MREFK,Female,0,Yes,No,37,One year,Electronic check,Fiber optic,99.2,3754.6,Yes,0.23792690090007262,Low
2911-WDXMV,Male,0,No,Yes,18,Month-to-month,Credit card (automatic),Fiber optic,80.55,1406.65,No,0.47777695454472313,Medium
7206-PQBBZ,Male,1,Yes,No,11,Month-to-month,Electronic check,Fiber optic,70.2,834.7,No,0.6708261059024556,Medium
3106-ULWFW,Female,0,Yes,No,8,Month-to-month,Credit card (automatic),Fiber optic,85.2,627.4,Yes,0.6647673949816463,Medium
0925-VYDLG,Female,0,No,No,3,Month-to-month,Electronic check,Fiber optic,75.25,242.0,Yes,0.6683391574958777,Medium
4547-FZJWE,Male,0,Yes,Yes,55,One year,Credit card (automatic),DSL,59.45,3157.0,No,0.02021804968536833,Low
7422-WNBTY,Male,0,Yes,No,33,Month-to-month,Electronic check,Fiber optic,93.35,3092.0,No,0.5273559423729935,Medium
0842-IWYCP,Female,0,No,No,46,Month-to-month,Bank transfer (automatic),DSL,44.95,2168.9,No,0.07489341493060213,Low
3521-HTQTV,Male,0,No,No,34,Two year,Bank transfer (automatic),No,26.1,980.35,No,0.015238474334764716,Low
3744-ZBHON,Female,0,No,No,3,Month-to-month,Electronic check,No,20.2,65.95,No,0.24650330703311016,Low
3373-DIUUN,Male,0,Yes,Yes,30,Two year,Mailed check,No,21.25,711.9,No,0.011295622553069717,Low
8383-SGHJU,Female,0,No,No,33,One year,Electronic check,DSL,59.4,1952.8,No,0.06113119886875818,Low
7607-QKKTJ,Male,0,Yes,Yes,45,One year,Credit card (automatic),Fiber optic,95.0,4368.85,No,0.1978000316354614,Low
7707-PYBBH,Male,0,No,No,40,Month-to-month,Mailed check,DSL,61.9,2647.1,No,0.06388855010012912,Low
8984-HPEMB,Female,0,No,No,71,Two year,Electronic check,Fiber optic,118.65,8477.6,No,0.08448777125291754,Low
4349-GFQHK,Male,0,No,No,1,Month-to-month,Electronic check,DSL,54.35,54.35,Yes,0.4836169529478088,Medium
4139-DETXS,Female,0,Yes,Yes,72,Two year,Bank transfer (automatic),DSL,64.45,4528.0,No,0.007476819543083024,Low
9779-DPNEJ,Female,0,Yes,Yes,22,Month-to-month,Electronic check,Fiber optic,80.15,1790.65,No,0.5543462303236419,Medium
9805-FILKB,Male,0,Yes,Yes,46,One year,Bank transfer (automatic),No,20.2,845.6,No,0.014469957527858988,Low
5793-YOLJN,Female,0,Yes,Yes,55,Two year,Mailed check,No,21.0,1210.3,No,0.0031042860476146665,Low
0673-IGUQO,Male,0,No,No,1,Month-to-month,Mailed check,No,20.45,20.45,No,0.19829563072084433,Low
4123-FCVCB,Female,0,No,No,12,One year,Mailed check,DSL,75.85,854.45,No,0.25796394087505875,Low
8819-IMISP,Male,0,No,No,31,Month-to-month,Electronic check,Fiber optic,80.45,2429.1,No,0.4720861020305992,Medium
7802-EFKNY,Male,0,Yes,No,5,Month-to-month,Electronic check,DSL,24.95,100.4,Yes,0.6238995701516942,Medium
8311-UEUAB,Female,0,Yes,Yes,67,Two year,Electronic check,DSL,75.5,5229.45,No,0.02946608331707243,Low
5858-EAFCZ,Male,0,No,No,1,Month-to-month,Mailed check,DSL,44.45,44.45,No,0.3505612638340628,Medium
8035-BUYVG,Male,0,Yes,No,40,One year,Electronic check,DSL,42.35,1716.45,Yes,0.08793420321116023,Low
1163-ONYEY,Male,0,Yes,Yes,41,Month-to-month,Credit card (automatic),DSL,74.55,3023.55,No,0.11168795366283907,Low
9787-XVQIU,Male,0,No,No,1,Month-to-month,Electronic check,Fiber optic,75.3,75.3,Yes,0.7482069960239606,High
8945-MUQUF,Male,0,No,No,51,One year,Electronic check,Fiber optic,94.8,4837.6,Yes,0.19387015764947146,Low
5656-MJEFC,Male,0,Yes,Yes,42,Two year,Credit card (automatic),DSL,48.15,2032.3,No,0.01711437298675172,Low
6082-OQFBA,Male,0,Yes,Yes,23,One year,Mailed check,No,19.65,436.9,No,0.032219074322932584,Low
8051-HJRLT,Female,1,No,No,1,Month-to-month,Electronic check,Fiber optic,70.55,70.55,Yes,0.7472415620512225,High
8974-OVACP,Female,0,No,No,1,Month-to-month,Mailed check,No,20.15,20.15,No,0.2015549834533218,Low
4010-YLMVT,Female,0,No,No,56,Month-to-month,Credit card (automatic),Fiber optic,106.6,5893.95,No,0.2970746141813199,Low
1379-FRVEB,Male,0,No,Yes,15,Month-to-month,Electronic check,Fiber optic,91.0,1430.05,No,0.6346744107020642,Medium
8612-GXIDD,Male,0,Yes,Yes,12,Two year,Bank transfer (automatic),No,25.4,313.0,No,0.052498712162158304,Low
6288-CHQJB,Female,0,Yes,Yes,54,Two year,Bank transfer (automatic),DSL,69.95,3871.85,No,0.009327672418431064,Low
8160-HOWOX,Female,0,No,No,7,Month-to-month,Electronic check,DSL,66.85,458.1,No,0.5734155701345576,Medium
3023-GFLBR,Female,0,Yes,Yes,33,Month-to-month,Credit card (automatic),Fiber optic,86.15,2745.7,Yes,0.3511523240759334,Medium
6648-INWPS,Male,0,Yes,Yes,16,Month-to-month,Electronic check,No,20.15,341.35,No,0.12173546321143931,Low
4223-BKEOR,Female,0,No,Yes,21,One year,Mailed check,DSL,64.85,1336.8,No,0.07923384701334732,Low
4079-VTGLK,Male,1,Yes,No,30,Two year,Electronic check,DSL,74.85,2181.75,No,0.12633485860705274,Low
1763-WQFUK,Male,0,No,No,3,Month-to-month,Mailed check,DSL,50.5,147.75,No,0.32657150947227837,Medium
1391-UBDAR,Male,0,No,No,11,Month-to-month,Electronic check,Fiber optic,72.9,818.45,No,0.5185766933236109,Medium
8894-JVDCV,Female,0,No,No,62,One year,Credit card (automatic),Fiber optic,115.05,7133.45,No,0.12562066734383834,Low
2023-VQFDL,Male,0,No,No,18,Month-to-month,Electronic check,No,19.0,348.8,No,0.12478252208219878,Low
1345-GKDZZ,Male,0,No,Yes,6,Month-to-month,Mailed check,No,19.55,128.6,No,0.1392050989767792,Low
2014-MKGMH,Female,0,No,No,46,One year,Electronic check,Fiber optic,101.1,4674.4,No,0.39537296007648276,Medium
5628-FCGYG,Male,0,No,No,21,Month-to-month,Electronic check,Fiber optic,84.1,1737.45,No,0.6508062863748496,Medium
2560-WBWXF,Male,0,No,No,68,Two year,Bank transfer (automatic),No,24.15,1498.85,No,0.00338134684629507,Low
0248-IPDFW,Female,0,No,No,1,Month-to-month,Electronic check,DSL,50.1,50.1,No,0.5895066649670022,Medium
7978-DKUQH,Female,0,Yes,No,25,Month-to-month,Electronic check,Fiber optic,74.6,1797.75,No,0.4856903068494715,Medium
4335-UPJSI,Female,0,No,Yes,24,Two year,Mailed check,No,19.75,498.1,No,0.015116359911976327,Low
0524-IAVZO,Female,0,Yes,No,30,Month-to-month,Electronic check,Fiber optic,85.0,2624.25,Yes,0.5999153893669248,Medium
2737-YNGYW,Female,0,No,No,2,Month-to-month,Electronic check,Fiber optic,80.55,184.1,Yes,0.6685297129733601,Medium
1784-EZDKJ,Male,0,Yes,No,51,One year,Bank transfer (automatic),Fiber optic,106.8,5498.8,No,0.2789021616822953,Low
9297-FVVDH,Female,0,Yes,Yes,57,Two year,Electronic check,DSL,84.5,4845.4,No,0.030368964715388407,Low
8007-YYPWD,Female,0,No,No,15,Two year,Bank transfer (automatic),No,25.05,369.1,No,0.03825073632050987,Low
7101-HRBLJ,Female,0,Yes,Yes,72,Two year,Bank transfer (automatic),DSL,83.7,6096.9,No,0.009228400304568389,Low
5159-YFPKQ,Female,0,No,No,2,Month-to-month,Electronic check,Fiber optic,75.8,160.75,Yes,0.6878758918094302,Medium
6635-CPNUN,Male,0,Yes,No,28,Month-to-month,Credit card (automatic),Fiber optic,96.6,2684.35,No,0.39125558963789064,Medium
4021-RQSNY,Male,1,Yes,No,29,Month-to-month,Electronic check,Fiber optic,98.5,3004.15,Yes,0.7097454182747512,High
5453-YBTWV,Male,0,Yes,Yes,70,Two year,Credit card (automatic),Fiber optic,101.1,6994.8,No,0.021463294792038064,Low
5039-LZRQT,Female,0,No,No,13,One year,Mailed check,No,20.2,273.25,No,0.06407422512418184,Low
2931-VUVJN,Female,1,Yes,No,59,One year,Electronic check,Fiber optic,94.05,5483.9,No,0.11113935959096202,Low
9061-TIHDA,Male,1,Yes,No,13,Month-to-month,Electronic check,Fiber optic,95.25,1233.65,Yes,0.7934122615223811,High
8699-ASUFO,Male,1,Yes,No,7,Month-to-month,Mailed check,Fiber optic,74.4,527.9,Yes,0.6729855286464715,Medium
6418-PIQSP,Female,0,Yes,No,62,Two year,Mailed check,DSL,81.0,4985.9,No,0.011046555471041402,Low
8220-OCUFY,Female,0,No,No,21,One year,Electronic check,DSL,60.25,1258.35,No,0.1012000714643412,Low
3995-WFCSM,Female,0,No,No,2,Month-to-month,Electronic check,DSL,60.85,111.4,No,0.47165235732681154,Medium
1895-QTKDO,Female,0,No,No,1,Month-to-month,Credit card (automatic),DSL,43.95,43.95,No,0.349003174123436,Medium
2038-OEQZH,Male,0,No,No,4,Month-to-month,Electronic check,Fiber optic,86.05,308.1,No,0.6341117276182676,Medium
1178-PZGAB,Female,0,No,No,19,One year,Credit card (automatic),No,20.25,383.65,No,0.04624287157119829,Low
7927-AUXBZ,Female,0,No,No,30,Month-to-month,Electronic check,Fiber optic,85.15,2555.9,Yes,0.35655986866564837,Medium
2626-VEEWG,Male,0,Yes,Yes,67,Two year,Credit card (automatic),No,19.4,1284.2,No,0.0020773632070222796,Low
2878-RMWXY,Male,1,Yes,No,72,Two year,Credit card (automatic),Fiber optic,102.65,7550.3,No,0.059867704341730554,Low
1657-DYMBM,Male,0,Yes,No,53,Two year,Credit card (automatic),No,19.9,1110.05,No,0.003732115554111767,Low
7311-MQJCH,Female,0,No,No,5,One year,Electronic check,No,19.55,99.6,No,0.12941461528347448,Low
7375-WMVMT,Male,1,Yes,No,71,Two year,Credit card (automatic),Fiber optic,95.5,6707.15,No,0.03936319605484318,Low
1136-XGEQU,Female,0,Yes,Yes,50,One year,Credit card (automatic),DSL,84.15,4164.4,No,0.06447090319082778,Low
2530-FMFXO,Male,0,Yes,Yes,56,Two year,Electronic check,Fiber optic,103.2,5873.75,No,0.12264505454686872,Low
6844-DZKRF,Male,0,No,No,2,Month-to-month,Credit card (automatic),DSL,50.2,109.25,No,0.3307467437150209,Medium
4695-WJZUE,Female,1,No,No,2,Month-to-month,Electronic check,Fiber optic,88.55,179.25,Yes,0.80636234178972,High
7619-ODSGN,Male,0,Yes,Yes,24,Month-to-month,Electronic check,DSL,54.75,1338.15,Yes,0.17994094311237033,Low
5970-GHJAW,Male,0,Yes,Yes,46,Two year,Credit card (automatic),No,19.95,862.4,No,0.004464002311248609,Low
8879-XUAHX,Male,0,Yes,No,71,Two year,Electronic check,Fiber optic,116.25,8564.75,No,0.08349650813477719,Low
3689-MOZGR,Female,0,No,No,29,Month-to-month,Electronic check,DSL,31.2,926.2,No,0.2696929645976718,Low
4195-PNGZS,Male,0,Yes,Yes,69,Two year,Bank transfer (automatic),No,24.45,1718.2,No,0.0020820281230327915,Low
5003-XZWWO,Male,0,Yes,No,71,Two year,Credit card (automatic),DSL,84.2,5956.85,No,0.01318826157587842,Low
3988-RQIXO,Female,1,No,No,1,Month-to-month,Electronic check,Fiber optic,91.3,91.3,Yes,0.8147707576948822,High
7622-FWGEW,Male,1,Yes,No,56,Two year,Bank transfer (automatic),DSL,85.65,4824.45,No,0.022445451160237676,Low
6922-NCEDI,Male,0,No,Yes,56,One year,Mailed check,No,21.2,1238.65,No,0.008630788436227617,Low
2514-GINMM,Male,0,No,No,1,Month-to-month,Electronic check,Fiber optic,79.5,79.5,Yes,0.7370234943620564,High
9891-NQDBD,Female,0,Yes,No,28,One year,Mailed check,No,25.55,672.2,No,0.03928182416537349,Low
6131-IUNXN,Female,0,Yes,Yes,19,Month-to-month,Mailed check,No,20.2,382.2,No,0.07728209061198112,Low
8548-AWOFC,Male,0,Yes,No,66,Month-to-month,Electronic check,DSL,63.85,4264.6,No,0.06311343723834889,Low
9798-DRYDS,Female,0,Yes,Yes,17,One year,Mailed check,DSL,61.95,1070.7,No,0.13392492666183325,Low
8532-UEFWH,Male,0,Yes,Yes,52,Two year,Mailed check,No,25.75,1345.85,No,0.004791365364250172,Low
6296-DDOOR,Female,0,No,No,19,One year,Electronic check,DSL,58.2,1045.25,No,0.16068236463565125,Low
7951-VRDVK,Female,0,No,No,36,One year,Bank transfer (automatic),DSL,85.85,3003.55,No,0.049788982624463754,Low
5931-FLJJF,Male,1,Yes,No,7,Month-to-month,Mailed check,Fiber optic,70.1,467.55,Yes,0.6149721654087205,Medium
4815-YOSUK,Male,0,Yes,Yes,72,One year,Credit card (automatic),Fiber optic,104.9,7537.5,No,0.05906985848853115,Low
2659-VXMWZ,Male,0,Yes,Yes,67,One year,Electronic check,Fiber optic,111.3,7482.1,Yes,0.17840222890205013,Low
0380-NEAVX,Male,1,No,No,34,One year,Electronic check,Fiber optic,99.85,3343.15,No,0.4068483165703954,Medium
3207-OYBWH,Male,1,Yes,No,57,Month-to-month,Bank transfer (automatic),Fiber optic,95.25,5427.05,Yes,0.3451541044618275,Medium
4285-GYRQC,Female,0,Yes,No,7,Month-to-month,Electronic check,Fiber optic,86.25,587.1,Yes,0.6948593768456215,Medium
7216-EWTRS,Female,1,Yes,No,1,Month-to-month,Electronic check,Fiber optic,100.8,100.8,Yes,0.8413789642983873,High
4365-MSDYN,Male,0,Yes,No,8,Month-to-month,Bank transfer (automatic),No,19.55,161.15,No,0.20360774940544102,Low
7036-TYDEC,Female,0,No,No,69,Two year,Electronic check,Fiber optic,104.0,7028.5,No,0.07367988747654176,Low
5802-ADBRC,Female,0,Yes,No,50,One year,Mailed check,Fiber optic,104.4,5232.9,No,0.22087276873110084,Low
8076-FEZKJ,Male,0,No,No,10,One year,Mailed check,No,19.5,225.85,No,0.07257251684097943,Low
5197-YPYBZ,Female,0,Yes,Yes,12,Two year,Credit card (automatic),No,25.25,274.7,No,0.035000137427272385,Low
8337-MSSXB,Female,0,No,No,14,Month-to-month,Electronic check,Fiber optic,86.3,1180.95,Yes,0.6187870021786037,Medium
4312-GVYNH,Female,0,Yes,No,70,Two year,Bank transfer (automatic),DSL,49.85,3370.2,No,0.009524472562998492,Low
8495-LJDFO,Female,1,No,No,64,Month-to-month,Bank transfer (automatic),Fiber optic,108.95,7111.3,No,0.284209072226036,Low
0839-JTCUD,Female,0,Yes,Yes,66,Two year,Credit card (automatic),DSL,89.9,5958.85,No,0.010474072731077387,Low
5494-WOZRZ,Female,0,Yes,Yes,71,Two year,Credit card (automatic),DSL,82.0,5999.85,No,0.010647579350901413,Low
1302-UHBDD,Male,1,No,No,20,Month-to-month,Electronic check,Fiber optic,89.95,1648.45,No,0.616093452906079,Medium
2234-EOFPT,Male,0,Yes,No,72,Two year,Bank transfer (automatic),DSL,79.35,5753.25,No,0.010018460728372347,Low
8619-IJNDK,Female,0,Yes,Yes,71,Two year,Credit card (automatic),DSL,64.05,4492.9,No,0.0026178553367186656,Low
8378-LKJAF,Male,0,Yes,Yes,38,Month-to-month,Credit card (automatic),Fiber optic,101.15,3956.7,No,0.48286099496067203,Medium
8182-BJDSI,Female,0,No,No,28,Month-to-month,Electronic check,Fiber optic,89.95,2625.55,Yes,0.5853638963846617,Medium
2528-HFYZX,Male,1,Yes,No,17,Month-to-month,Electronic check,Fiber optic,76.45,1233.4,Yes,0.5787953318216409,Medium
1153-GNOLC,Male,0,No,No,33,One year,Electronic check,DSL,39.1,1309.0,No,0.19145475498734,Low
3298-QEICA,Female,0,Yes,Yes,23,Two year,Mailed check,DSL,34.6,813.45,No,0.0327130794451454,Low
0788-DXBFY,Male,0,Yes,Yes,58,One year,Electronic check,No,19.55,1108.8,No,0.010432865063733638,Low
3597-YASZG,Female,1,Yes,No,70,Two year,Bank transfer (automatic),Fiber optic,104.45,7349.35,No,0.08719685613726866,Low
3496-LFSZU,Male,0,Yes,No,4,Month-to-month,Electronic check,Fiber optic,70.5,294.2,No,0.5985548933675919,Medium
5242-UOWHD,Male,0,Yes,Yes,45,Two year,Mailed check,No,20.35,929.2,No,0.004976928447472425,Low
2482-CZGBB,Male,0,No,No,10,Month-to-month,Electronic check,Fiber optic,70.0,740.0,Yes,0.6284607469537383,Medium
6479-SZPLM,Male,0,Yes,Yes,36,Two year,Credit card (automatic),No,19.45,754.5,No,0.007737189396850871,Low
8097-VBQTZ,Male,0,No,No,54,Month-to-month,Mailed check,DSL,69.9,3883.3,No,0.0497766193213574,Low
4500-HKANN,Male,0,Yes,Yes,23,Two year,Mailed check,DSL,59.7,1414.2,No,0.0329819061059852,Low
9917-KWRBE,Female,0,Yes,Yes,41,One year,Credit card (automatic),DSL,78.35,3211.2,No,0.06691518778985797,Low
3420-ZDBMA,Male,1,No,No,5,Month-to-month,Mailed check,Fiber optic,71.45,371.6,No,0.6376127921278375,Medium
2212-LYASK,Male,0,Yes,Yes,27,One year,Credit card (automatic),DSL,45.85,1246.4,No,0.1576408637073239,Low
1393-IMKZG,Female,0,No,No,1,Month-to-month,Electronic check,Fiber optic,95.85,95.85,No,0.7092046552324517,High
8069-RHUXK,Female,0,Yes,Yes,67,Two year,Credit card (automatic),DSL,35.7,2545.7,No,0.0042554377260126475,Low
3398-GCPMU,Female,1,Yes,Yes,72,Two year,Credit card (automatic),DSL,89.55,6448.85,No,0.014873833727938221,Low
2908-WGAXL,Female,0,Yes,Yes,56,Two year,Credit card (automatic),No,24.95,1468.9,No,0.005501723817446332,Low
3378-AJRAO,Male,0,Yes,Yes,44,One year,Electronic check,No,24.85,1013.6,No,0.020689328466098847,Low
1013-QCWAM,Female,1,Yes,No,66,Month-to-month,Electronic check,Fiber optic,100.8,6690.75,No,0.44975585340814406,Medium
0866-QLSIR,Female,0,No,No,34,One year,Mailed check,DSL,64.4,2088.75,Yes,0.05017050268213648,Low
6050-FFXES,Female,0,Yes,No,69,Two year,Bank transfer (automatic),Fiber optic,105.35,7240.65,No,0.06003131155052055,Low
7181-BQYBV,Female,0,Yes,Yes,1,Month-to-month,Electronic check,Fiber optic,102.45,102.45,Yes,0.7050223111686881,High
0362-RAOQO,Female,0,No,No,40,Two year,Credit card (automatic),No,19.65,830.25,No,0.007478762369137302,Low
9554-DFKIC,Male,0,Yes,Yes,30,Month-to-month,Bank transfer (automatic),DSL,54.45,1588.7,No,0.14812539389651816,Low
5527-ACHSO,Female,0,No,No,11,Month-to-month,Mailed check,DSL,70.5,829.3,No,0.285307324199957,Low
0829-DDVLK,Female,0,No,No,15,One year,Credit card (automatic),No,20.1,302.45,No,0.05641836322078843,Low
1399-UBQIU,Male,0,No,No,11,Month-to-month,Electronic check,DSL,69.35,712.25,No,0.5105806963437263,Medium
1813-JLKWR,Female,0,Yes,Yes,64,One year,Bank transfer (automatic),No,19.8,1336.65,No,0.004252515966965309,Low
0336-PIKEI,Male,1,Yes,No,72,Two year,Bank transfer (automatic),DSL,74.4,5360.75,No,0.006037111978697428,Low
7322-OCWHC,Male,1,Yes,No,72,Two year,Bank transfer (automatic),Fiber optic,93.05,6735.05,No,0.028251484864763206,Low
9537-VHDTA,Female,0,No,Yes,1,Month-to-month,Mailed check,DSL,51.2,51.2,No,0.24316358578096334,Low
4957-TIALW,Female,0,No,Yes,15,One year,Credit card (automatic),DSL,65.6,1010.0,No,0.04874222567061185,Low
2054-PJOCK,Female,0,No,No,60,One year,Credit card (automatic),DSL,80.55,4847.05,No,0.04507969509496762,Low
9150-HEPMB,Male,0,No,No,56,One year,Mailed check,DSL,52.7,3019.7,No,0.01678059222462045,Low
9030-QGZNL,Female,0,No,No,8,Two year,Mailed check,No,20.85,161.65,No,0.04023749145355235,Low
6204-IEUXJ,Female,0,No,No,3,Month-to-month,Credit card (automatic),Fiber optic,80.1,217.55,Yes,0.4093675755219109,Medium
3126-WQMGH,Female,0,Yes,No,49,Month-to-month,Credit card (automatic),DSL,52.15,2583.75,No,0.11500780303919204,Low
4529-CKBCL,Female,0,No,No,2,Month-to-month,Electronic check,Fiber optic,80.2,146.05,Yes,0.7352355195752884,High
2506-CLAKW,Female,0,No,No,6,Month-to-month,Bank transfer (automatic),Fiber optic,98.15,567.45,Yes,0.40207773037839606,Medium
7176-WRTNX,Male,0,No,No,70,Two year,Bank transfer (automatic),Fiber optic,114.95,7711.25,No,0.05107579224325774,Low
1583-IHQZE,Male,0,No,No,12,Month-to-month,Mailed check,Fiber optic,112.95,1384.75,Yes,0.572640225978129,Medium
5732-IKGQH,Male,1,Yes,No,52,One year,Bank transfer (automatic),Fiber optic,104.45,5481.25,No,0.1590842600995899,Low
9239-GZHZE,Female,0,Yes,No,72,Two year,Credit card (automatic),Fiber optic,113.65,8124.2,No,0.04824527410453684,Low
7205-BAIAD,Female,0,No,No,40,Two year,Bank transfer (automatic),No,20.6,827.3,No,0.011566893899011903,Low
0151-ONTOV,Female,0,No,No,1,Month-to-month,Mailed check,Fiber optic,70.9,70.9,Yes,0.5417234594939669,Medium
4140-MUHUG,Female,1,No,No,3,Month-to-month,Electronic check,Fiber optic,86.85,220.95,Yes,0.7608175851678528,High
0093-EXYQL,Female,1,No,No,40,Month-to-month,Electronic check,Fiber optic,91.55,3673.6,No,0.5784339689576966,Medium
8064-RAVOH,Male,0,No,Yes,1,Month-to-month,Electronic check,DSL,49.85,49.85,No,0.47172819869925126,Medium
0219-QAERP,Male,0,Yes,No,30,One year,Credit card (automatic),No,19.8,576.65,No,0.025569288403864424,Low
0320-JDNQG,Male,0,Yes,Yes,23,Month-to-month,Electronic check,Fiber optic,99.85,2331.3,Yes,0.4289988896051562,Medium
7180-PISOG,Male,0,Yes,Yes,1,Month-to-month,Electronic check,Fiber optic,74.5,74.5,Yes,0.7167575612792082,High
9168-INPSZ,Female,1,Yes,No,44,Month-to-month,Electronic check,Fiber optic,104.15,4495.65,No,0.4472206209270571,Medium
3571-RFHAR,Male,0,No,No,65,Month-to-month,Electronic check,Fiber optic,109.15,6941.2,Yes,0.3223266298198439,Medium
0015-UOCOJ,Female,1,No,No,7,Month-to-month,Electronic check,DSL,48.2,340.35,No,0.4139566314492912,Medium
5334-AFQJB,Male,1,No,No,72,Two year,Credit card (automatic),No,25.1,1789.9,No,0.003340124293169069,Low
2754-SDJRD,Female,1,No,No,8,Month-to-month,Credit card (automatic),Fiber optic,100.15,908.55,No,0.6886120574360185,Medium
9578-VRMNM,Female,0,No,No,16,Month-to-month,Credit card (automatic),DSL,65.2,1043.35,Yes,0.38864872072335344,Medium
1587-FKLZB,Male,1,Yes,Yes,66,Month-to-month,Credit card (automatic),Fiber optic,99.5,6822.15,Yes,0.35085952713231094,Medium
6140-QNRQQ,Male,0,No,No,1,Month-to-month,Mailed check,Fiber optic,71.55,71.55,Yes,0.6214242118094916,Medium
8963-JLGJT,Male,0,No,Yes,3,Month-to-month,Mailed check,DSL,55.9,157.55,No,0.21427864368663996,Low
4307-KTUMW,Male,0,Yes,No,53,Month-to-month,Electronic check,Fiber optic,93.9,5029.2,Yes,0.26419539493378563,Low
1465-LNTLJ,Male,1,Yes,No,8,Month-to-month,Credit card (automatic),DSL,64.4,581.7,No,0.36385163524746483,Medium
5440-FLBQG,Male,1,Yes,No,69,Two year,Bank transfer (automatic),Fiber optic,108.4,7318.2,Yes,0.08434321039289566,Low
2135-DQWAQ,Female,0,No,No,5,Month-to-month,Mailed check,Fiber optic,85.3,420.45,No,0.5970148871033161,Medium
4056-QHXHZ,Female,0,Yes,Yes,72,Two year,Mailed check,Fiber optic,107.45,7576.7,No,0.03029102837216142,Low
7470-MCQTK,Female,0,Yes,No,13,Month-to-month,Bank transfer (automatic),DSL,48.75,633.4,Yes,0.5610611602416304,Medium
7488-MXJIV,Female,0,No,No,4,Month-to-month,Electronic check,Fiber optic,85.65,321.65,Yes,0.7690060961747753,High
7401-JIXNM,Female,0,Yes,Yes,54,Two year,Credit card (automatic),DSL,91.3,4965.0,No,0.015625853458916872,Low
9339-FIIJL,Male,0,Yes,No,72,Two year,Bank transfer (automatic),DSL,85.95,6151.9,No,0.0146279027190035,Low
2027-FECZV,Male,0,No,No,12,Month-to-month,Electronic check,Fiber optic,106.7,1253.9,Yes,0.7269652760296215,High
2672-DZUOY,Male,0,No,No,1,Month-to-month,Electronic check,DSL,25.15,25.15,Yes,0.6722308052713575,Medium
4706-DGAHW,Male,1,No,No,1,Month-to-month,Electronic check,DSL,45.2,45.2,No,0.49097909017989566,Medium
3870-MQAMG,Female,0,Yes,No,54,One year,Electronic check,Fiber optic,110.35,5893.15,Yes,0.19589264414341193,Low
6670-MFRPK,Male,0,Yes,Yes,69,Two year,Credit card (automatic),Fiber optic,79.2,5420.65,No,0.03663187869810469,Low
6177-PEVRA,Female,0,No,No,48,Two year,Credit card (automatic),DSL,55.5,2627.35,No,0.010151032444448163,Low
4800-CZMPC,Female,0,Yes,Yes,48,One year,Credit card (automatic),Fiber optic,103.25,5037.55,Yes,0.17976912977463536,Low
4813-HQMGZ,Female,0,Yes,No,8,Month-to-month,Electronic check,Fiber optic,90.25,743.75,No,0.6757058353534611,Medium
7579-KKLOE,Male,0,Yes,Yes,71,Two year,Mailed check,DSL,91.25,6589.6,No,0.01360123517112796,Low
7377-DMMRI,Male,0,No,No,2,Month-to-month,Electronic check,DSL,47.8,92.45,Yes,0.40893268212516937,Medium
8402-EIVQS,Male,0,Yes,No,67,One year,Credit card (automatic),Fiber optic,100.9,6733.15,No,0.1008981704787184,Low
4947-DSMXK,Male,0,Yes,Yes,34,Month-to-month,Bank transfer (automatic),Fiber optic,97.7,3410.0,No,0.4826371340437587,Medium
7245-NIIWQ,Female,0,No,No,3,Month-to-month,Electronic check,Fiber optic,69.85,199.85,No,0.6877364336823797,Medium
0002-ORFBO,Female,0,Yes,Yes,9,One year,Mailed check,DSL,65.6,593.3,No,0.150313703641089,Low
3324-OIRTO,Male,0,Yes,Yes,71,One year,Bank transfer (automatic),Fiber optic,104.65,7288.4,No,0.08471699351988501,Low
5414-OFQCB,Male,0,No,No,57,Two year,Credit card (automatic),Fiber optic,90.45,5229.8,No,0.06970025087904358,Low
4967-WPNCF,Male,0,No,No,72,Two year,Bank transfer (automatic),DSL,63.7,4464.8,No,0.011677378415570885,Low
8552-OBVRU,Female,1,Yes,Yes,48,Month-to-month,Electronic check,Fiber optic,104.5,5068.05,No,0.32821414122121845,Medium
8499-BRXTD,Male,0,No,No,18,One year,Mailed check,No,20.1,401.85,No,0.049255151892800435,Low
9154-QDGTH,Male,0,Yes,Yes,43,One year,Credit card (automatic),Fiber optic,104.3,4451.85,No,0.21857498524661592,Low
8197-BFWVU,Female,0,Yes,Yes,72,Two year,Bank transfer (automatic),DSL,93.25,6688.95,No,0.014632352718676222,Low
2577-GVSIL,Male,0,Yes,Yes,35,One year,Bank transfer (automatic),DSL,73.45,2661.1,No,0.12165485146895193,Low
9367-OIUXP,Male,0,No,No,4,Month-to-month,Mailed check,No,20.7,73.05,No,0.1742655979104957,Low
6770-UAYGJ,Female,0,Yes,Yes,49,Two year,Mailed check,No,25.25,1211.65,No,0.0055824582841434225,Low
6463-HHXJR,Female,0,Yes,Yes,71,Two year,Bank transfer (automatic),Fiber optic,100.5,7030.65,No,0.029556768813249767,Low
7928-VJYAB,Male,0,Yes,Yes,11,Month-to-month,Electronic check,Fiber optic,90.6,1020.2,No,0.6096347989457706,Medium
1187-WILMM,Male,0,Yes,Yes,63,Two year,Credit card (automatic),DSL,89.4,5597.65,No,0.015258057793795647,Low
9776-OJUZI,Female,1,No,No,65,Month-to-month,Bank transfer (automatic),Fiber optic,95.45,6223.3,No,0.29970360552087577,Low
1306-RPWXZ,Female,0,No,Yes,49,Two year,Credit card (automatic),No,20.45,1024.65,No,0.00403687874667719,Low
8949-JTMAY,Female,0,No,No,29,Month-to-month,Credit card (automatic),Fiber optic,98.6,2933.2,Yes,0.5728693874155262,Medium
2774-LVQUS,Female,1,Yes,No,15,Month-to-month,Electronic check,Fiber optic,83.05,1258.3,Yes,0.6047304955736904,Medium
3097-PYWXL,Female,0,Yes,Yes,4,Month-to-month,Electronic check,No,19.95,82.9,No,0.2726393544113669,Low
2266-SJNAT,Female,0,Yes,No,72,One year,Credit card (automatic),Fiber optic,109.15,7789.6,No,0.09351442003755435,Low
0869-PAPRP,Female,1,Yes,No,26,Month-to-month,Credit card (automatic),Fiber optic,85.7,2067.0,No,0.49714746056316556,Medium
4238-JSSWH,Female,1,Yes,No,35,Month-to-month,Bank transfer (automatic),Fiber optic,102.05,3452.55,No,0.5220182776440172,Medium
2972-YDYUW,Female,0,No,No,57,One year,Electronic check,Fiber optic,94.7,5468.95,No,0.1340808449768353,Low
1104-FEJAM,Male,0,Yes,Yes,28,Month-to-month,Electronic check,DSL,64.4,1802.15,No,0.2341907820378692,Low
2809-ILCYT,Female,0,Yes,No,25,One year,Mailed check,No,26.8,733.55,No,0.06637338041931289,Low
5499-ECUTN,Female,0,Yes,No,47,One year,Credit card (automatic),DSL,66.05,3021.45,No,0.04845884883892203,Low
4981-FLTMF,Female,0,Yes,Yes,57,Month-to-month,Bank transfer (automatic),DSL,65.2,3687.85,No,0.027987467727427728,Low
9121-PHQSR,Male,1,Yes,No,16,Month-to-month,Credit card (automatic),Fiber optic,85.05,1391.15,No,0.6526674788588974,Medium
3113-IWHLC,Male,0,No,No,5,Month-to-month,Mailed check,DSL,55.8,274.35,No,0.29325104459817414,Low
3211-ILJTT,Male,0,Yes,No,17,Month-to-month,Bank transfer (automatic),Fiber optic,70.4,1214.05,Yes,0.4918485850087753,Medium
4612-THJBS,Female,1,No,No,56,One year,Bank transfer (automatic),Fiber optic,104.75,5510.65,Yes,0.2636740863519982,Low
4277-BWBML,Male,0,Yes,Yes,72,Two year,Bank transfer (automatic),No,19.95,1322.85,No,0.0012151264524027663,Low
4094-NSEDU,Female,1,No,No,21,Month-to-month,Electronic check,Fiber optic,94.25,1973.75,Yes,0.7540451369007805,High
0234-TEVTT,Female,0,Yes,Yes,48,One year,Credit card (automatic),DSL,45.0,2196.3,No,0.040232831482921484,Low
4304-TSPVK,Female,0,Yes,No,68,Two year,Bank transfer (automatic),Fiber optic,114.9,7843.55,No,0.043839737175916084,Low
1552-AAGRX,Female,0,No,No,30,Month-to-month,Bank transfer (automatic),Fiber optic,106.4,3211.9,No,0.34608368814801693,Medium
2637-FKFSY,Female,0,Yes,No,3,Month-to-month,Mailed check,DSL,46.1,130.15,No,0.41993556597364007,Medium
9796-MVYXX,Female,1,No,No,14,Two year,Mailed check,DSL,39.7,692.35,No,0.07039342455694644,Low
7874-ECPQJ,Female,0,No,Yes,4,Month-to-month,Bank transfer (automatic),No,20.05,85.5,No,0.21714132022465432,Low
0020-INWCK,Female,0,Yes,Yes,71,Two year,Credit card (automatic),Fiber optic,95.75,6849.4,No,0.053369510119750475,Low
7089-RKVSZ,Male,0,Yes,Yes,8,One year,Mailed check,No,24.4,203.95,No,0.0869894264688239,Low
2683-JXWQQ,Male,0,Yes,Yes,61,Month-to-month,Bank transfer (automatic),DSL,33.6,2117.2,No,0.031204621834148266,Low
9548-ZMVTX,Male,0,Yes,Yes,72,Two year,Bank transfer (automatic),Fiber optic,90.45,6565.85,No,0.02018378244881439,Low
8739-XNIKG,Female,0,No,No,5,Month-to-month,Electronic check,Fiber optic,84.0,424.75,No,0.7618157438285981,High
9755-JHNMN,Female,0,No,No,49,Two year,Bank transfer (automatic),DSL,67.4,3306.85,No,0.008582348818971231,Low
3981-QSVQI,Male,0,No,No,8,Month-to-month,Bank transfer (automatic),No,19.7,168.9,No,0.2038441686636517,Low
2789-HQBOU,Male,0,No,No,3,Month-to-month,Electronic check,Fiber optic,80.35,253.8,No,0.7282198956630856,High
9424-CMPOG,Male,0,Yes,Yes,9,Two year,Mailed check,No,19.6,197.4,No,0.032084681601775175,Low
5067-WJEUN,Male,0,Yes,Yes,67,Two year,Bank transfer (automatic),DSL,54.2,3838.2,No,0.006224709283576336,Low
3450-WXOAT,Male,0,No,No,46,Month-to-month,Credit card (automatic),DSL,45.2,2065.15,No,0.09032394697576684,Low
9251-WNSOD,Female,0,Yes,No,67,One year,Mailed check,DSL,75.1,5064.45,No,0.02266922374862289,Low
6974-DAFLI,Female,0,Yes,No,55,One year,Electronic check,No,19.7,1140.05,No,0.01066274994157011,Low
2616-UUTFK,Male,0,Yes,No,33,Month-to-month,Bank transfer (automatic),DSL,72.75,2447.45,No,0.17435994865850243,Low
7064-JHXCE,Male,0,Yes,Yes,62,Two year,Credit card (automatic),No,20.05,1263.9,No,0.001974599799787587,Low
5103-MHMHY,Female,0,No,Yes,1,Month-to-month,Mailed check,DSL,45.95,45.95,Yes,0.3237335143062495,Medium
7989-AWGEH,Male,0,Yes,Yes,49,Month-to-month,Electronic check,DSL,39.2,1838.15,No,0.12882786620075842,Low
4373-VVHQL,Male,0,No,No,1,Month-to-month,Electronic check,DSL,44.75,44.75,No,0.5235576528040368,Medium
4559-UWIHT,Male,0,Yes,No,14,Month-to-month,Electronic check,Fiber optic,82.65,1185.0,No,0.604217675102058,Medium
7268-IGMFD,Male,1,No,No,18,Month-to-month,Bank transfer (automatic),Fiber optic,93.9,1743.9,No,0.48121266154042985,Medium
1846-XWOQN,Female,1,No,No,1,Month-to-month,Electronic check,Fiber optic,70.15,70.15,Yes,0.7465894172711344,High
0235-KGSLC,Female,0,No,No,1,Month-to-month,Credit card (automatic),Fiber optic,85.55,85.55,Yes,0.6506924022191767,Medium
6650-BWFRT,Female,0,Yes,No,72,Two year,Credit card (automatic),Fiber optic,117.15,8529.5,No,0.056049165984635343,Low
9570-KYEUA,Male,0,No,No,64,Two year,Credit card (automatic),Fiber optic,99.25,6549.45,No,0.03271978007458446,Low
6993-YGFJV,Male,0,Yes,No,69,Two year,Bank transfer (automatic),Fiber optic,112.55,7806.5,No,0.054672149648335576,Low
2712-SYWAY,Female,0,No,No,1,Month-to-month,Electronic check,No,25.7,25.7,No,0.39605465949081237,Medium
0730-BGQGF,Male,0,Yes,Yes,71,Two year,Credit card (automatic),DSL,90.3,6287.3,No,0.008499154575002332,Low
5498-IBWPI,Female,0,Yes,Yes,66,One year,Credit card (automatic),DSL,49.4,3251.85,No,0.01332645274387555,Low
9101-NTIXF,Male,0,No,No,2,Month-to-month,Mailed check,No,19.4,50.6,No,0.18919029633620138,Low
0013-SMEOE,Female,1,Yes,No,71,Two year,Bank transfer (automatic),Fiber optic,109.7,7904.25,No,0.050920478398285784,Low
9314-QDMDW,Male,0,No,No,11,One year,Electronic check,DSL,61.25,729.95,No,0.28249919265661844,Low
9308-ANMVE,Male,0,No,Yes,47,Month-to-month,Electronic check,DSL,55.3,2654.05,No,0.07397171159522345,Low
2884-GBPFB,Female,0,Yes,No,35,Month-to-month,Electronic check,Fiber optic,70.3,2416.55,Yes,0.4031918413934873,Medium
3757-NJYBX,Male,1,Yes,No,32,Month-to-month,Bank transfer (automatic),Fiber optic,106.35,3520.75,Yes,0.5205465581970754,Medium
3413-DHLPB,Male,0,Yes,Yes,60,Month-to-month,Bank transfer (automatic),Fiber optic,103.75,5969.95,No,0.2386352254249874,Low
7649-PHJVR,Male,0,No,No,11,One year,Mailed check,No,19.5,226.8,No,0.06870805411519347,Low
6114-TCFID,Female,0,No,No,29,One year,Credit card (automatic),DSL,39.5,1082.75,No,0.04979049713643572,Low
3787-TRIAL,Male,0,Yes,Yes,21,Month-to-month,Electronic check,DSL,26.05,565.75,No,0.391884873215229,Medium
2573-GYRUU,Male,1,Yes,No,48,Month-to-month,Credit card (automatic),Fiber optic,91.05,4370.75,No,0.41367796613607194,Medium
5156-UMKOW,Female,0,No,Yes,3,Month-to-month,Mailed check,DSL,29.65,90.05,No,0.40101184926201855,Medium
1247-QBVSH,Female,0,Yes,Yes,43,Month-to-month,Mailed check,DSL,50.2,2169.4,No,0.0614411171928482,Low
6734-GMPVK,Male,0,No,No,5,Month-to-month,Electronic check,Fiber optic,105.3,550.6,No,0.6925851630787818,Medium
9822-OAOVB,Female,0,No,No,1,Month-to-month,Electronic check,DSL,55.45,55.45,No,0.5803393585919959,Medium
6161-ERDGD,Male,0,Yes,Yes,71,One year,Electronic check,DSL,85.45,6300.85,No,0.031278586034975145,Low
1226-JZNKR,Female,0,Yes,Yes,8,One year,Electronic check,No,19.8,160.05,No,0.09831452615984058,Low
7318-EIVKO,Male,0,No,No,8,Month-to-month,Electronic check,DSL,59.25,436.6,No,0.5566511826450066,Medium
3771-PZOBW,Male,0,No,No,20,Month-to-month,Credit card (automatic),Fiber optic,90.7,1781.35,No,0.5636811510595764,Medium
5136-KCKGI,Female,0,Yes,Yes,33,One year,Mailed check,Fiber optic,103.7,3467.0,Yes,0.2731328065827686,Low
8231-BSWXX,Male,0,No,No,71,One year,Credit card (automatic),Fiber optic,79.05,5552.5,No,0.07178046617378485,Low
6486-LHTMA,Female,1,Yes,No,31,One year,Electronic check,Fiber optic,90.7,2835.5,No,0.47249671176959757,Medium
4083-BFNYK,Female,1,Yes,No,38,One year,Credit card (automatic),Fiber optic,95.0,3591.25,No,0.17692118160255066,Low
3722-WPXTK,Male,0,No,No,1,Month-to-month,Electronic check,Fiber optic,88.35,88.35,Yes,0.772327592943328,High
7389-KBFIT,Female,0,Yes,Yes,2,Month-to-month,Mailed check,DSL,30.25,63.75,No,0.5006167294791426,Medium
7176-WIONM,Female,0,Yes,No,12,Month-to-month,Bank transfer (automatic),DSL,49.85,617.15,No,0.5765463206495409,Medium
5141-ZUVBH,Female,0,No,Yes,9,Month-to-month,Bank transfer (automatic),Fiber optic,93.0,870.25,No,0.30907592489970626,Medium
1089-HDMKP,Male,1,No,Yes,11,Month-to-month,Electronic check,DSL,54.55,601.25,No,0.3059790715402174,Medium
7623-HKYRK,Male,0,No,Yes,6,Month-to-month,Mailed check,No,19.7,111.65,No,0.13870822218831247,Low
0310-SUCIN,Female,0,Yes,No,71,One year,Bank transfer (automatic),DSL,84.8,6046.1,No,0.02384802346060549,Low
5197-PYEPU,Female,0,Yes,Yes,42,One year,Credit card (automatic),Fiber optic,94.45,3923.8,No,0.15377657318771892,Low
2929-ERCFZ,Female,0,Yes,Yes,8,Month-to-month,Electronic check,Fiber optic,94.2,777.3,Yes,0.7003559471760171,High
7548-SEPYI,Female,0,No,No,5,Month-to-month,Electronic check,Fiber optic,96.25,512.45,Yes,0.7291923156464969,High
8835-VSDSE,Female,0,Yes,No,2,Month-to-month,Electronic check,Fiber optic,70.7,141.45,Yes,0.698350417407256,Medium
6619-RPLQZ,Female,0,Yes,Yes,45,Two year,Mailed check,No,20.85,892.15,No,0.005053357303647906,Low
3275-RHRNE,Male,0,Yes,Yes,28,One year,Credit card (automatic),DSL,60.0,1682.05,No,0.14275135099965652,Low
3503-TYDAY,Female,0,Yes,No,43,Month-to-month,Electronic check,Fiber optic,80.45,3398.9,No,0.30290578379252503,Medium
6901-GOGZG,Male,0,No,Yes,60,Two year,Electronic check,DSL,84.95,4984.85,No,0.026132293689942937,Low
1623-NLDOT,Female,0,Yes,No,42,One year,Mailed check,DSL,33.55,1445.3,Yes,0.03991128273219014,Low
7021-XSNYE,Male,0,Yes,Yes,7,Two year,Credit card (automatic),DSL,49.65,305.55,No,0.07544262137431906,Low
9621-OUPYD,Female,0,Yes,No,25,One year,Bank transfer (automatic),No,20.2,507.9,No,0.05181288227823442,Low
9898-KZQDZ,Female,1,Yes,Yes,40,Month-to-month,Credit card (automatic),Fiber optic,94.55,3640.45,Yes,0.4968433708383807,Medium
8982-NHAVY,Male,0,No,No,27,One year,Bank transfer (automatic),Fiber optic,100.5,2673.45,No,0.4338507936470484,Medium
4307-KWMXE,Male,0,No,No,10,Month-to-month,Electronic check,DSL,35.75,389.8,No,0.3563236133748053,Medium
0141-YEAYS,Female,1,No,No,27,Month-to-month,Bank transfer (automatic),Fiber optic,86.45,2401.05,No,0.5010475028941311,Medium
2450-ZKEED,Female,0,No,No,11,One year,Bank transfer (automatic),DSL,53.8,651.55,No,0.11494636554914449,Low
3694-DELSO,Male,0,Yes,Yes,4,Month-to-month,Credit card (automatic),DSL,38.55,156.1,No,0.3695815328367902,Medium
3893-JRNFS,Male,0,No,No,68,Month-to-month,Bank transfer (automatic),DSL,39.9,2796.35,No,0.07425794029164834,Low
9603-OAIHC,Male,1,No,No,1,Month-to-month,Electronic check,Fiber optic,70.05,70.05,No,0.7420550854707246,High
1133-KXCGE,Female,0,No,No,18,One year,Mailed check,No,20.1,407.05,No,0.05042099683539162,Low
5236-PERKL,Female,0,No,No,57,Two year,Bank transfer (automatic),Fiber optic,112.95,6465.0,Yes,0.10662997611582511,Low
0142-GVYSN,Male,0,No,No,26,Month-to-month,Electronic check,No,20.3,511.25,No,0.11783105561894516,Low
1049-FYSYG,Female,0,Yes,No,17,Month-to-month,Credit card (automatic),DSL,35.65,646.05,No,0.3497980297295188,Medium
7854-FOKSF,Male,0,No,No,1,Month-to-month,Electronic check,DSL,35.9,35.9,Yes,0.6410563295483195,Medium
2519-FAKOD,Male,0,No,Yes,38,Month-to-month,Bank transfer (automatic),Fiber optic,99.25,3777.15,Yes,0.48594672358305274,Medium
8406-LNMHF,Male,1,Yes,No,59,One year,Credit card (automatic),Fiber optic,82.95,4903.15,No,0.07254058249708349,Low
1821-BUCWY,Male,0,No,No,30,Two year,Mailed check,DSL,55.65,1653.85,No,0.03379954700508149,Low
8263-JQAIK,Male,1,No,No,2,Month-to-month,Mailed check,DSL,24.45,47.5,Yes,0.6246205539624087,Medium
0023-UYUPN,Female,1,Yes,No,50,One year,Electronic check,No,25.2,1306.3,No,0.023526603517997666,Low
8314-DPQHL,Male,0,No,No,9,One year,Mailed check,DSL,50.8,463.6,No,0.1639645087581061,Low
1465-WCZVT,Female,0,Yes,Yes,3,Month-to-month,Mailed check,No,19.65,60.65,No,0.1624709567573252,Low
9481-SFCQY,Female,0,No,Yes,14,Month-to-month,Credit card (automatic),DSL,59.8,824.85,No,0.306945971401569,Medium
6360-SVNWV,Female,1,No,No,31,Month-to-month,Credit card (automatic),Fiber optic,73.55,2094.65,No,0.2985967401971382,Low
0567-GGCAC,Female,0,No,No,7,Month-to-month,Electronic check,DSL,61.4,438.9,No,0.25405671800043833,Low
7089-IVVAZ,Female,0,No,No,8,Month-to-month,Bank transfer (automatic),Fiber optic,103.35,847.3,Yes,0.557953873499297,Medium
8884-MRNSU,Male,0,Yes,Yes,17,One year,Bank transfer (automatic),No,19.9,329.75,No,0.04664883910184273,Low
2171-UDMFD,Male,0,Yes,Yes,32,Month-to-month,Credit card (automatic),No,19.45,674.55,No,0.05390515407332611,Low
9050-IKDZA,Female,1,No,No,2,Month-to-month,Mailed check,Fiber optic,81.5,162.55,No,0.6319337952559063,Medium
2205-YMZZJ,Male,1,No,No,7,Month-to-month,Electronic check,Fiber optic,84.8,546.95,Yes,0.7821612104435646,High
9802-CAQUT,Female,0,Yes,Yes,72,Two year,Credit card (automatic),Fiber optic,109.55,7887.25,No,0.040095182355500074,Low
1254-IZEYF,Female,1,No,No,31,Month-to-month,Electronic check,Fiber optic,99.95,3186.65,Yes,0.6779248710700738,Medium
0187-WZNAB,Female,0,Yes,Yes,27,Month-to-month,Mailed check,Fiber optic,74.4,1972.35,No,0.208420510357254,Low
9492-TOKRI,Female,0,No,No,18,Month-to-month,Credit card (automatic),Fiber optic,90.0,1527.35,Yes,0.5469388817059667,Medium
1475-VWVDO,Male,0,No,No,7,Month-to-month,Electronic check,Fiber optic,74.9,490.55,No,0.638511470115764,Medium
9221-OTIVJ,Female,1,No,No,14,Month-to-month,Electronic check,Fiber optic,104.85,1531.4,Yes,0.7628389280525749,High
1357-MVDOZ,Male,0,Yes,Yes,11,Month-to-month,Bank transfer (automatic),DSL,59.65,683.25,No,0.3506083459920058,Medium
7602-MVRMB,Female,0,Yes,Yes,72,Two year,Bank transfer (automatic),Fiber optic,110.45,8058.85,No,0.05315605768816631,Low
3325-FUYCG,Male,0,Yes,Yes,28,One year,Electronic check,Fiber optic,106.1,2847.4,Yes,0.2711616402799712,Low
5908-QMGOE,Male,1,No,No,15,Month-to-month,Credit card (automatic),Fiber optic,74.2,1133.9,Yes,0.6015364637032035,Medium
1197-BVMVG,Female,1,No,No,4,Month-to-month,Electronic check,Fiber optic,74.45,294.45,No,0.7700582963505063,High
5406-KGRMX,Female,0,No,No,71,Two year,Electronic check,No,24.55,1719.15,No,0.0029815642534494783,Low
8481-YYXWG,Female,0,No,No,5,Month-to-month,Electronic check,Fiber optic,89.35,461.7,Yes,0.5976412341199726,Medium
5968-HYJRZ,Male,0,Yes,Yes,47,Two year,Mailed check,No,24.55,1160.45,No,0.006004322283627672,Low
5198-EFNBM,Male,1,Yes,No,57,One year,Electronic check,Fiber optic,90.65,5199.8,No,0.20823829711960035,Low
7516-GMHUV,Male,1,Yes,No,50,Two year,Credit card (automatic),Fiber optic,105.05,5163.3,No,0.13347587377523648,Low
7140-ADSMJ,Male,0,No,No,8,Month-to-month,Credit card (automatic),No,20.45,162.3,No,0.19063424965550724,Low
2230-XTUWL,Female,0,Yes,Yes,48,Two year,Mailed check,No,19.55,883.35,No,0.004177819382590588,Low
7706-YLMQA,Female,0,No,No,70,One year,Bank transfer (automatic),No,19.7,1341.5,No,0.003482158769275868,Low
2585-KTFRE,Male,0,No,Yes,1,Month-to-month,Bank transfer (automatic),DSL,70.45,70.45,No,0.24870668287796588,Low
7994-UYIVZ,Male,0,Yes,No,8,Month-to-month,Bank transfer (automatic),Fiber optic,85.65,659.45,No,0.6820430678880279,Medium
2609-IAICY,Female,0,No,No,1,Month-to-month,Electronic check,Fiber optic,77.15,77.15,Yes,0.755468251376553,High
1740-CSDJP,Male,0,No,No,1,Month-to-month,Bank transfer (automatic),DSL,35.25,35.25,Yes,0.6501016299980457,Medium
7717-BICXI,Male,0,Yes,Yes,60,Two year,Mailed check,No,20.55,1205.05,No,0.002246483518170103,Low
6559-RAKOZ,Male,0,Yes,Yes,49,One year,Electronic check,Fiber optic,97.95,4917.9,No,0.2592709792097009,Low
2636-OHFMN,Male,0,Yes,No,4,Month-to-month,Electronic check,DSL,48.55,201.0,Yes,0.6886603386882628,Medium
4716-MRVEN,Female,0,No,No,29,One year,Mailed check,No,20.0,599.3,No,0.028576022557995465,Low
2143-LJULT,Female,0,Yes,No,67,Two year,Credit card (automatic),No,25.25,1733.15,No,0.003664068124261562,Low
1323-OOEPC,Female,0,Yes,No,53,Month-to-month,Credit card (automatic),Fiber optic,98.4,5149.5,Yes,0.36756680561598226,Medium
3200-MNQTF,Male,0,Yes,No,67,Two year,Credit card (automatic),DSL,70.9,4677.1,No,0.00517391293560466,Low
6164-HXUGH,Female,0,Yes,Yes,6,Month-to-month,Mailed check,No,19.85,119.3,No,0.14219753132756913,Low
5630-IXDXV,Female,0,No,No,47,Month-to-month,Electronic check,Fiber optic,106.35,4849.1,No,0.5182736711741647,Medium
0320-DWVTU,Female,0,No,No,53,Two year,Mailed check,Fiber optic,99.5,5424.25,No,0.030477937266017486,Low
9135-MGVPY,Male,0,Yes,No,69,Two year,Mailed check,DSL,84.7,5878.9,No,0.011108930464030069,Low
1212-GLHMD,Male,0,No,No,3,Month-to-month,Mailed check,Fiber optic,86.05,244.85,No,0.5556350873543369,Medium
7878-JGDKK,Male,0,No,No,4,Month-to-month,Mailed check,DSL,44.55,220.75,No,0.32363188591023945,Medium
1088-AUUZZ,Male,0,Yes,Yes,56,Two year,Credit card (automatic),DSL,75.85,4261.2,No,0.013393390476406246,Low
0397-GZBBC,Male,1,Yes,No,59,Month-to-month,Bank transfer (automatic),Fiber optic,93.85,5574.75,Yes,0.42405156097755475,Medium
6614-YWYSC,Male,1,Yes,No,61,Two year,Bank transfer (automatic),No,25.0,1501.75,No,0.004514852846185333,Low
9588-OZDMQ,Female,0,Yes,No,2,Month-to-month,Electronic check,DSL,45.0,89.75,No,0.5191782965728595,Medium
7641-EUYET,Male,1,Yes,Yes,46,Month-to-month,Electronic check,Fiber optic,100.7,4541.2,Yes,0.3689710310763995,Medium
6476-EPYZR,Male,0,Yes,Yes,12,Month-to-month,Mailed check,No,20.5,255.5,No,0.10655488153326927,Low
9921-ZVRHG,Female,0,No,No,14,Month-to-month,Electronic check,Fiber optic,80.45,1072.0,Yes,0.6473535218058526,Medium
1174-FGIFN,Female,0,Yes,Yes,28,One year,Electronic check,Fiber optic,90.45,2509.25,No,0.3279964982358948,Medium
6620-HVDUJ,Male,0,No,No,24,Month-to-month,Bank transfer (automatic),DSL,60.45,1440.75,No,0.08184208056480508,Low
4701-MLJPN,Male,0,No,No,31,Month-to-month,Electronic check,DSL,55.25,1715.65,Yes,0.17152909264540372,Low
1032-MAELW,Female,0,Yes,Yes,68,One year,Electronic check,DSL,78.45,5333.35,No,0.027255669664962373,Low
7641-TQFHN,Male,0,No,Yes,39,Two year,Mailed check,Fiber optic,100.55,3895.35,No,0.09719874922942594,Low
1552-TKMXS,Female,0,Yes,No,42,Month-to-month,Credit card (automatic),No,20.35,869.9,No,0.027815828123363272,Low
9206-GVPEQ,Male,0,Yes,No,13,Month-to-month,Electronic check,DSL,54.45,706.85,Yes,0.45701270143207073,Medium
8622-ZLFKO,Female,0,Yes,No,6,Month-to-month,Electronic check,Fiber optic,90.75,512.25,No,0.7276234379841087,High
1596-BBVTG,Male,0,No,No,35,Month-to-month,Credit card (automatic),Fiber optic,75.35,2636.05,Yes,0.301363227801097,Medium
6188-UXBBR,Female,0,Yes,No,38,One year,Credit card (automatic),No,20.25,814.75,No,0.024948085826077677,Low
2333-KWEWW,Male,0,No,No,18,Two year,Credit card (automatic),No,20.05,388.6,No,0.02305563981402203,Low
5702-SKUOB,Female,0,Yes,No,4,Month-to-month,Mailed check,No,19.6,93.45,No,0.17753905655408925,Low
1134-YWTYF,Male,0,Yes,No,27,Month-to-month,Electronic check,DSL,53.8,1389.85,No,0.17163564192337025,Low
6061-GWWAV,Male,0,No,Yes,41,One year,Mailed check,DSL,70.2,2894.55,No,0.033976021084843225,Low
0679-TDGAK,Male,0,Yes,Yes,50,One year,Electronic check,DSL,75.5,4025.6,No,0.043082105054859175,Low
6585-WCEWR,Male,0,Yes,Yes,72,Two year,Electronic check,No,20.35,1354.4,No,0.0016624704091140166,Low
9067-YGSCA,Female,0,No,No,70,One year,Credit card (automatic),No,26.05,1856.4,No,0.00482584490824047,Low
9067-SQTNS,Male,0,Yes,Yes,44,One year,Bank transfer (automatic),No,20.6,926.0,No,0.01189717206069058,Low
8433-WXGNA,Male,0,No,No,2,Month-to-month,Electronic check,Fiber optic,75.7,189.2,Yes,0.6051445213274682,Medium
1776-SPBWV,Female,0,Yes,Yes,34,One year,Bank transfer (automatic),No,20.1,682.1,No,0.028171187088166558,Low
8735-SDUFN,Female,1,Yes,No,72,Two year,Bank transfer (automatic),No,24.3,1778.7,No,0.0026212404415279764,Low
9668-PUGNU,Male,0,Yes,No,71,Two year,Electronic check,No,24.5,1816.2,No,0.004248806997326003,Low
9405-GPBBG,Female,0,No,No,64,Two year,Credit card (automatic),Fiber optic,110.5,7069.25,No,0.08098982683976651,Low
1926-QUZNN,Female,0,Yes,No,72,Two year,Bank transfer (automatic),No,25.25,1841.2,No,0.003080998193729897,Low
3707-GNWHM,Male,0,No,No,1,Month-to-month,Mailed check,Fiber optic,74.25,74.25,Yes,0.672034993068288,Medium
7016-NVRIC,Male,1,Yes,No,29,One year,Bank transfer (automatic),Fiber optic,90.1,2656.7,No,0.20512368959746227,Low
5829-NVSQN,Female,0,Yes,No,23,One year,Bank transfer (automatic),DSL,68.75,1689.45,No,0.09295572467923047,Low
9565-AXSMR,Male,0,Yes,Yes,52,Two year,Mailed check,No,19.2,1054.75,No,0.003395913982912875,Low
8922-LIEGH,Female,1,No,No,25,Month-to-month,Electronic check,Fiber optic,89.7,2187.55,Yes,0.6438683394373113,Medium
8869-LIHMK,Female,0,No,No,64,Two year,Bank transfer (automatic),Fiber optic,115.1,7334.05,No,0.06520040119534198,Low
8245-UMPYT,Female,1,No,No,16,Month-to-month,Electronic check,Fiber optic,96.4,1581.2,Yes,0.7873514899596747,High
5186-SAMNZ,Male,1,No,No,1,Month-to-month,Bank transfer (automatic),Fiber optic,69.5,69.5,Yes,0.6794838534178678,Medium
0447-RXSGD,Male,0,No,No,24,Month-to-month,Bank transfer (automatic),Fiber optic,99.65,2404.85,No,0.591968827955141,Medium
4927-WWOOZ,Male,0,Yes,No,2,Month-to-month,Electronic check,Fiber optic,91.45,171.45,No,0.769448129215662,High
5788-YPOEG,Female,0,Yes,Yes,34,Two year,Mailed check,DSL,84.75,2839.45,No,0.020554619928648942,Low
5373-SFODM,Male,1,Yes,No,36,Month-to-month,Credit card (automatic),Fiber optic,85.25,3132.75,Yes,0.5035980273712001,Medium
0661-KBKPA,Male,0,Yes,Yes,53,One year,Mailed check,DSL,78.75,3942.45,No,0.060226024268337515,Low
9081-WWXKP,Female,0,Yes,Yes,47,Two year,Credit card (automatic),No,20.25,873.4,No,0.00433169077232803,Low
0784-ZQJZX,Male,0,No,Yes,72,Two year,Credit card (automatic),No,19.9,1529.65,No,0.0011858865777815703,Low
3133-PZNSR,Male,0,Yes,Yes,72,Two year,Credit card (automatic),Fiber optic,97.75,6991.6,No,0.02503655811385275,Low
5766-ZJYBB,Male,0,No,No,1,Month-to-month,Mailed check,No,19.4,19.4,Yes,0.19685989024525757,Low
8931-GJJIQ,Female,0,No,No,9,Month-to-month,Electronic check,Fiber optic,83.3,803.3,Yes,0.7410695243685195,High
4277-PVRAN,Female,0,No,No,8,Month-to-month,Bank transfer (automatic),Fiber optic,80.1,679.3,Yes,0.6305900600726112,Medium
0022-TCJCI,Male,1,No,No,45,One year,Credit card (automatic),DSL,62.7,2791.5,Yes,0.0427487525231189,Low
0722-SVSFK,Female,0,No,No,7,Month-to-month,Electronic check,Fiber optic,100.4,715.0,No,0.6628321325182918,Medium
3612-YVGSJ,Female,0,Yes,No,71,Two year,Credit card (automatic),No,24.45,1681.6,No,0.002828158417751189,Low
9825-YCXWZ,Female,1,No,No,41,One year,Bank transfer (automatic),Fiber optic,101.1,4016.2,No,0.26041781529330676,Low
5397-NSKQG,Male,0,Yes,Yes,67,Two year,Credit card (automatic),DSL,50.9,3281.65,No,0.011188994030218625,Low
8565-HBFNN,Male,0,Yes,No,69,One year,Credit card (automatic),Fiber optic,107.2,7317.1,No,0.07686629169739444,Low
2000-DHJUY,Female,1,Yes,No,70,Two year,Bank transfer (automatic),DSL,92.2,6474.45,No,0.021858560424593988,Low
0203-HHYIJ,Male,0,No,No,25,One year,Bank transfer (automatic),No,25.3,676.35,Yes,0.048187262839035135,Low
8670-ERCJH,Male,0,No,No,72,Two year,Bank transfer (automatic),Fiber optic,113.4,8164.1,No,0.0371587436977761,Low
7758-UJWYS,Male,0,Yes,Yes,34,Two year,Electronic check,DSL,40.55,1325.85,No,0.0696580235230112,Low
2050-ONYDQ,Female,0,Yes,Yes,65,Two year,Credit card (automatic),No,26.0,1654.85,No,0.0024541266310609254,Low
7055-JCGNI,Female,0,No,No,70,Two year,Credit card (automatic),Fiber optic,111.95,7795.95,No,0.04812750351669431,Low
0739-UUAJR,Female,0,Yes,Yes,72,Two year,Credit card (automatic),DSL,53.8,3952.45,No,0.013835409651588068,Low
4826-DXMUP,Male,0,No,Yes,35,One year,Mailed check,DSL,72.1,2495.15,No,0.09081055507984705,Low
0952-KMEEH,Male,0,No,No,13,Month-to-month,Mailed check,Fiber optic,98.15,1230.25,Yes,0.5006624061138079,Medium
7285-KLOTR,Female,0,Yes,No,12,One year,Electronic check,DSL,78.85,876.75,No,0.24466733585368158,Low
0654-PQKDW,Female,0,Yes,Yes,62,One year,Bank transfer (automatic),DSL,70.75,4263.45,No,0.019522229765487523,Low
7175-NTIXE,Female,0,No,No,25,Month-to-month,Credit card (automatic),DSL,76.15,1992.95,No,0.18952427666366778,Low
7963-SHNDT,Female,0,No,No,52,Two year,Mailed check,DSL,39.1,1982.1,No,0.008513697502619579,Low
9796-BPKIW,Male,1,No,No,8,Month-to-month,Credit card (automatic),Fiber optic,69.95,562.7,No,0.6011793162294155,Medium
0188-GWFLE,Male,0,No,No,2,Month-to-month,Mailed check,No,20.05,33.7,No,0.1891927838227314,Low
8129-GMVGI,Female,0,Yes,Yes,56,Two year,Mailed check,No,20.05,1090.1,No,0.0027947356338266765,Low
2882-DDZPG,Female,0,No,No,12,Month-to-month,Bank transfer (automatic),No,19.45,227.45,No,0.1295099999186143,Low
3547-LQRIK,Female,0,Yes,No,47,One year,Electronic check,No,26.9,1250.85,No,0.022682483948667672,Low
9137-NOQKA,Male,1,No,No,2,Month-to-month,Electronic check,No,19.2,37.2,No,0.2916895522165105,Low
5843-TTHGI,Female,0,No,No,18,Month-to-month,Mailed check,DSL,50.0,892.7,No,0.2624585953525319,Low
1849-RJYIG,Female,0,No,No,8,Month-to-month,Electronic check,DSL,60.0,487.75,No,0.40866735174186336,Medium
8868-GAGIO,Male,0,Yes,No,45,Month-to-month,Mailed check,Fiber optic,84.55,3713.95,No,0.2352369430226523,Low
4061-UKJWL,Male,0,No,No,3,Month-to-month,Mailed check,DSL,45.45,141.7,No,0.3327767559402163,Medium
5380-XPJNZ,Female,0,No,No,38,One year,Mailed check,No,20.05,678.2,No,0.017407812877669057,Low
8263-QMNTJ,Male,0,Yes,No,72,Two year,Electronic check,Fiber optic,115.55,8425.3,No,0.07549635934669449,Low
8178-EYZUO,Male,0,No,No,46,Month-to-month,Electronic check,Fiber optic,93.7,4154.8,Yes,0.33868100946159013,Medium
3230-JCNZS,Female,0,Yes,Yes,71,Two year,Credit card (automatic),Fiber optic,99.0,7061.65,No,0.03783559173220639,Low
0277-ORXQS,Male,0,Yes,Yes,66,Two year,Bank transfer (automatic),DSL,50.55,3364.55,No,0.013587659791638928,Low
5130-IEKQT,Male,1,No,No,25,Month-to-month,Mailed check,Fiber optic,105.95,2655.25,Yes,0.5382167909913975,Medium
3230-WYKIR,Male,0,No,No,18,One year,Credit card (automatic),DSL,82.0,1425.45,Yes,0.21037355615062928,Low
7996-BPXHY,Female,0,Yes,Yes,13,Two year,Bank transfer (automatic),No,25.0,332.5,No,0.05086541523871074,Low
3227-WLKLI,Female,0,Yes,Yes,65,Two year,Bank transfer (automatic),DSL,91.55,5963.95,No,0.01229453121402096,Low
0407-BDJKB,Male,0,Yes,No,60,Month-to-month,Electronic check,Fiber optic,95.75,5742.9,Yes,0.3463989446924874,Medium
2266-FUBDZ,Male,0,Yes,Yes,15,Two year,Mailed check,No,19.35,278.85,No,0.02324868242061695,Low
8237-ULIXL,Female,0,Yes,No,72,Two year,Credit card (automatic),No,24.85,1871.85,No,0.0020127634770035607,Low
9600-UDOPK,Male,0,Yes,No,30,Month-to-month,Credit card (automatic),Fiber optic,94.05,2866.45,Yes,0.5622073371919327,Medium
8216-AZUUZ,Female,0,Yes,Yes,42,Two year,Electronic check,Fiber optic,100.4,4303.65,No,0.1372885679457703,Low
9153-BTBVV,Female,0,Yes,No,71,Two year,Bank transfer (automatic),No,25.0,1753.0,No,0.00224662347203571,Low
4074-SJFFA,Female,0,No,No,1,Month-to-month,Mailed check,DSL,54.75,54.75,Yes,0.4888809517309233,Medium
3269-ATYWD,Male,1,No,No,39,Month-to-month,Bank transfer (automatic),Fiber optic,95.65,3759.05,Yes,0.5773300748446561,Medium
5186-PEIZU,Female,0,No,No,35,Month-to-month,Bank transfer (automatic),No,19.25,617.65,No,0.04133503249341017,Low
1074-AMIOH,Female,0,Yes,Yes,53,Month-to-month,Bank transfer (automatic),Fiber optic,108.25,5935.1,No,0.2707762190180048,Low
4910-GMJOT,Female,0,No,No,1,Month-to-month,Electronic check,Fiber optic,94.6,94.6,Yes,0.8171100543013511,High
0354-WYROK,Female,1,Yes,Yes,31,Month-to-month,Electronic check,Fiber optic,98.9,2911.3,Yes,0.5000897278359773,Medium
4361-FEBGN,Male,0,No,No,48,Two year,Credit card (automatic),No,20.15,982.95,No,0.00481208582599207,Low
7748-UMTRK,Female,1,No,Yes,30,Month-to-month,Electronic check,Fiber optic,101.3,2974.5,No,0.596611501926563,Medium
0380-ZCSBI,Male,0,No,No,10,Month-to-month,Credit card (automatic),No,20.0,198.7,No,0.12987406107834842,Low
7145-FEJWU,Female,0,No,Yes,12,Month-to-month,Electronic check,Fiber optic,105.3,1275.65,No,0.6987911367613172,Medium
6463-MVYRY,Female,1,No,No,57,Two year,Bank transfer (automatic),DSL,69.85,4003.0,No,0.011570082534377349,Low
3969-JQABI,Female,0,Yes,No,58,Month-to-month,Credit card (automatic),DSL,65.25,3791.6,No,0.05539066017536428,Low
9624-EGDEQ,Female,0,No,No,37,Two year,Mailed check,No,19.8,813.3,No,0.0091094734059389,Low
1051-EQPZR,Female,0,Yes,Yes,44,Month-to-month,Mailed check,No,19.6,780.25,No,0.02109129643753336,Low
5849-ASHZJ,Male,0,No,Yes,27,One year,Credit card (automatic),No,20.05,552.9,No,0.025915427346409933,Low
5780-INQIK,Female,0,No,No,8,Month-to-month,Electronic check,DSL,49.4,408.25,No,0.2878402471692103,Low
7576-OYWBN,Male,1,No,No,3,Month-to-month,Electronic check,Fiber optic,76.05,231.8,Yes,0.775249122870422,High
4526-ZJJTM,Female,1,Yes,No,25,Month-to-month,Bank transfer (automatic),Fiber optic,88.4,2191.15,No,0.41206739107726215,Medium
8384-FZBJK,Female,0,Yes,Yes,57,Month-to-month,Electronic check,Fiber optic,100.6,5611.7,No,0.4056972367888728,Medium
3750-RNQKR,Female,0,No,No,12,Month-to-month,Mailed check,No,19.45,246.25,No,0.12331669625902128,Low
0962-CQPWQ,Female,0,Yes,Yes,62,Two year,Bank transfer (automatic),No,20.3,1296.15,No,0.0022322348035578826,Low
3096-YXENJ,Female,0,Yes,No,65,Two year,Bank transfer (automatic),Fiber optic,107.65,7082.85,No,0.08183623226799833,Low
1265-BCFEO,Female,0,Yes,No,71,Two year,Bank transfer (automatic),DSL,80.45,5662.25,No,0.02262092185070094,Low
5837-LXSDN,Female,0,Yes,Yes,21,One year,Credit card (automatic),DSL,58.85,1215.45,No,0.129195382421596,Low
5945-AZYHT,Male,0,Yes,No,71,One year,Electronic check,Fiber optic,109.6,7854.15,No,0.1818957405048756,Low
8325-QRPZR,Female,0,No,No,7,Month-to-month,Electronic check,Fiber optic,75.15,525.0,No,0.6467818192891446,Medium
6384-VMJHP,Female,0,No,No,72,Two year,Credit card (automatic),DSL,73.0,5265.2,No,0.006258082833710679,Low
2262-SLNVK,Female,0,No,No,1,Month-to-month,Electronic check,Fiber optic,70.1,70.1,No,0.6278480346116649,Medium
7730-CLDSV,Female,0,Yes,Yes,72,Two year,Bank transfer (automatic),Fiber optic,98.65,7129.45,No,0.04102801656692032,Low
1135-HIORI,Female,0,Yes,Yes,64,One year,Electronic check,Fiber optic,111.45,7266.95,No,0.20301010506669262,Low
0164-APGRB,Female,0,No,No,72,Two year,Electronic check,Fiber optic,114.9,8496.7,No,0.07819540032298293,Low
6481-ESCNL,Female,0,No,No,29,Month-to-month,Bank transfer (automatic),Fiber optic,100.55,2878.75,No,0.5085820525131792,Medium
1790-NESIO,Female,0,No,No,13,Two year,Mailed check,No,20.4,261.3,No,0.04335066327314318,Low
1550-EENBN,Female,0,No,No,31,Month-to-month,Electronic check,Fiber optic,104.35,3205.6,No,0.4466368755738911,Medium
5539-TMZLF,Male,1,No,No,1,Month-to-month,Electronic check,Fiber optic,69.75,69.75,Yes,0.7415595173077567,High
4323-SADQS,Male,0,Yes,Yes,7,Month-to-month,Electronic check,DSL,34.5,279.25,Yes,0.37904923253642775,Medium
4446-BZKHU,Male,0,Yes,No,61,Month-to-month,Electronic check,Fiber optic,105.55,6281.45,Yes,0.41908415458747816,Medium
5202-IVJNU,Female,0,No,Yes,39,Month-to-month,Credit card (automatic),DSL,30.1,1131.3,Yes,0.10914987131631035,Low
5976-JCJRH,Male,0,Yes,No,10,Month-to-month,Electronic check,Fiber optic,70.3,738.2,Yes,0.629435210320201,Medium
8198-RKSZG,Female,0,Yes,Yes,14,Month-to-month,Credit card (automatic),DSL,80.45,1137.05,No,0.2471640858508928,Low
0137-OCGAB,Female,0,No,No,1,Month-to-month,Mailed check,Fiber optic,80.2,80.2,Yes,0.6396328199085597,Medium
3351-NQLDI,Female,0,Yes,Yes,67,One year,Credit card (automatic),Fiber optic,94.35,6341.45,Yes,0.06885236974650996,Low
9297-EONCV,Female,0,No,No,72,Two year,Bank transfer (automatic),DSL,91.35,6697.2,No,0.016803928205702985,Low
7593-JNWRU,Male,0,Yes,Yes,6,Month-to-month,Bank transfer (automatic),DSL,44.6,260.8,Yes,0.35702376704009414,Medium
4588-YBNIB,Female,0,No,No,1,Month-to-month,Mailed check,No,19.6,19.6,Yes,0.2619854982329242,Low
1069-QJOEE,Male,0,Yes,Yes,25,One year,Electronic check,No,19.9,505.45,No,0.04171497673243434,Low
3336-JORSO,Female,1,No,No,33,Month-to-month,Electronic check,Fiber optic,110.45,3655.45,Yes,0.5864473012053405,Medium
7799-DSEWS,Male,0,No,No,18,Month-to-month,Electronic check,DSL,68.35,1299.8,No,0.23696887808072353,Low
8766-PAFNE,Male,0,Yes,No,71,Two year,Credit card (automatic),DSL,79.1,5564.85,No,0.012929673346710744,Low
5315-CKEQK,Male,1,Yes,Yes,28,One year,Electronic check,DSL,51.0,1381.8,No,0.1907159115651974,Low
3130-ICDUP,Female,0,No,Yes,2,Month-to-month,Credit card (automatic),Fiber optic,80.55,188.1,No,0.4498150345411431,Medium
0820-FNRNX,Male,0,Yes,Yes,17,Month-to-month,Mailed check,DSL,66.7,1077.05,No,0.19935331835024855,Low
0880-FVFWF,Male,0,No,No,56,Month-to-month,Electronic check,Fiber optic,86.4,4922.4,No,0.23294662456908527,Low
4611-ANLQC,Female,0,Yes,No,60,One year,Electronic check,DSL,50.05,2911.5,No,0.036046515754732784,Low
4213-HKBJO,Female,0,No,No,33,Two year,Credit card (automatic),No,25.7,826.1,No,0.014393697764028959,Low
2792-LSHWX,Female,0,No,No,1,Month-to-month,Mailed check,Fiber optic,83.4,83.4,No,0.38727008583458017,Medium
5028-GZLDO,Male,0,No,No,2,Month-to-month,Credit card (automatic),Fiber optic,70.7,140.7,Yes,0.52004070699193,Medium
0014-BMAQU,Male,0,Yes,No,63,Two year,Credit card (automatic),Fiber optic,84.65,5377.8,No,0.029512910540093733,Low
6861-XWTWQ,Male,1,Yes,No,7,Month-to-month,Electronic check,Fiber optic,99.25,665.45,Yes,0.8111421613011226,High
9018-PCIOK,Female,0,No,No,55,Two year,Mailed check,DSL,64.75,3617.1,No,0.022580210105872172,Low
4837-QUSFT,Female,0,Yes,No,65,One year,Bank transfer (automatic),Fiber optic,100.15,6643.5,No,0.08892070043234233,Low
6877-TJMBR,Male,0,Yes,No,1,Month-to-month,Electronic check,Fiber optic,84.8,84.8,Yes,0.6594617545627617,Medium
9953-ZMKSM,Male,0,No,No,63,Two year,Mailed check,No,25.25,1559.3,No,0.0031114412637330427,Low
0907-HQNTS,Female,1,Yes,No,70,Two year,Credit card (automatic),Fiber optic,113.0,7987.6,No,0.06290542101569682,Low
7665-NKLAV,Female,0,Yes,Yes,36,Two year,Credit card (automatic),DSL,40.65,1547.35,No,0.018109154664480518,Low
6769-DCQLI,Male,0,No,No,52,One year,Bank transfer (automatic),Fiber optic,105.0,5426.85,Yes,0.15904307146941504,Low
2433-KMEAS,Male,0,No,No,22,Month-to-month,Electronic check,DSL,54.45,1127.35,Yes,0.2751578014515883,Low
4391-LNRXK,Male,0,No,No,22,Month-to-month,Bank transfer (automatic),Fiber optic,94.95,2142.8,No,0.38996562941405744,Medium
8250-ZNGGW,Female,1,No,No,5,Month-to-month,Credit card (automatic),DSL,59.9,287.85,No,0.17973556612518554,Low
2195-ZRVAX,Female,0,Yes,No,47,Month-to-month,Electronic check,Fiber optic,85.3,4045.65,Yes,0.3917998879878392,Medium
3550-SAHFP,Female,0,No,No,33,Month-to-month,Electronic check,Fiber optic,83.35,2757.85,Yes,0.5632005049377973,Medium
2011-TRQYE,Male,0,No,No,18,Month-to-month,Credit card (automatic),DSL,33.5,600.0,Yes,0.3236922187890494,Medium
8562-GHPPI,Female,0,No,No,1,Month-to-month,Credit card (automatic),No,19.8,19.8,No,0.19700405382218206,Low
5893-PYOLZ,Male,0,No,No,56,Two year,Credit card (automatic),DSL,81.8,4534.45,No,0.02285352712475337,Low
4986-MXSFP,Female,0,No,No,2,Month-to-month,Mailed check,No,20.0,40.9,No,0.25260851982853455,Low
6131-FOYAS,Male,0,No,No,35,Month-to-month,Electronic check,DSL,59.6,2094.9,No,0.18504947907148528,Low
3027-YNWZU,Female,0,Yes,No,64,Two year,Credit card (automatic),No,25.0,1584.8,No,0.0029500774027071096,Low
5609-IMCGG,Female,0,No,No,15,Month-to-month,Credit card (automatic),Fiber optic,84.35,1302.65,No,0.4556079628644268,Medium
4873-ILOLJ,Male,0,No,No,24,Month-to-month,Electronic check,Fiber optic,90.35,2238.5,Yes,0.6368703877626771,Medium
4727-MCYZG,Male,0,No,No,1,Month-to-month,Mailed check,DSL,55.55,55.55,No,0.3998185123217401,Medium
9481-WHGWY,Female,0,Yes,Yes,70,Two year,Credit card (automatic),DSL,75.35,5437.75,No,0.006984984734668638,Low
2725-KXXWT,Male,0,Yes,No,1,Month-to-month,Electronic check,Fiber optic,90.75,90.75,Yes,0.7763389483061159,High
9565-DJPIB,Female,0,No,Yes,4,Month-to-month,Mailed check,Fiber optic,89.6,365.65,Yes,0.5417367059227592,Medium
4328-VUFWD,Female,0,No,No,39,One year,Electronic check,DSL,59.3,2209.15,No,0.06624875208918059,Low
3301-LSLWQ,Female,0,No,No,29,Month-to-month,Electronic check,DSL,66.1,1912.15,No,0.2893471741917423,Low
7473-ZBDSN,Female,0,Yes,Yes,14,Two year,Mailed check,No,18.8,255.55,No,0.024896211594336408,Low
3166-PNEOF,Female,0,No,No,61,Two year,Credit card (automatic),DSL,86.45,5175.3,No,0.015382941149928438,Low
5639-NTUPK,Male,0,No,Yes,13,Month-to-month,Credit card (automatic),DSL,52.1,670.65,No,0.20691915869965657,Low
8780-YRMTT,Female,0,No,No,66,Two year,Mailed check,DSL,47.4,3177.25,No,0.007492937275248799,Low
8348-HFYIV,Male,0,No,No,2,Month-to-month,Electronic check,DSL,49.25,90.35,Yes,0.7316389586202884,High
5140-FOMCQ,Female,0,Yes,No,59,One year,Credit card (automatic),Fiber optic,109.15,6557.75,No,0.17147695213263073,Low
6242-SGYTS,Male,0,Yes,Yes,62,One year,Credit card (automatic),Fiber optic,94.95,5791.85,No,0.09007566592801859,Low
8166-ORCHU,Male,1,Yes,No,33,One year,Electronic check,Fiber optic,93.55,3055.5,No,0.2092499511981431,Low
8414-OOEEL,Male,0,No,Yes,66,Two year,Credit card (automatic),DSL,79.5,5196.1,No,0.013233344158578629,Low
8454-AATJP,Female,0,No,No,72,Two year,Credit card (automatic),Fiber optic,115.05,8405.0,No,0.0380935268487764,Low
6849-WLEYG,Male,0,No,Yes,1,Month-to-month,Mailed check,No,19.75,19.75,Yes,0.1737882703848908,Low
4659-NZRUF,Female,0,No,No,19,Month-to-month,Electronic check,Fiber optic,95.15,1789.25,Yes,0.5523705405040368,Medium
4531-AUZNK,Female,0,Yes,Yes,51,One year,Mailed check,Fiber optic,95.15,5000.05,No,0.11269481616500422,Low
4191-XOVOM,Male,0,No,No,63,Month-to-month,Electronic check,Fiber optic,105.4,6713.2,No,0.2731534996033638,Low
2150-OEGBV,Male,0,No,No,27,One year,Bank transfer (automatic),No,20.1,562.6,No,0.03293986449621387,Low
8429-XIBUM,Male,0,No,No,22,Month-to-month,Bank transfer (automatic),Fiber optic,101.35,2317.1,Yes,0.5623072407959286,Medium
1855-CFULU,Female,1,No,No,4,Month-to-month,Mailed check,No,20.05,91.45,No,0.2106748244187493,Low
4878-BUNFV,Male,0,Yes,Yes,42,Two year,Mailed check,No,20.7,828.85,No,0.005769024824554134,Low
1872-EBWSC,Female,0,No,No,29,One year,Mailed check,No,20.35,617.35,No,0.028817300312825672,Low
2608-BHKFN,Female,0,No,No,4,Month-to-month,Credit card (automatic),Fiber optic,70.05,266.9,Yes,0.5903177865707022,Medium
7026-YMSBE,Male,0,No,No,30,One year,Mailed check,No,19.7,625.05,No,0.02652898003523733,Low
7341-LXCAF,Male,0,Yes,No,4,Month-to-month,Electronic check,Fiber optic,74.65,301.4,Yes,0.7271883346037986,High
6997-UVGOX,Male,0,Yes,Yes,71,Two year,Bank transfer (automatic),DSL,85.45,6029.9,No,0.006743166529630364,Low
9674-EHPPG,Male,0,Yes,No,46,Two year,Credit card (automatic),DSL,40.4,1842.7,No,0.01261912144529725,Low
9462-MJUAW,Male,0,No,No,4,Month-to-month,Mailed check,DSL,50.4,206.6,Yes,0.37882766408204055,Medium
8128-YVJRG,Female,0,No,No,7,Month-to-month,Mailed check,Fiber optic,79.65,604.7,Yes,0.5386890279313351,Medium
5440-VHLUL,Male,0,No,No,69,One year,Bank transfer (automatic),Fiber optic,105.2,7386.05,No,0.14782929774793216,Low
5781-BKHOP,Female,0,Yes,No,72,Two year,Bank transfer (automatic),Fiber optic,100.65,7334.05,No,0.035683082310486273,Low
4283-FUTGF,Male,1,No,No,19,Month-to-month,Electronic check,Fiber optic,79.85,1471.75,Yes,0.6507423954193639,Medium
5213-TWWJU,Male,0,No,No,28,Month-to-month,Electronic check,Fiber optic,91.0,2626.15,No,0.37551627820684186,Medium
1569-TTNYJ,Male,0,Yes,No,5,Month-to-month,Electronic check,Fiber optic,78.75,412.1,Yes,0.6840881521037293,Medium
8628-MFKAX,Female,1,Yes,No,72,Two year,Credit card (automatic),Fiber optic,116.75,8277.05,No,0.0631996436107229,Low
2397-BRLOM,Male,1,Yes,Yes,8,Month-to-month,Credit card (automatic),Fiber optic,80.45,583.45,Yes,0.6116482187765269,Medium
7629-WIXZF,Female,0,No,No,7,One year,Electronic check,DSL,59.1,369.25,No,0.2649437355368495,Low
5445-GLVOT,Female,0,No,No,22,Month-to-month,Electronic check,DSL,49.8,1049.05,No,0.23010343386696075,Low
3976-HXHCE,Male,0,No,No,72,Two year,Bank transfer (automatic),No,19.3,1414.8,No,0.0014509784801323097,Low
2466-NEJOJ,Male,0,Yes,Yes,8,Month-to-month,Credit card (automatic),No,19.65,169.75,No,0.12459942376214345,Low
0254-KCJGT,Male,0,Yes,No,52,One year,Credit card (automatic),DSL,81.4,4354.45,No,0.04029719214132228,Low
5472-CVMDX,Female,0,No,No,68,Two year,Mailed check,DSL,38.9,2719.2,No,0.0047309328657596855,Low
6461-SZMCV,Female,0,Yes,No,71,Two year,Bank transfer (automatic),DSL,87.95,6365.35,No,0.01112502583794363,Low
8150-QUDFX,Male,0,No,No,2,Month-to-month,Mailed check,No,19.85,51.6,No,0.18981331034946103,Low
9508-ILZDG,Female,1,No,No,34,Month-to-month,Electronic check,Fiber optic,96.35,3190.25,No,0.5014275484057611,Medium
2346-DJQTB,Female,0,No,No,35,Month-to-month,Electronic check,DSL,24.15,812.5,No,0.2019606415633478,Low
1697-LYYYX,Female,0,Yes,Yes,61,One year,Credit card (automatic),No,19.1,1143.8,No,0.00434981384052046,Low
1942-OQFRW,Male,0,No,No,1,Month-to-month,Electronic check,DSL,44.0,44.0,No,0.43589443057068294,Medium
4749-VFKVB,Female,0,No,No,1,Month-to-month,Mailed check,DSL,50.1,50.1,Yes,0.49982837388085555,Medium
9640-ZSLDC,Female,0,Yes,Yes,53,One year,Credit card (automatic),DSL,60.6,3297.0,No,0.03433147486987577,Low
4231-LZUYM,Female,0,Yes,No,72,Two year,Bank transfer (automatic),No,25.65,1887.0,No,0.0022218766707614835,Low
7598-UAASY,Male,0,Yes,No,2,Month-to-month,Electronic check,Fiber optic,76.4,151.8,Yes,0.6049085382987415,Medium
7938-OUHIO,Male,0,No,No,3,Month-to-month,Electronic check,Fiber optic,98.7,293.65,Yes,0.6772961240873704,Medium
8510-AWCXC,Female,1,No,No,13,Month-to-month,Electronic check,Fiber optic,100.8,1308.1,Yes,0.7295048552220965,High
6128-AQBMT,Male,1,Yes,No,41,Month-to-month,Electronic check,DSL,53.95,2215.4,No,0.35584310165176675,Medium
3594-BDSOA,Female,0,Yes,No,24,One year,Credit card (automatic),No,20.4,482.8,No,0.03600870234529847,Low
0431-APWVY,Female,0,Yes,Yes,28,One year,Bank transfer (automatic),Fiber optic,90.1,2598.95,Yes,0.33866597114334146,Medium
5133-VRSAB,Male,0,No,No,8,Month-to-month,Mailed check,DSL,29.35,216.45,No,0.3202839393870864,Medium
5996-DAOQL,Male,0,No,No,1,Month-to-month,Mailed check,No,20.45,20.45,No,0.2589740594231722,Low
6838-YAUVY,Female,0,No,No,54,Two year,Bank transfer (automatic),Fiber optic,95.1,5064.85,No,0.08303639510537793,Low
0484-JPBRU,Male,0,No,No,41,Month-to-month,Bank transfer (automatic),No,25.25,996.45,No,0.05693645831186498,Low
7883-ROJOC,Female,0,Yes,No,19,Month-to-month,Mailed check,DSL,44.9,839.65,No,0.19788196422543258,Low
0244-LGNFY,Female,0,Yes,Yes,72,Two year,Bank transfer (automatic),DSL,92.65,6733.0,No,0.010493957038744133,Low
7274-CGTOD,Male,0,No,No,62,Two year,Bank transfer (automatic),DSL,43.7,2618.3,No,0.008008584100029265,Low
4295-YURET,Female,1,Yes,Yes,56,Two year,Credit card (automatic),DSL,72.6,4084.35,No,0.01754488074070821,Low
3426-NIYYL,Male,0,No,No,15,Month-to-month,Electronic check,DSL,51.55,765.5,Yes,0.35541211277059015,Medium
8225-BTJAU,Male,1,No,No,10,Month-to-month,Electronic check,Fiber optic,79.25,793.55,Yes,0.7202151415178394,High
4635-EJYPD,Male,0,Yes,Yes,32,Two year,Mailed check,No,18.95,613.95,No,0.009559219230225242,Low
1866-ZSLJM,Male,0,No,No,21,Month-to-month,Credit card (automatic),No,20.5,402.85,No,0.07699581650512823,Low
4636-TVXVG,Male,0,Yes,Yes,62,One year,Bank transfer (automatic),No,19.95,1244.8,No,0.004547610342490995,Low
4236-UJPWO,Female,0,No,No,2,Month-to-month,Electronic check,DSL,24.5,46.4,No,0.5836492084032509,Medium
9392-XBGTD,Male,0,No,Yes,27,Two year,Mailed check,No,20.6,581.85,No,0.01282416784154979,Low
3387-VATUS,Male,0,No,No,5,Month-to-month,Bank transfer (automatic),Fiber optic,94.85,462.8,Yes,0.7419295534193097,High
6402-SSEJG,Female,0,No,No,25,One year,Electronic check,DSL,61.05,1540.2,No,0.18865162234370098,Low
1143-NMNQJ,Female,0,No,No,2,Month-to-month,Electronic check,Fiber optic,85.7,169.8,Yes,0.7831226431186284,High
1169-SAOCL,Male,0,No,No,49,One year,Bank transfer (automatic),Fiber optic,106.65,5168.1,No,0.2205413460767877,Low
1110-KYLGQ,Female,0,No,No,63,Month-to-month,Credit card (automatic),Fiber optic,108.25,6780.1,No,0.19454398165133033,Low
9929-PLVPA,Female,0,No,Yes,4,Month-to-month,Credit card (automatic),No,20.4,94.5,No,0.1531785220584801,Low
3518-PZXZQ,Female,0,Yes,No,1,Month-to-month,Mailed check,DSL,55.3,55.3,No,0.4879218544280474,Medium
2371-JUNGC,Male,0,No,No,11,Month-to-month,Mailed check,No,20.25,208.0,No,0.1266718073957906,Low
7693-QPEFS,Male,1,No,No,52,Month-to-month,Bank transfer (automatic),Fiber optic,72.95,3829.75,No,0.3011235014484299,Medium
0924-BJCRC,Female,1,Yes,No,60,Month-to-month,Electronic check,Fiber optic,89.45,5294.6,No,0.3025909544380983,Medium
5074-FBGHB,Male,0,No,No,64,One year,Credit card (automatic),Fiber optic,104.65,6889.8,No,0.1702829883229885,Low
2351-BKRZW,Female,0,Yes,Yes,43,Two year,Bank transfer (automatic),DSL,75.2,3254.35,No,0.025429678298449804,Low
4455-BFSPD,Female,0,Yes,No,61,One year,Bank transfer (automatic),Fiber optic,101.15,6383.9,No,0.15012034843984864,Low
0415-MOSGF,Female,0,No,No,1,Month-to-month,Mailed check,DSL,44.4,44.4,Yes,0.3557084730786989,Medium
1724-BQUHA,Male,1,No,No,5,Month-to-month,Electronic check,Fiber optic,89.5,477.7,Yes,0.7907988104913937,High
3948-KXDUF,Male,0,No,No,66,Two year,Bank transfer (automatic),DSL,68.75,4447.55,No,0.00545688577102992,Low
2323-ARSVR,Male,0,Yes,No,67,Two year,Electronic check,Fiber optic,111.05,7321.05,No,0.05749285056680487,Low
0815-MFZGM,Female,0,Yes,No,42,Two year,Credit card (automatic),Fiber optic,99.0,4135.0,No,0.10569762660118717,Low
4826-XTSOH,Male,1,Yes,No,1,Month-to-month,Electronic check,Fiber optic,86.05,86.05,Yes,0.8174592046327543,High
5480-XTFFL,Female,0,Yes,Yes,31,Two year,Mailed check,No,21.0,697.7,No,0.010827326526716731,Low
8295-FHIVV,Male,0,No,No,7,Month-to-month,Mailed check,No,19.4,168.65,No,0.20295775872961164,Low
2495-INZWQ,Male,0,No,No,4,Month-to-month,Electronic check,DSL,44.55,174.3,Yes,0.7246791516539288,High
9086-YJYXS,Male,0,Yes,Yes,34,One year,Bank transfer (automatic),DSL,77.2,2753.8,No,0.13232657170772602,Low
1179-INLAT,Male,0,No,No,3,One year,Mailed check,No,19.45,69.25,No,0.13726611840965516,Low
7909-FIOIY,Female,0,Yes,Yes,19,Month-to-month,Mailed check,DSL,24.85,434.8,No,0.3290776237127784,Medium
4139-SUGLD,Male,0,Yes,Yes,31,Month-to-month,Bank transfer (automatic),DSL,35.4,1077.5,Yes,0.09125555379715794,Low
6857-VWJDT,Female,0,No,No,1,Month-to-month,Mailed check,Fiber optic,95.65,95.65,Yes,0.6894735351517643,Medium
6351-SCJKT,Male,0,No,No,3,Month-to-month,Mailed check,DSL,41.35,107.25,No,0.2880657520846453,Low
5468-BPMMO,Male,0,Yes,No,46,Month-to-month,Electronic check,No,19.6,851.2,No,0.03113787614340441,Low
5624-BQSSA,Female,0,No,No,1,Month-to-month,Mailed check,No,20.95,20.95,Yes,0.2026676607558369,Low
0197-PNKNK,Female,0,Yes,Yes,69,One year,Bank transfer (automatic),Fiber optic,84.45,5848.6,No,0.046859658824157935,Low
2439-QKJUL,Male,0,No,No,5,Month-to-month,Mailed check,No,20.25,109.8,No,0.1670186486298281,Low
1194-SPVSP,Male,0,No,No,1,Month-to-month,Bank transfer (automatic),No,19.65,19.65,No,0.207214059692353,Low
9534-NSXEM,Male,0,No,No,26,One year,Credit card (automatic),No,20.65,595.5,No,0.04533598395402205,Low
2408-WITXK,Female,1,No,No,10,Month-to-month,Electronic check,DSL,34.7,329.8,Yes,0.6706244582228938,Medium
8929-KSWIH,Male,0,No,No,25,Two year,Bank transfer (automatic),Fiber optic,99.3,2513.5,No,0.12711882079486628,Low
2250-IVBWA,Male,0,Yes,Yes,64,Month-to-month,Electronic check,Fiber optic,81.05,5135.35,No,0.08788524319585916,Low
1810-MVMAI,Male,0,Yes,Yes,30,Month-to-month,Electronic check,DSL,67.6,2000.2,No,0.09235056108416277,Low
9506-UXUSK,Male,0,No,No,13,Month-to-month,Electronic check,Fiber optic,70.15,931.75,No,0.6011832205992649,Medium
1229-RCALF,Female,0,Yes,No,64,One year,Electronic check,Fiber optic,115.0,7396.15,No,0.1700915661511384,Low
3572-UOLYZ,Female,0,No,Yes,46,Month-to-month,Bank transfer (automatic),Fiber optic,84.8,3958.85,No,0.23060791754803434,Low
1429-UYJSV,Female,0,No,No,12,One year,Mailed check,No,19.7,260.9,No,0.0672073648732054,Low
5577-OTWWW,Female,0,No,No,15,Month-to-month,Bank transfer (automatic),No,19.75,297.3,Yes,0.11323645360909737,Low
6100-QQHEB,Male,0,Yes,Yes,17,Month-to-month,Electronic check,Fiber optic,92.55,1515.1,Yes,0.6918354427390818,Medium
6366-XIVKZ,Female,0,Yes,Yes,13,Month-to-month,Mailed check,DSL,63.15,816.8,No,0.24316207473330112,Low
3470-OBUET,Female,0,Yes,Yes,67,Two year,Credit card (automatic),DSL,74.0,4868.4,No,0.006023701836509727,Low
2770-NSVDG,Male,0,Yes,No,24,Month-to-month,Electronic check,DSL,29.1,688.0,No,0.30198913257012755,Medium
9375-MHRRS,Male,0,No,No,6,Month-to-month,Mailed check,DSL,50.05,288.35,No,0.23042675273790758,Low
2634-HCZGT,Male,1,Yes,No,53,One year,Electronic check,DSL,60.05,3229.65,Yes,0.04894819693645532,Low
7503-QQRVF,Male,1,Yes,No,16,Month-to-month,Credit card (automatic),Fiber optic,74.3,1178.25,Yes,0.4883697792019652,Medium
4860-YZGZM,Male,0,No,No,10,Month-to-month,Electronic check,No,20.0,185.4,No,0.1797277183728452,Low
6599-GZWCM,Female,0,No,No,13,One year,Mailed check,Fiber optic,74.65,966.25,No,0.31549540117486513,Medium
2691-NZETQ,Male,0,No,No,9,Month-to-month,Electronic check,Fiber optic,85.35,758.6,Yes,0.7350741968266395,High
4404-HIBDJ,Female,0,No,No,25,One year,Mailed check,DSL,74.3,1863.8,Yes,0.05051925611178368,Low
5533-NHFRF,Male,1,No,No,7,Month-to-month,Electronic check,DSL,44.4,265.8,No,0.5720531462952461,Medium
7037-MTYVW,Male,0,Yes,Yes,38,Two year,Bank transfer (automatic),DSL,85.4,3297.0,No,0.041159606402695496,Low
4760-THGOT,Female,0,Yes,No,43,Month-to-month,Electronic check,Fiber optic,94.1,4107.3,No,0.3826723033642451,Medium
7295-JOMMD,Female,0,No,Yes,4,Month-to-month,Bank transfer (automatic),Fiber optic,98.1,396.3,Yes,0.5686488616574443,Medium
4016-BJKTZ,Female,0,No,No,25,Two year,Electronic check,Fiber optic,108.9,2809.05,No,0.19020185712381948,Low
6584-VQMYT,Male,0,No,Yes,27,One year,Mailed check,DSL,56.2,1567.55,No,0.0445217104461352,Low
9838-BFCQT,Male,0,Yes,Yes,72,Two year,Mailed check,No,26.1,1851.45,No,0.001733628695196479,Low
2790-XUYMV,Male,0,No,Yes,71,One year,Credit card (automatic),Fiber optic,85.45,6028.95,No,0.04951191440341714,Low
0581-MDMPW,Female,0,No,No,24,Month-to-month,Credit card (automatic),Fiber optic,88.95,2072.75,No,0.5301223964596262,Medium
5013-SBUIH,Female,0,No,No,50,Two year,Electronic check,Fiber optic,109.65,5551.15,Yes,0.11390611528696731,Low
1023-BQXZE,Male,0,No,No,57,Two year,Bank transfer (automatic),DSL,74.35,4317.35,No,0.024924964814358658,Low
9163-GHAYE,Female,0,No,No,15,Month-to-month,Electronic check,DSL,48.85,736.8,No,0.26495527532227586,Low
3904-UKFRE,Male,0,No,No,4,Month-to-month,Electronic check,Fiber optic,80.1,336.15,No,0.6434702101983727,Medium
5353-WILCI,Female,0,No,No,28,Month-to-month,Electronic check,DSL,56.05,1522.65,No,0.1274564716060409,Low
0709-TVGUR,Female,1,No,No,9,Month-to-month,Electronic check,Fiber optic,74.55,622.9,Yes,0.7346185019688988,High
0058-EVZWM,Female,0,Yes,No,55,Month-to-month,Bank transfer (automatic),Fiber optic,89.8,4959.6,No,0.2599755087817547,Low
6023-YEBUP,Male,0,No,No,3,Month-to-month,Electronic check,Fiber optic,100.95,329.95,Yes,0.8002360418889284,High
7209-JCUDS,Male,0,No,No,10,Month-to-month,Electronic check,Fiber optic,94.9,1048.85,Yes,0.7218610684950906,High
7009-PCARS,Male,0,No,Yes,55,One year,Bank transfer (automatic),No,19.1,1001.5,No,0.006298395597719095,Low
0519-DRGTI,Female,0,Yes,Yes,20,Month-to-month,Mailed check,No,20.35,442.6,No,0.07456739685484011,Low
1017-FBQMM,Female,0,Yes,Yes,62,One year,Credit card (automatic),Fiber optic,106.05,6703.5,No,0.14602050124112276,Low
3001-CBHLQ,Male,1,Yes,No,32,Month-to-month,Electronic check,Fiber optic,104.9,3351.55,Yes,0.6136758647721137,Medium
1985-MBRYP,Female,0,No,No,43,Two year,Bank transfer (automatic),No,19.65,779.25,No,0.009483140758548282,Low
6158-DWPZT,Male,0,Yes,No,9,One year,Bank transfer (automatic),DSL,24.1,259.8,Yes,0.26720731832591316,Low
9372-TXXPS,Female,0,Yes,No,60,Two year,Bank transfer (automatic),DSL,59.85,3483.45,No,0.004921922902047336,Low
3259-QMXUN,Male,0,Yes,No,58,Two year,Electronic check,DSL,86.1,4890.5,No,0.04061023731791207,Low
1015-JPFYW,Male,0,No,Yes,7,One year,Mailed check,No,19.45,136.75,No,0.07208620503213092,Low
6645-MXQJT,Male,0,Yes,Yes,2,Month-to-month,Electronic check,Fiber optic,97.1,184.15,No,0.5798301072023756,Medium
4360-QRAVE,Male,1,No,No,37,Month-to-month,Electronic check,DSL,36.65,1315.0,No,0.20529213513466976,Low
8433-WPJTV,Female,1,Yes,Yes,65,One year,Bank transfer (automatic),Fiber optic,103.9,6767.1,No,0.17947600349687257,Low
5804-JMYIO,Female,0,Yes,Yes,39,Two year,Mailed check,No,19.75,757.95,No,0.00683097480194919,Low
3763-GCZHZ,Male,0,Yes,No,66,One year,Electronic check,Fiber optic,104.05,6890.0,Yes,0.19170852941460345,Low
6484-LATFU,Male,0,No,No,68,Two year,Mailed check,No,24.55,1657.4,No,0.0023758422505937254,Low
7599-NTMDP,Female,0,Yes,Yes,62,Two year,Bank transfer (automatic),DSL,48.7,3008.55,No,0.007170813289518644,Low
0772-GYEQQ,Male,0,No,No,3,Month-to-month,Mailed check,Fiber optic,88.35,262.05,Yes,0.5419285953722183,Medium
0536-ACXIP,Female,0,Yes,No,72,Two year,Electronic check,Fiber optic,109.55,8165.1,No,0.09999361282595023,Low
0936-NQLJU,Female,0,Yes,No,41,Two year,Credit card (automatic),No,20.65,875.55,No,0.0072292110869009475,Low
4831-EOBFE,Male,0,Yes,Yes,29,Month-to-month,Credit card (automatic),Fiber optic,94.65,2649.15,Yes,0.28922800831376705,Low
1575-KRZZE,Female,0,No,No,4,Month-to-month,Electronic check,DSL,55.2,220.65,No,0.2839271111054373,Low
3251-YMVWZ,Male,0,No,No,53,One year,Bank transfer (automatic),No,24.05,1301.9,No,0.011526993352785802,Low
4102-OQUPX,Male,1,Yes,No,1,Month-to-month,Electronic check,Fiber optic,74.4,74.4,Yes,0.7849874155915662,High
9170-GYZJC,Female,0,Yes,Yes,41,Month-to-month,Credit card (automatic),DSL,79.9,3326.2,Yes,0.0652364861248789,Low
4884-LEVMQ,Male,0,Yes,No,39,Two year,Bank transfer (automatic),No,20.45,790.0,No,0.011860303112457522,Low
8857-CUPFQ,Male,0,Yes,No,63,Two year,Mailed check,No,19.25,1237.65,No,0.002197792373932151,Low
7610-TVOPG,Male,0,No,No,15,Month-to-month,Electronic check,No,26.35,378.6,No,0.2394634667407989,Low
3638-DIMPH,Female,0,Yes,No,13,One year,Electronic check,DSL,43.8,592.65,No,0.19070274362878709,Low
1845-ZLLIG,Male,0,No,No,1,Month-to-month,Mailed check,DSL,50.15,50.15,No,0.39182362088806244,Medium
8559-WNQZS,Male,0,No,No,1,Two year,Mailed check,No,20.45,20.45,No,0.055783208328599045,Low
3999-QGRJH,Male,1,No,No,8,Month-to-month,Electronic check,Fiber optic,69.7,560.85,Yes,0.6890820246029702,Medium
1699-UOTXU,Male,0,No,No,60,Two year,Electronic check,DSL,61.4,3638.25,No,0.009475708309909929,Low
2454-RPBRZ,Female,1,Yes,No,12,Month-to-month,Electronic check,Fiber optic,98.1,1060.2,Yes,0.7247523957002361,High
0635-WKOLD,Male,0,Yes,No,40,One year,Credit card (automatic),DSL,70.75,2921.75,No,0.056149301360365056,Low
5993-JSUWV,Female,0,No,No,66,Two year,Bank transfer (automatic),DSL,61.15,4017.45,No,0.008019884039541965,Low
4518-FZBSX,Male,0,Yes,Yes,42,One year,Mailed check,No,20.25,854.9,No,0.012263871257020283,Low
5387-ASZNZ,Female,1,No,No,66,One year,Credit card (automatic),DSL,63.85,4174.35,No,0.01818125769471304,Low
6988-CJEYV,Male,0,No,No,49,Month-to-month,Electronic check,Fiber optic,98.7,4920.55,No,0.4111635786413438,Medium
2002-MZHWP,Female,0,No,No,1,Month-to-month,Mailed check,No,20.5,20.5,Yes,0.20204121696812738,Low
3097-FQTVJ,Female,0,No,No,41,Two year,Mailed check,No,20.0,810.3,No,0.007208168795440707,Low
5465-BUBFA,Female,0,Yes,Yes,41,Two year,Bank transfer (automatic),No,19.3,772.4,No,0.006465102853557153,Low
7299-GNVPL,Female,0,Yes,Yes,23,Month-to-month,Mailed check,Fiber optic,84.4,1936.85,No,0.15955593356946454,Low
9743-DQKQW,Male,0,No,No,3,Month-to-month,Electronic check,DSL,25.1,79.8,No,0.5673994833297028,Medium
1215-VFYVK,Female,0,No,No,4,Month-to-month,Mailed check,DSL,48.25,202.25,No,0.3232612552777978,Medium
9371-BITHB,Female,0,Yes,Yes,52,Two year,Mailed check,No,19.85,1070.5,No,0.003510778325528313,Low
2265-CYWIV,Female,1,Yes,No,4,Month-to-month,Electronic check,Fiber optic,99.6,347.65,Yes,0.7704957775803463,High
9093-FPDLG,Female,0,No,No,11,Month-to-month,Electronic check,Fiber optic,94.2,999.9,No,0.5391127447335708,Medium
0541-FITGH,Female,0,Yes,No,2,Month-to-month,Mailed check,DSL,62.15,113.1,No,0.3857098529179678,Medium
6985-HAYWX,Female,0,Yes,No,26,Month-to-month,Bank transfer (automatic),Fiber optic,79.3,2015.8,No,0.35938226379514354,Medium
7508-KBIMB,Male,0,Yes,Yes,24,One year,Credit card (automatic),DSL,56.25,1454.25,No,0.0773062264361669,Low
6838-HVLXG,Female,0,No,No,12,Month-to-month,Mailed check,No,20.3,246.7,No,0.1240975955721133,Low
2277-DJJDL,Male,1,Yes,No,60,Month-to-month,Electronic check,Fiber optic,99.0,6017.9,No,0.4259213017538224,Medium
1897-OKVMW,Female,0,Yes,Yes,64,Two year,Mailed check,DSL,90.6,5817.45,No,0.016334460848278873,Low
5485-ITNPC,Male,0,Yes,No,66,Two year,Bank transfer (automatic),DSL,85.9,5595.3,No,0.013001863615248872,Low
0233-FTHAV,Female,0,No,No,60,One year,Bank transfer (automatic),Fiber optic,79.2,4765.0,No,0.12727296666853372,Low
4644-PIZRT,Male,0,Yes,Yes,17,One year,Bank transfer (automatic),DSL,70.35,1201.65,No,0.16263972848068003,Low
8922-NPKBJ,Male,0,Yes,Yes,42,Two year,Mailed check,No,19.35,867.3,No,0.0057749547968415985,Low
2740-TVLFN,Male,0,No,No,1,Month-to-month,Electronic check,DSL,50.15,50.15,No,0.5840430953434679,Medium
7771-CFQRQ,Female,0,Yes,Yes,47,Two year,Bank transfer (automatic),DSL,63.8,3007.25,No,0.013980797593994712,Low
9512-PHSMG,Female,0,Yes,No,10,Month-to-month,Mailed check,No,20.55,252.75,No,0.18484038442973147,Low
6963-EZQEE,Male,1,Yes,No,70,Two year,Credit card (automatic),DSL,88.55,6306.5,No,0.018067273027969177,Low
2452-KDRRH,Male,1,No,No,67,Month-to-month,Credit card (automatic),Fiber optic,101.4,6841.05,No,0.3777982591169457,Medium
2004-OCQXK,Female,0,No,No,1,Month-to-month,Electronic check,Fiber optic,81.95,81.95,Yes,0.7475313757246271,High
5027-QPKTE,Male,0,Yes,No,7,Month-to-month,Electronic check,Fiber optic,69.35,451.1,Yes,0.6474846568963841,Medium
4146-SVFUD,Male,0,No,No,1,Month-to-month,Mailed check,DSL,44.6,44.6,No,0.3508558582224617,Medium
1564-HJUVY,Male,0,No,No,4,Month-to-month,Bank transfer (automatic),DSL,63.75,226.2,No,0.3318287744585143,Medium
3617-XLSGQ,Female,0,Yes,Yes,66,Two year,Bank transfer (automatic),Fiber optic,109.25,7082.5,No,0.0478010896040353,Low
7517-LDMPS,Female,0,No,No,12,Month-to-month,Electronic check,Fiber optic,84.6,1017.35,No,0.6310060071452231,Medium
7244-KXYZN,Female,0,No,No,24,One year,Credit card (automatic),No,20.45,527.35,No,0.03643979106378237,Low
5226-NOZFC,Male,0,No,No,26,Month-to-month,Electronic check,Fiber optic,85.75,2146.5,No,0.510848781200614,Medium
2672-HUYVI,Female,0,No,No,6,Month-to-month,Electronic check,Fiber optic,91.1,455.3,Yes,0.7480581202172605,High
1400-WIVLL,Male,0,Yes,No,57,Two year,Electronic check,Fiber optic,107.95,5969.85,No,0.10466695901765324,Low
7508-MYBOG,Male,0,Yes,No,14,Month-to-month,Electronic check,Fiber optic,86.1,1235.55,Yes,0.7078612459790804,High
8148-NLEGT,Female,0,Yes,Yes,42,Two year,Electronic check,No,22.95,1014.25,No,0.011122184110610167,Low
0148-DCDOS,Male,0,No,No,25,Month-to-month,Bank transfer (automatic),Fiber optic,94.7,2362.1,Yes,0.6168293339710946,Medium
8347-GDTMP,Female,0,Yes,No,64,Two year,Credit card (automatic),No,19.45,1225.65,No,0.002062068314271964,Low
9992-RRAMN,Male,0,Yes,No,22,Month-to-month,Electronic check,Fiber optic,85.1,1873.7,Yes,0.6496190324359271,Medium
6746-WAUWT,Male,0,No,No,19,One year,Credit card (automatic),No,19.7,386.5,No,0.06253496140973343,Low
0310-MVLET,Female,0,Yes,Yes,61,Month-to-month,Electronic check,Fiber optic,99.15,6010.05,Yes,0.3766787599073128,Medium
0428-IKYCP,Male,0,Yes,No,22,Month-to-month,Bank transfer (automatic),Fiber optic,87.0,1850.65,No,0.5051034719902752,Medium
4550-VBOFE,Male,1,Yes,No,70,Month-to-month,Electronic check,Fiber optic,102.95,7101.5,Yes,0.3993541808943271,Medium
2187-PKZAY,Male,0,No,No,12,Month-to-month,Bank transfer (automatic),Fiber optic,79.95,1043.4,No,0.5988378589655303,Medium
4003-OCTMP,Female,0,Yes,No,31,One year,Electronic check,DSL,64.0,1910.75,No,0.0891182700249254,Low
6652-YFFJO,Female,0,No,No,11,Month-to-month,Electronic check,DSL,64.9,716.1,No,0.5312234678862124,Medium
7225-IILWY,Male,0,Yes,Yes,68,Two year,Mailed check,No,25.75,1686.15,No,0.0020772354883010465,Low
5248-RPYWW,Female,1,Yes,Yes,72,Two year,Bank transfer (automatic),DSL,90.15,6716.45,No,0.017716804647696822,Low
7923-IYJWY,Male,1,No,No,67,Two year,Credit card (automatic),Fiber optic,116.1,7839.85,No,0.07108492035592961,Low
3170-GWYKC,Female,0,No,No,60,Month-to-month,Bank transfer (automatic),Fiber optic,104.95,6236.75,No,0.19644584437956503,Low
5696-QURRL,Male,0,No,No,1,Month-to-month,Mailed check,DSL,45.05,45.05,Yes,0.4339569060240618,Medium
7409-KIUTL,Female,1,No,Yes,1,Month-to-month,Electronic check,Fiber optic,71.0,71.0,Yes,0.7174484964993033,High
9830-ECLEN,Male,0,Yes,Yes,58,One year,Mailed check,DSL,50.0,2919.85,No,0.023705926997945014,Low
1732-VHUBQ,Female,1,Yes,Yes,47,Month-to-month,Bank transfer (automatic),Fiber optic,70.55,3309.25,Yes,0.196749324865168,Low
0495-RVCBF,Female,0,No,No,1,Month-to-month,Electronic check,Fiber optic,79.7,79.7,Yes,0.7438514079175175,High
2668-TZSPS,Male,0,No,No,1,Month-to-month,Mailed check,No,20.45,20.45,No,0.19829563072084433,Low
7854-EDSSA,Male,0,No,No,22,Month-to-month,Electronic check,DSL,59.0,1254.7,Yes,0.18941114277959056,Low
8869-TORSS,Female,0,No,No,48,One year,Credit card (automatic),DSL,60.35,2896.4,Yes,0.025397333762452883,Low
7446-SFAOA,Female,0,Yes,No,37,One year,Bank transfer (automatic),No,19.85,717.5,No,0.027835087859570562,Low
9522-ZSINC,Male,0,No,No,13,One year,Electronic check,No,19.95,253.8,No,0.11873711529721503,Low
8234-GSZYK,Male,0,No,No,43,Two year,Bank transfer (automatic),No,26.45,1110.05,No,0.00940574983885777,Low
6505-OZNPG,Female,0,No,No,6,Two year,Mailed check,DSL,63.4,348.8,No,0.13181175895301536,Low
6164-HAQTX,Male,0,No,No,71,Two year,Bank transfer (automatic),DSL,53.95,3888.65,No,0.006035987858659132,Low
0679-IDSTG,Female,1,Yes,Yes,1,Month-to-month,Electronic check,Fiber optic,69.25,69.25,Yes,0.7148391203016395,High
7765-LWVVH,Female,0,Yes,Yes,72,Two year,Electronic check,Fiber optic,95.1,6843.15,No,0.051490732534738695,Low
1658-TJVOA,Female,1,No,No,6,Month-to-month,Electronic check,Fiber optic,74.1,450.9,No,0.6212030956094712,Medium
0953-LGOVU,Male,0,Yes,Yes,12,Month-to-month,Mailed check,DSL,35.5,432.25,No,0.22888378328505762,Low
2115-BFTIW,Male,0,No,No,25,Month-to-month,Mailed check,Fiber optic,70.95,1767.35,Yes,0.3240408840457551,Medium
4692-NNQRU,Female,0,Yes,No,21,One year,Electronic check,Fiber optic,79.2,1742.45,No,0.2246119182796858,Low
7742-MYPGI,Female,0,Yes,Yes,6,Month-to-month,Mailed check,DSL,48.8,297.35,No,0.26923255821675723,Low
0611-DFXKO,Male,0,Yes,No,20,Month-to-month,Mailed check,Fiber optic,89.0,1820.45,Yes,0.5729276210662321,Medium
7780-OTDSO,Male,0,Yes,No,18,Month-to-month,Electronic check,Fiber optic,99.4,1742.95,Yes,0.6435884000114793,Medium
9619-GSATL,Female,0,No,No,43,One year,Electronic check,DSL,55.45,2444.25,No,0.040227544222474446,Low
5622-UEJFI,Female,0,Yes,Yes,35,Two year,Credit card (automatic),No,25.4,949.8,No,0.016048129068659933,Low
9747-DDZOS,Female,0,No,No,1,Month-to-month,Bank transfer (automatic),Fiber optic,73.5,73.5,Yes,0.5389925370105763,Medium
0674-DGMAQ,Male,1,Yes,No,32,Month-to-month,Electronic check,Fiber optic,93.5,2970.8,No,0.5848608489771127,Medium
6203-HBZPA,Male,0,No,No,52,Two year,Credit card (automatic),DSL,63.9,3334.95,No,0.01718798001096401,Low
0484-FFVBJ,Male,0,No,No,32,One year,Bank transfer (automatic),DSL,64.85,2010.95,No,0.15381623626078283,Low
0301-FIDRB,Female,0,Yes,Yes,72,Two year,Bank transfer (automatic),DSL,63.8,4684.3,No,0.011004501569447003,Low
4139-JPIAM,Male,0,No,No,51,Month-to-month,Credit card (automatic),DSL,44.45,2181.55,No,0.07386756720705419,Low
2181-TIDSV,Male,0,Yes,Yes,68,Two year,Bank transfer (automatic),No,19.95,1303.25,No,0.00215988457017422,Low
2761-XECQW,Male,1,Yes,No,8,Month-to-month,Mailed check,DSL,43.35,371.4,No,0.5542201812797259,Medium
1936-CZAKF,Male,0,Yes,No,49,Two year,Credit card (automatic),DSL,49.65,2409.9,No,0.03481540849910113,Low
9453-PATOS,Female,0,Yes,No,72,Two year,Mailed check,DSL,85.1,6155.4,No,0.007408475294738517,Low
0564-JJHGS,Male,0,No,No,9,Month-to-month,Electronic check,Fiber optic,95.5,829.1,Yes,0.775894904616544,High
3348-CFRNX,Female,0,Yes,No,28,Month-to-month,Mailed check,Fiber optic,92.35,2602.9,Yes,0.4197850841981343,Medium
4402-FTBXC,Male,0,No,No,54,Month-to-month,Mailed check,Fiber optic,89.8,4667.0,No,0.14098840364423948,Low
1428-GTBJJ,Male,0,No,No,11,Month-to-month,Electronic check,Fiber optic,74.55,824.75,Yes,0.577693292278197,Medium
2931-XIQBR,Female,0,Yes,Yes,50,One year,Mailed check,Fiber optic,103.05,5153.5,No,0.12229454448096726,Low
0106-UGRDO,Female,0,Yes,No,69,Two year,Electronic check,Fiber optic,116.0,8182.85,No,0.08485400083127329,Low
5542-TBBWB,Male,0,No,No,1,Month-to-month,Electronic check,Fiber optic,69.9,69.9,No,0.6993027141776107,Medium
1930-QPBVZ,Male,0,Yes,Yes,68,Two year,Bank transfer (automatic),Fiber optic,95.1,6683.4,No,0.01794868622772986,Low
2606-PKWJB,Male,0,No,Yes,40,One year,Mailed check,DSL,40.25,1564.05,No,0.026758685316509136,Low
5322-ZSMZY,Male,0,Yes,Yes,31,Two year,Mailed check,No,25.75,755.6,No,0.013635561367614926,Low
8059-UDZFY,Female,1,No,Yes,33,Month-to-month,Bank transfer (automatic),Fiber optic,105.35,3465.05,No,0.5516624789509808,Medium
7740-BTPUX,Male,1,Yes,No,55,Two year,Electronic check,Fiber optic,113.6,6292.7,No,0.17666231447932354,Low
5220-AGAAX,Male,0,Yes,Yes,68,Two year,Bank transfer (automatic),No,24.0,1664.3,No,0.0030535861023921877,Low
0208-BPQEJ,Female,0,Yes,Yes,12,Month-to-month,Bank transfer (automatic),No,19.4,198.1,No,0.11216649709146903,Low
9435-JMLSX,Male,0,Yes,No,71,Two year,Bank transfer (automatic),DSL,86.1,6045.9,No,0.01120312561261279,Low
3352-ALMCK,Male,0,No,No,40,Month-to-month,Mailed check,Fiber optic,102.65,4108.15,No,0.45886324255484884,Medium
5312-IRCFR,Female,0,Yes,Yes,64,One year,Electronic check,Fiber optic,92.85,5980.75,No,0.16549425306292587,Low
5294-IMHHT,Male,0,Yes,No,53,One year,Bank transfer (automatic),Fiber optic,97.75,5043.2,No,0.11303192388888891,Low
8802-UNOJF,Male,1,No,No,12,Month-to-month,Mailed check,Fiber optic,83.8,1029.75,Yes,0.4333792863991857,Medium
6313-GIDIT,Male,1,No,No,53,Month-to-month,Electronic check,DSL,54.45,2854.55,Yes,0.2500871678925434,Low
6176-YJWAS,Male,0,Yes,No,72,Two year,Credit card (automatic),Fiber optic,97.95,7114.25,No,0.04093187664670808,Low
5310-NOOVA,Male,0,No,No,46,Two year,Electronic check,No,19.95,907.05,No,0.007758632634613138,Low
4526-EXKKN,Male,0,No,No,40,Two year,Mailed check,No,24.6,973.95,No,0.014000476279070976,Low
5311-IHLEI,Male,0,No,No,12,Month-to-month,Bank transfer (automatic),DSL,50.95,605.75,No,0.3079355115061486,Medium
3987-KQDDU,Male,0,No,No,9,Month-to-month,Electronic check,Fiber optic,75.6,661.55,No,0.45428504448336654,Medium
3404-JNXAX,Female,0,Yes,Yes,51,Month-to-month,Electronic check,Fiber optic,80.75,4116.9,No,0.2524109353346551,Low
5131-PONJI,Male,0,Yes,Yes,49,Month-to-month,Credit card (automatic),Fiber optic,90.4,4494.65,No,0.23711371176763493,Low
2845-AFFTX,Male,1,Yes,No,41,Month-to-month,Electronic check,Fiber optic,99.8,4259.3,Yes,0.6444103079943234,Medium
3489-VSFRD,Female,0,No,No,56,One year,Credit card (automatic),DSL,60.25,3282.75,No,0.018010873874614274,Low
3345-JHUEO,Male,0,No,No,4,Month-to-month,Electronic check,No,20.2,55.7,No,0.2979485458899194,Low
5815-HGGHV,Male,0,Yes,No,20,One year,Mailed check,DSL,64.15,1274.45,No,0.09445086183361022,Low
5260-UMPWX,Female,0,Yes,Yes,26,Month-to-month,Credit card (automatic),No,20.25,493.95,No,0.07324043268575141,Low
2249-YPRNG,Female,0,Yes,Yes,20,Month-to-month,Bank transfer (automatic),Fiber optic,105.85,2239.65,Yes,0.594220476968834,Medium
7410-YTJIK,Female,0,No,No,7,Month-to-month,Mailed check,Fiber optic,75.45,480.75,Yes,0.5446441213626038,Medium
4626-GYCZP,Male,0,No,No,7,Month-to-month,Electronic check,Fiber optic,93.85,635.6,Yes,0.7832871148585955,High
5649-RXQTV,Male,0,No,No,51,Month-to-month,Electronic check,Fiber optic,99.0,5038.15,No,0.404701041353237,Medium
2674-MIAHT,Female,0,No,No,4,Month-to-month,Mailed check,Fiber optic,80.3,324.2,No,0.6165136281959631,Medium
2576-HXMPA,Female,0,No,No,1,Month-to-month,Credit card (automatic),No,19.55,19.55,No,0.1966631813716216,Low
7587-AOVVU,Male,0,Yes,Yes,27,Month-to-month,Electronic check,Fiber optic,100.75,2793.55,No,0.29992872864697306,Low
5590-BYNII,Male,0,No,No,22,Month-to-month,Electronic check,Fiber optic,100.75,2095.0,Yes,0.6166466411320075,Medium
6898-MDLZW,Male,0,No,No,12,Month-to-month,Mailed check,DSL,53.75,648.65,No,0.2162363614758297,Low
3237-AJGEH,Female,0,Yes,Yes,3,Month-to-month,Mailed check,DSL,31.0,95.05,Yes,0.4402304171796001,Medium
4707-YNOQA,Female,0,Yes,Yes,34,One year,Credit card (automatic),No,25.6,917.15,No,0.0352503534590817,Low
9357-UJRUN,Male,0,Yes,No,24,One year,Electronic check,DSL,58.35,1346.9,No,0.1114742972571499,Low
1591-NFNLQ,Male,0,No,No,51,Month-to-month,Credit card (automatic),Fiber optic,80.0,4242.35,Yes,0.20867093013352656,Low
8648-PFRMP,Female,1,No,No,14,Month-to-month,Electronic check,DSL,46.35,672.7,No,0.686552604126003,Medium
7663-CUXZB,Male,0,Yes,No,59,Two year,Electronic check,Fiber optic,113.75,6561.25,No,0.06355588894563219,Low
0258-NOKBL,Male,0,No,No,3,Month-to-month,Electronic check,Fiber optic,90.4,268.45,No,0.6022063000801562,Medium
1163-VIPRI,Female,0,Yes,Yes,65,Two year,Electronic check,Fiber optic,109.3,7337.55,No,0.06008255628140884,Low
2815-CPTUL,Male,1,No,No,5,Month-to-month,Mailed check,Fiber optic,70.25,331.9,Yes,0.6323718204099265,Medium
9348-ROUAI,Female,0,Yes,Yes,59,Two year,Credit card (automatic),DSL,90.3,5194.05,No,0.012439834084798847,Low
9443-JUBUO,Male,0,Yes,Yes,72,Two year,Credit card (automatic),DSL,65.25,4478.85,No,0.00935609974469618,Low
0596-BQCEQ,Female,0,Yes,Yes,62,Month-to-month,Electronic check,Fiber optic,100.15,6283.3,Yes,0.31831441268319877,Medium
1481-ZUWZA,Male,0,No,No,28,Month-to-month,Credit card (automatic),Fiber optic,94.5,2659.4,Yes,0.38658289349548264,Medium
3043-TYBNO,Male,0,No,No,3,Month-to-month,Mailed check,DSL,60.65,196.9,No,0.2984214816111391,Low
4830-FAXFM,Male,0,No,Yes,19,Month-to-month,Credit card (automatic),No,24.1,439.2,No,0.12610515823175766,Low
5906-BFOZT,Male,0,No,No,1,Month-to-month,Mailed check,No,19.5,19.5,No,0.25740477660235384,Low
2960-NKRSO,Male,0,No,No,24,Month-to-month,Electronic check,Fiber optic,85.95,2107.15,No,0.3855603427029206,Medium
8996-ZROXE,Male,1,No,No,57,One year,Electronic check,DSL,53.5,3035.8,No,0.040235918234545025,Low
5598-IKHQQ,Female,0,No,No,72,Two year,Credit card (automatic),No,25.45,1866.45,No,0.0020147867990762446,Low
0397-ZXWQF,Male,0,No,No,67,Two year,Bank transfer (automatic),No,20.5,1430.95,No,0.001979261318084219,Low
5266-PFRQK,Male,0,Yes,Yes,52,One year,Credit card (automatic),No,20.85,1071.6,No,0.010086807349963115,Low
4674-HGNUA,Male,0,Yes,Yes,71,Two year,Credit card (automatic),DSL,89.9,6457.15,No,0.008937901250592387,Low
6765-MBQNU,Female,0,Yes,No,26,One year,Mailed check,No,26.0,684.05,No,0.04431751782379572,Low
9786-IJYDL,Female,0,No,No,35,Two year,Mailed check,Fiber optic,113.2,3914.05,No,0.10776282677008407,Low
1303-SRDOK,Female,0,Yes,Yes,55,Two year,Credit card (automatic),Fiber optic,69.05,3842.6,No,0.04277935513145598,Low
3769-MHZNV,Female,0,Yes,Yes,33,Two year,Mailed check,No,20.1,670.35,No,0.0094771999729844,Low
6295-OSINB,Male,0,Yes,No,72,Two year,Electronic check,Fiber optic,109.65,7880.25,No,0.09028521289364223,Low
3308-MHOOC,Male,0,No,Yes,1,Month-to-month,Mailed check,No,19.2,19.2,No,0.22827384529867348,Low
2309-OSFEU,Male,0,No,No,10,Month-to-month,Mailed check,DSL,33.9,298.45,Yes,0.524330528986467,Medium
2207-QPJED,Female,1,Yes,No,37,Month-to-month,Electronic check,Fiber optic,90.0,3371.75,No,0.35748727758510024,Medium
4177-JPDFU,Male,0,No,No,12,Month-to-month,Mailed check,DSL,34.0,442.45,No,0.25538459948550535,Low
2239-CFOUJ,Male,0,Yes,Yes,1,One year,Mailed check,No,20.4,20.4,No,0.09736046393105595,Low
8046-DNVTL,Male,0,Yes,No,62,Two year,Credit card (automatic),DSL,38.6,2345.55,No,0.0071160395926937415,Low
2209-XADXF,Female,0,No,No,1,Month-to-month,Bank transfer (automatic),DSL,25.25,25.25,No,0.5239598376857473,Medium
6620-JDYNW,Female,0,No,No,18,Month-to-month,Mailed check,DSL,60.6,1156.35,No,0.24848395802047687,Low
1891-FZYSA,Male,1,Yes,No,69,Month-to-month,Electronic check,Fiber optic,89.95,6143.15,Yes,0.31403541197553375,Medium
4770-UEZOX,Male,0,No,No,2,Month-to-month,Electronic check,Fiber optic,74.75,144.8,No,0.6527221547835844,Medium
1038-RQOST,Male,0,Yes,Yes,19,Month-to-month,Mailed check,No,20.6,414.95,No,0.07662783158019268,Low
7613-LLQFO,Male,0,No,No,12,Month-to-month,Electronic check,Fiber optic,84.45,1059.55,Yes,0.7173511470700888,High
4568-TTZRT,Male,0,No,No,9,Month-to-month,Mailed check,No,20.4,181.8,No,0.13949992629770017,Low
9513-DXHDA,Male,0,No,No,27,One year,Electronic check,DSL,81.7,2212.55,No,0.09910622073471828,Low
2640-PMGFL,Male,0,No,Yes,27,Month-to-month,Electronic check,Fiber optic,79.5,2180.55,Yes,0.4212086730030661,Medium
3801-HMYNL,Male,0,Yes,Yes,1,Month-to-month,Mailed check,Fiber optic,89.15,89.15,Yes,0.5905831786120583,Medium
0516-QREYC,Female,1,No,No,24,Month-to-month,Mailed check,No,20.3,459.95,No,0.11513249023011099,Low
9685-WKZGT,Male,1,No,No,14,Month-to-month,Electronic check,Fiber optic,74.95,1036.75,Yes,0.6972958244762022,Medium
6022-UGGSO,Female,1,No,No,32,Month-to-month,Electronic check,Fiber optic,74.4,2276.95,Yes,0.4418105412586677,Medium
8084-OIVBS,Female,0,No,No,11,One year,Mailed check,No,20.0,211.95,No,0.07015448651806322,Low
8896-BQTTI,Male,0,No,No,1,Month-to-month,Mailed check,No,25.0,25.0,No,0.30713535891516874,Medium
3865-QBWSJ,Male,1,No,Yes,38,Month-to-month,Mailed check,Fiber optic,80.45,3162.65,No,0.3045534014694206,Medium
3352-RICWQ,Female,0,Yes,Yes,9,Two year,Mailed check,No,19.75,210.65,No,0.032979446415999196,Low
2160-GPFXD,Male,0,Yes,Yes,54,Two year,Credit card (automatic),DSL,65.65,3566.7,No,0.009935108751475422,Low
2065-MMKGR,Female,0,No,No,29,One year,Credit card (automatic),DSL,71.0,2080.1,No,0.21074731756760634,Low
5857-TYBCJ,Male,1,Yes,No,44,Month-to-month,Electronic check,Fiber optic,89.2,4040.2,No,0.5360789831993518,Medium
1498-NHTLT,Male,0,Yes,Yes,59,Two year,Electronic check,DSL,86.75,5186.0,No,0.019955768079142178,Low
4484-CGXFK,Female,0,No,No,3,Month-to-month,Electronic check,DSL,55.3,196.15,Yes,0.562022412302275,Medium
1402-PTHGN,Female,0,Yes,Yes,18,One year,Mailed check,DSL,61.5,1087.45,No,0.0636115318414132,Low
4176-RELJR,Male,1,No,No,67,Two year,Credit card (automatic),No,25.1,1672.15,No,0.0030618293138234658,Low
6214-EDAKZ,Female,0,Yes,Yes,22,Month-to-month,Electronic check,DSL,55.15,1206.05,Yes,0.14133950416526792,Low
5199-FPUSP,Male,0,No,Yes,33,One year,Credit card (automatic),DSL,34.05,1113.95,No,0.039850365181574206,Low
6377-KSLXC,Male,0,No,No,5,Month-to-month,Mailed check,No,19.95,107.05,No,0.16655063646610999,Low
1796-JANOW,Female,0,No,No,2,Month-to-month,Mailed check,No,19.95,38.15,No,0.19283198330192514,Low
0238-WHBIQ,Male,0,Yes,Yes,72,Two year,Credit card (automatic),DSL,89.7,6339.3,No,0.008107260934543295,Low
8735-NBLWT,Male,0,No,Yes,9,Month-to-month,Mailed check,No,20.4,184.1,No,0.12188365583896857,Low
6651-RLGGM,Male,0,Yes,Yes,67,Two year,Mailed check,No,26.3,1688.9,No,0.0022156022346345224,Low
6127-ISGTU,Female,0,Yes,No,16,Month-to-month,Electronic check,Fiber optic,84.95,1378.25,Yes,0.6954072049173957,Medium
1614-JBEBI,Female,0,No,No,8,Month-to-month,Mailed check,No,20.7,137.6,No,0.19730601301567874,Low
8740-XLHDR,Male,0,No,No,5,Month-to-month,Mailed check,DSL,43.25,219.0,Yes,0.30068799774827387,Medium
1208-DNHLN,Male,0,Yes,Yes,23,One year,Credit card (automatic),DSL,48.35,1067.15,Yes,0.1334014591710942,Low
1761-AEZZR,Male,0,No,No,1,Month-to-month,Electronic check,Fiber optic,79.55,79.55,Yes,0.7371070683406556,High
3923-CSIHK,Female,1,Yes,No,50,Month-to-month,Electronic check,Fiber optic,71.05,3444.85,Yes,0.32415679560032234,Medium
5696-EXCYS,Male,0,No,No,17,Two year,Credit card (automatic),No,19.45,369.05,No,0.024161202044366902,Low
5795-KTGUD,Female,0,Yes,No,68,Two year,Bank transfer (automatic),Fiber optic,110.8,7553.6,No,0.0797687628622158,Low
7120-RFMVS,Male,0,No,No,1,Month-to-month,Electronic check,Fiber optic,84.5,84.5,Yes,0.7163696832355234,High
7924-GJZFI,Female,1,Yes,No,25,Month-to-month,Electronic check,Fiber optic,69.3,1813.1,No,0.5524353110319893,Medium
4702-HDRKD,Male,0,No,No,67,One year,Bank transfer (automatic),DSL,49.35,3321.35,No,0.022612010242478296,Low
8512-WIWYV,Male,0,No,No,32,One year,Credit card (automatic),No,20.35,707.5,No,0.023780208570185205,Low
5897-ZYEKH,Female,1,Yes,No,67,One year,Electronic check,Fiber optic,105.6,7112.15,No,0.23031630008899726,Low
5456-ITGIC,Male,1,Yes,No,72,Two year,Credit card (automatic),DSL,64.45,4641.1,No,0.014065097594070937,Low
7317-GGVPB,Male,0,Yes,No,71,Two year,Credit card (automatic),Fiber optic,108.6,7690.9,Yes,0.06406038775085275,Low
1406-PUQVY,Male,0,No,Yes,1,Month-to-month,Electronic check,DSL,49.9,49.9,No,0.4414716451280185,Medium
1322-AGOQM,Male,0,No,No,46,Month-to-month,Bank transfer (automatic),DSL,30.3,1380.1,Yes,0.08829656643001076,Low
3677-IYRBF,Female,1,No,No,2,Month-to-month,Electronic check,DSL,30.4,78.65,Yes,0.7023740350992772,High
5692-FPTAH,Female,0,No,No,1,Month-to-month,Mailed check,DSL,45.4,45.4,Yes,0.4403499679520145,Medium
9114-AAFQH,Female,0,Yes,No,48,One year,Electronic check,DSL,65.65,3094.65,No,0.08382396427192924,Low
8715-KKTFG,Female,0,Yes,No,61,One year,Bank transfer (automatic),Fiber optic,103.3,6518.35,No,0.19422277003404165,Low
1550-LOAHA,Female,0,Yes,No,32,Month-to-month,Bank transfer (automatic),Fiber optic,84.15,2585.95,Yes,0.31106443919155924,Medium
1728-BQDMA,Female,0,No,No,2,Month-to-month,Electronic check,DSL,44.45,82.7,No,0.43094581031781537,Medium
0268-QKIWO,Female,0,No,No,3,Month-to-month,Electronic check,No,19.75,58.85,Yes,0.24539070583873632,Low
0876-WDUUZ,Female,0,No,No,5,Month-to-month,Credit card (automatic),Fiber optic,85.4,425.9,Yes,0.5451846163617587,Medium
5117-ZSMHQ,Female,0,Yes,Yes,71,Two year,Bank transfer (automatic),DSL,89.9,6342.7,No,0.009618680465818943,Low
5151-HQRDG,Male,0,Yes,No,37,Month-to-month,Mailed check,DSL,55.05,2030.75,No,0.12742199567217022,Low
0960-HUWBM,Male,0,Yes,Yes,65,Two year,Bank transfer (automatic),Fiber optic,104.1,6700.05,No,0.07377383920582144,Low
6465-GSRCL,Female,0,No,Yes,67,One year,Bank transfer (automatic),Fiber optic,106.6,7244.7,No,0.1418765270908978,Low
0617-FHSGK,Male,0,No,Yes,49,Month-to-month,Credit card (automatic),Fiber optic,75.2,3678.3,Yes,0.1832298852535127,Low
0263-FJTQO,Male,0,Yes,Yes,50,Two year,Credit card (automatic),DSL,70.5,3486.65,No,0.0174898076780077,Low
7319-ZNRTR,Male,0,Yes,Yes,25,One year,Electronic check,No,19.6,411.15,No,0.04043390381980434,Low
2858-MOFSQ,Female,0,No,Yes,17,One year,Mailed check,DSL,55.85,937.5,Yes,0.17589418984873978,Low
7503-EPSZW,Female,0,Yes,Yes,64,Two year,Mailed check,No,24.05,1559.15,No,0.0035977252246128717,Low
7089-XXAYG,Male,0,Yes,No,25,One year,Credit card (automatic),DSL,38.1,970.4,No,0.20640419288817152,Low
8118-LSUEL,Male,1,No,No,23,Month-to-month,Electronic check,Fiber optic,106.4,2483.5,Yes,0.7168412414029511,High
8070-AAWZP,Male,1,Yes,No,24,Month-to-month,Mailed check,DSL,34.25,828.2,No,0.21094365308098534,Low
1666-JXLKU,Female,0,No,No,37,Month-to-month,Electronic check,Fiber optic,100.05,3810.55,No,0.6223955439021698,Medium
7855-DIWPO,Female,0,No,No,21,Month-to-month,Electronic check,Fiber optic,68.65,1493.2,No,0.5315295710465967,Medium
5133-POWUA,Male,0,No,No,1,Month-to-month,Mailed check,DSL,45.8,45.8,No,0.43554650877939055,Medium
5652-MSDEY,Female,0,No,No,10,Month-to-month,Mailed check,Fiber optic,75.75,777.3,No,0.6092429396567087,Medium
7005-CCBKV,Male,0,No,No,6,Month-to-month,Electronic check,Fiber optic,84.4,556.35,Yes,0.6726421082139071,Medium
1810-BOHSY,Male,0,Yes,No,51,One year,Credit card (automatic),Fiber optic,96.4,4911.05,No,0.14636614741962278,Low
1784-BXEFA,Female,0,No,No,10,Month-to-month,Mailed check,No,20.55,187.35,No,0.1813869427417891,Low
7351-MHQVU,Female,0,No,No,6,Month-to-month,Credit card (automatic),DSL,50.95,307.6,No,0.2790615573697874,Low
9224-VTYID,Male,0,Yes,Yes,47,Two year,Mailed check,DSL,90.5,4318.35,No,0.026773253744171187,Low
9500-IWPXQ,Female,0,Yes,Yes,61,One year,Electronic check,DSL,79.4,4820.55,No,0.03502510544879985,Low
5762-TJXGK,Female,0,No,No,52,Two year,Bank transfer (automatic),DSL,58.75,3038.55,No,0.03524520311018139,Low
4504-YOULA,Female,0,Yes,Yes,35,Month-to-month,Credit card (automatic),DSL,59.45,2136.9,No,0.10796707414713128,Low
5569-IDSEY,Male,0,Yes,No,71,One year,Bank transfer (automatic),Fiber optic,105.7,7472.15,No,0.18032771947789322,Low
4250-FDVOU,Female,0,No,No,6,Month-to-month,Electronic check,DSL,56.25,389.1,Yes,0.2726833193538822,Low
7284-ZZLOH,Male,0,Yes,No,45,Two year,Credit card (automatic),DSL,53.3,2296.25,No,0.011838835622644565,Low
5277-ZLOOR,Female,1,No,No,2,Month-to-month,Electronic check,Fiber optic,85.55,187.45,Yes,0.8159128193177813,High
2141-RRYGO,Female,0,No,No,4,Month-to-month,Bank transfer (automatic),DSL,68.65,261.25,Yes,0.4768034502659903,Medium
1777-JYQPJ,Male,0,No,No,2,Month-to-month,Mailed check,DSL,24.3,38.45,No,0.48700324408988604,Medium
6376-GAHQE,Male,0,No,No,4,Month-to-month,Electronic check,Fiber optic,77.85,299.2,Yes,0.6372877864842863,Medium
3401-URHDA,Male,0,No,No,51,One year,Credit card (automatic),DSL,59.9,3043.6,No,0.020706177605643708,Low
1599-EAHXY,Male,0,Yes,Yes,60,One year,Credit card (automatic),No,23.95,1506.4,No,0.006414557090871339,Low
8631-XVRZL,Male,0,No,No,9,One year,Mailed check,No,20.15,163.7,No,0.10364444606608744,Low
5052-PNLOS,Male,0,No,No,3,Month-to-month,Bank transfer (automatic),Fiber optic,105.35,323.25,Yes,0.7117167088539164,High
3853-LYGAM,Male,0,No,No,17,Month-to-month,Bank transfer (automatic),Fiber optic,95.65,1640.0,No,0.5276085661351649,Medium
6979-ZNSFF,Female,0,No,No,8,Month-to-month,Electronic check,Fiber optic,87.05,762.1,Yes,0.7535993846455403,High
5751-USDBL,Male,0,Yes,Yes,46,Two year,Mailed check,DSL,81.0,3846.35,No,0.016470809194079776,Low
5680-LQOGP,Female,0,No,No,68,Two year,Credit card (automatic),DSL,82.45,5646.6,No,0.01069603106878162,Low
2386-LAHRK,Male,0,No,No,1,Month-to-month,Mailed check,DSL,53.5,53.5,Yes,0.4777477001994821,Medium
8189-DUKMV,Female,0,Yes,No,4,One year,Bank transfer (automatic),No,20.5,79.05,No,0.10490315671208127,Low
6032-IGALN,Female,0,No,No,1,Month-to-month,Mailed check,DSL,25.1,25.1,Yes,0.5934418924744204,Medium
9931-DCEZH,Male,0,No,Yes,28,One year,Credit card (automatic),DSL,54.4,1516.6,No,0.056784821656062204,Low
1898-JSNDC,Female,0,No,No,39,One year,Credit card (automatic),DSL,58.6,2224.5,No,0.07583800180656057,Low
0315-LVCRK,Male,0,No,No,11,Month-to-month,Electronic check,Fiber optic,84.8,888.75,No,0.5769325032436944,Medium
3911-RSNHI,Female,0,Yes,No,71,Two year,Credit card (automatic),DSL,61.4,4310.35,No,0.01685998485660532,Low
2410-CIYFZ,Male,0,No,Yes,2,Month-to-month,Mailed check,No,20.4,42.9,No,0.16722526297489923,Low
4248-HCETZ,Male,1,Yes,No,30,Month-to-month,Mailed check,Fiber optic,79.65,2365.15,Yes,0.3722502441589326,Medium
5505-OVWQW,Female,0,No,No,17,One year,Mailed check,No,20.15,353.65,No,0.05249951116128245,Low
7271-AJDTL,Female,0,Yes,No,55,Month-to-month,Credit card (automatic),Fiber optic,94.45,5073.1,No,0.2832715248809407,Low
1867-TJHTS,Female,0,No,No,58,Month-to-month,Bank transfer (automatic),Fiber optic,79.8,4526.85,No,0.1750038148080705,Low
0516-WJVXC,Female,0,No,No,5,Month-to-month,Electronic check,DSL,54.2,308.25,Yes,0.23787558471964423,Low
9174-FKWZE,Female,1,No,No,1,Month-to-month,Electronic check,No,19.45,19.45,Yes,0.38628596565767853,Medium
6860-YRJZP,Male,1,No,No,9,Month-to-month,Electronic check,Fiber optic,74.05,678.45,No,0.7327771455684597,High
4429-WYGFR,Male,0,No,No,26,Month-to-month,Bank transfer (automatic),DSL,49.15,1237.3,No,0.11581621647894713,Low
2817-LVCPP,Female,0,No,No,50,Two year,Credit card (automatic),No,19.4,1023.95,No,0.0044060166109376455,Low
5038-ETMLM,Female,0,Yes,No,72,Two year,Bank transfer (automatic),Fiber optic,113.65,8182.75,No,0.05336401564520557,Low
5056-FIMPT,Female,0,No,Yes,43,One year,Credit card (automatic),Fiber optic,106.0,4532.3,No,0.1214790672680535,Low
4521-WFJAI,Male,0,No,No,56,Two year,Bank transfer (automatic),No,25.95,1444.05,No,0.006837790161733188,Low
6569-KTMDU,Female,0,No,No,1,Month-to-month,Mailed check,No,19.1,19.1,No,0.20010153415112292,Low
8809-RIHDD,Male,0,Yes,Yes,72,Two year,Electronic check,Fiber optic,103.4,7372.65,Yes,0.09658863414878266,Low
8809-XKHMD,Male,0,Yes,No,72,Two year,Bank transfer (automatic),Fiber optic,100.55,7325.1,No,0.03595034935526236,Low
0396-YCHWO,Male,0,Yes,No,36,Month-to-month,Electronic check,Fiber optic,95.4,3474.2,No,0.6196224201919089,Medium
0867-LDTTC,Male,0,No,No,5,Month-to-month,Bank transfer (automatic),DSL,75.15,392.65,No,0.3273841719117559,Medium
4822-NGOCH,Female,0,No,No,13,Month-to-month,Electronic check,Fiber optic,84.45,1058.6,Yes,0.6171927127329102,Medium
9391-DXGGG,Female,1,No,No,44,One year,Credit card (automatic),Fiber optic,89.15,3990.75,No,0.1589545915443727,Low
9844-FELAJ,Female,1,Yes,Yes,70,One year,Electronic check,Fiber optic,107.9,7475.85,No,0.18630261418205254,Low
2122-SZZZD,Male,0,No,No,44,One year,Credit card (automatic),No,19.5,835.5,No,0.012233203306667932,Low
5307-DZCVC,Female,1,Yes,No,32,Month-to-month,Credit card (automatic),Fiber optic,85.95,2628.6,Yes,0.5270927014269151,Medium
3148-AOIQT,Female,0,Yes,No,69,Two year,Credit card (automatic),No,24.95,1718.35,No,0.003233093255005206,Low
8679-JOEVF,Female,1,No,No,16,Month-to-month,Electronic check,DSL,59.4,1023.9,Yes,0.31324200638689703,Medium
8395-ETZKQ,Male,1,Yes,Yes,68,One year,Bank transfer (automatic),No,19.5,1193.55,No,0.0038633998114068636,Low
6692-YQHXC,Male,0,No,No,16,Month-to-month,Credit card (automatic),Fiber optic,69.95,1205.5,No,0.4825748978338901,Medium
3889-VWBID,Male,0,Yes,Yes,68,Two year,Bank transfer (automatic),DSL,82.85,5776.45,No,0.007988425167010371,Low
5222-JCXZT,Male,0,No,No,4,Month-to-month,Mailed check,No,19.0,78.9,No,0.17250883914686838,Low
9754-CLVZW,Female,0,Yes,Yes,26,Month-to-month,Credit card (automatic),DSL,38.85,1025.15,No,0.09337993766806484,Low
1432-FPAXX,Female,0,No,No,29,Month-to-month,Electronic check,DSL,30.6,856.35,Yes,0.30497874336955855,Medium
2739-CCZMB,Male,0,No,Yes,5,Month-to-month,Credit card (automatic),No,20.35,122.0,No,0.14384843558985558,Low
7080-TNUWP,Male,0,Yes,No,70,One year,Bank transfer (automatic),Fiber optic,95.0,6602.9,No,0.12616422131794477,Low
0496-AHOOK,Male,0,Yes,No,24,One year,Bank transfer (automatic),DSL,74.4,1712.9,No,0.07927711786009518,Low
8336-TAVKX,Female,1,Yes,No,72,Two year,Bank transfer (automatic),DSL,78.45,5682.25,No,0.00870245318222958,Low
2468-SJFLM,Male,0,No,No,1,Month-to-month,Mailed check,Fiber optic,74.3,74.3,No,0.5254003587349596,Medium
3181-VTHOE,Male,0,Yes,No,70,One year,Bank transfer (automatic),DSL,51.05,3635.15,No,0.026839691448179562,Low
7168-HDQHG,Female,0,Yes,Yes,36,Month-to-month,Bank transfer (automatic),No,19.2,702.9,No,0.03455582341319494,Low
4803-AXVYP,Female,1,No,No,38,Month-to-month,Electronic check,Fiber optic,99.55,3734.25,Yes,0.574777194342844,Medium
3884-HCSWG,Female,0,No,No,17,Month-to-month,Electronic check,Fiber optic,70.0,1144.5,Yes,0.5654121667120858,Medium
4567-AKPIA,Female,0,Yes,Yes,41,One year,Bank transfer (automatic),Fiber optic,109.1,4454.25,No,0.22752110918646035,Low
5077-DXTCG,Female,0,No,No,1,Month-to-month,Electronic check,DSL,45.3,45.3,Yes,0.5304643452966646,Medium
1142-WACZW,Male,0,No,No,2,Month-to-month,Bank transfer (automatic),DSL,29.85,75.6,Yes,0.4134762016906662,Medium
7901-HXJVA,Male,0,No,No,14,Month-to-month,Electronic check,Fiber optic,76.45,1117.55,No,0.5053880570277158,Medium
5649-ANRML,Male,1,No,No,2,Month-to-month,Credit card (automatic),Fiber optic,95.1,180.25,Yes,0.5587594007902625,Medium
4892-VLANZ,Male,0,No,No,1,Month-to-month,Mailed check,No,19.8,19.8,Yes,0.19740591172200117,Low
5924-IFQTT,Male,0,Yes,Yes,13,Month-to-month,Electronic check,DSL,72.8,930.05,No,0.3355071260566604,Medium
7968-QUXNS,Male,0,No,No,6,Month-to-month,Mailed check,No,18.95,110.15,No,0.15752323857720404,Low
2919-HBCJO,Female,0,No,No,4,Month-to-month,Bank transfer (automatic),Fiber optic,76.65,333.6,Yes,0.5771326066551894,Medium
4236-XPXAV,Female,0,Yes,Yes,5,Month-to-month,Mailed check,Fiber optic,99.15,465.05,Yes,0.5163795241422019,Medium
8903-WMRNW,Female,0,Yes,No,15,Month-to-month,Electronic check,Fiber optic,101.75,1669.4,No,0.5369030221466327,Medium
2452-SNHFZ,Female,0,No,No,47,Month-to-month,Credit card (automatic),Fiber optic,75.45,3545.1,No,0.13236709583934622,Low
3629-WEAAM,Female,0,No,No,8,Month-to-month,Mailed check,DSL,64.1,504.05,No,0.2503442849792923,Low
6029-CSMJE,Male,0,No,No,17,Month-to-month,Mailed check,DSL,25.65,440.2,No,0.38820590688457385,Medium
7993-NQLJE,Male,0,Yes,Yes,15,Month-to-month,Mailed check,Fiber optic,75.1,1151.55,No,0.288457132471378,Low
9909-DFRJA,Female,0,No,No,26,One year,Bank transfer (automatic),Fiber optic,95.85,2475.35,No,0.1900503931060237,Low
9099-FTUHS,Female,0,No,No,23,Month-to-month,Electronic check,DSL,54.4,1249.25,No,0.21213776588276298,Low
0581-BXBUB,Female,1,No,No,4,Month-to-month,Electronic check,Fiber optic,72.75,317.75,No,0.6082195928343254,Medium
4962-CHQPW,Male,0,No,Yes,29,One year,Mailed check,No,19.85,535.05,No,0.023502511597063236,Low
9467-ROOLM,Female,0,No,No,25,Month-to-month,Mailed check,No,19.05,461.3,No,0.06503611915671038,Low
3030-YZADT,Male,0,No,No,9,Month-to-month,Mailed check,DSL,44.95,431.0,Yes,0.2763290447624171,Low
7410-KTVFV,Male,0,Yes,No,18,Month-to-month,Mailed check,DSL,49.55,878.35,Yes,0.2568807069365445,Low
5150-ITWWB,Male,1,No,No,3,Month-to-month,Electronic check,Fiber optic,94.85,335.75,No,0.8383298045492475,High
2253-KPMNB,Female,0,Yes,Yes,69,Two year,Bank transfer (automatic),DSL,46.25,3121.4,No,0.003956277075668511,Low
1345-ZUKID,Male,0,No,No,14,One year,Mailed check,No,19.35,324.8,No,0.05984537828341163,Low
6429-SHBCB,Male,0,No,No,19,Month-to-month,Mailed check,DSL,69.6,1394.55,No,0.348421133821797,Medium
9281-OFDMF,Male,1,No,No,39,Month-to-month,Electronic check,Fiber optic,90.7,3413.25,No,0.44861529550884066,Medium
2603-HVKCG,Male,0,No,No,31,Month-to-month,Electronic check,Fiber optic,101.4,3143.65,No,0.5533493100339417,Medium
1834-WULEG,Male,0,Yes,Yes,24,One year,Mailed check,No,20.25,439.75,No,0.030598251938222267,Low
9097-ZUBYC,Male,0,Yes,No,14,Month-to-month,Bank transfer (automatic),DSL,48.8,664.4,No,0.18158911626247135,Low
5148-ORICT,Female,0,Yes,No,64,Two year,Mailed check,DSL,74.35,4759.55,No,0.008869387582921434,Low
4893-GYUJU,Female,0,No,No,50,One year,Mailed check,No,19.35,1033.0,No,0.013511957515754926,Low
4578-PHJYZ,Male,0,Yes,Yes,52,One year,Electronic check,DSL,68.75,3482.85,No,0.04367833783491876,Low
7272-QDCKA,Male,0,No,No,28,One year,Electronic check,Fiber optic,100.2,2688.45,No,0.3797506062912342,Medium
8908-SLFCJ,Female,0,No,No,21,Two year,Credit card (automatic),No,20.85,435.25,No,0.028362359647919833,Low
8393-DLHGA,Male,0,No,Yes,25,Month-to-month,Electronic check,Fiber optic,95.9,2448.75,Yes,0.5601529706215852,Medium
9766-HGEDE,Female,0,Yes,No,17,One year,Mailed check,No,19.35,307.0,No,0.051550328351633756,Low
6968-MHOMU,Male,0,Yes,No,58,One year,Credit card (automatic),DSL,45.0,2689.35,No,0.07693317689769641,Low
7395-IGJOS,Male,1,Yes,No,17,Month-to-month,Bank transfer (automatic),Fiber optic,81.5,1329.2,Yes,0.5191444177981093,Medium
5044-XDPYX,Female,0,Yes,No,51,Two year,Mailed check,No,25.5,1281.25,No,0.005936689804736086,Low
1814-WFGVS,Male,0,Yes,Yes,72,Two year,Mailed check,DSL,48.9,3527.0,No,0.004877748198081146,Low
2834-SPCJV,Male,0,Yes,No,52,Month-to-month,Electronic check,Fiber optic,84.1,4348.65,Yes,0.20147228391509842,Low
3721-WKIIL,Female,0,No,No,27,Two year,Mailed check,No,19.6,561.15,No,0.021169782963665496,Low
6734-CKRSM,Female,0,No,No,3,Month-to-month,Mailed check,No,20.0,63.6,No,0.18506943857056982,Low
1265-ZFOSD,Female,0,Yes,No,64,Two year,Mailed check,DSL,81.3,5129.3,No,0.012840549744206441,Low
6568-POCUI,Female,0,Yes,No,45,Two year,Credit card (automatic),Fiber optic,95.2,4285.8,No,0.09965748710307828,Low
7890-VYYWG,Male,1,Yes,No,3,Month-to-month,Mailed check,DSL,36.45,93.7,Yes,0.661604204886988,Medium
5197-LQXXH,Female,0,Yes,No,71,Two year,Credit card (automatic),DSL,83.3,5894.5,No,0.018453971505767414,Low
9907-SWKKF,Female,1,No,No,1,Month-to-month,Mailed check,DSL,25.05,25.05,Yes,0.5605789615717169,Medium
3457-PQBYH,Female,0,Yes,Yes,58,Two year,Credit card (automatic),No,20.3,1160.75,No,0.0024812615488877606,Low
7682-AZNDK,Male,0,Yes,Yes,34,Month-to-month,Electronic check,Fiber optic,89.85,3091.75,No,0.41480121972494766,Medium
0587-DMGBH,Female,0,No,No,8,Month-to-month,Electronic check,DSL,49.85,365.55,Yes,0.35514816956785283,Medium
5384-ZTTWP,Female,0,Yes,Yes,15,Month-to-month,Mailed check,No,19.8,272.95,No,0.09268705562971817,Low
3745-HRPHI,Male,0,Yes,Yes,66,Two year,Bank transfer (automatic),DSL,54.65,3632.0,No,0.013909577157778895,Low
7636-OWBPG,Male,1,No,No,12,Month-to-month,Credit card (automatic),DSL,29.35,381.2,No,0.45536194635363514,Medium
1231-YNDEK,Male,0,No,No,58,Two year,Bank transfer (automatic),No,19.15,1035.5,No,0.004144086762666957,Low
1407-DIGZV,Female,0,Yes,Yes,3,Two year,Mailed check,No,19.1,52.0,No,0.04397418240125828,Low
6397-JNZZG,Female,1,Yes,No,43,Month-to-month,Credit card (automatic),DSL,55.55,2342.2,Yes,0.20278779399694294,Low
0570-BFQHT,Female,0,No,No,9,Month-to-month,Electronic check,Fiber optic,80.55,653.9,No,0.502220993015987,Medium
4393-OBCRR,Female,0,No,No,3,One year,Mailed check,No,20.25,71.2,No,0.10399274256733515,Low
3523-QRQLL,Female,0,Yes,Yes,22,One year,Bank transfer (automatic),DSL,69.5,1498.2,Yes,0.1698695257267165,Low
8564-LDKFL,Male,0,Yes,No,40,One year,Bank transfer (automatic),Fiber optic,106.0,4178.65,No,0.32606107730883355,Medium
3696-DFHHB,Female,0,No,No,68,Two year,Bank transfer (automatic),No,25.5,1821.8,No,0.0027463674123079785,Low
0895-DQHEW,Male,0,Yes,No,54,Month-to-month,Electronic check,Fiber optic,104.3,5278.15,Yes,0.43974053282576253,Medium
4717-GHADL,Female,0,No,No,50,Two year,Mailed check,DSL,79.6,4024.2,No,0.037733044303338306,Low
5501-TVMGM,Male,0,No,No,1,Month-to-month,Electronic check,DSL,55.25,55.25,No,0.5743147174156669,Medium
5879-HMFFH,Female,0,Yes,No,72,Two year,Bank transfer (automatic),DSL,88.05,6520.8,No,0.011028222287978607,Low
6772-WFQRD,Male,0,No,Yes,40,One year,Bank transfer (automatic),No,20.4,854.9,No,0.020559574422640326,Low
3810-DVDQQ,Female,0,Yes,Yes,72,Two year,Bank transfer (automatic),Fiber optic,117.6,8308.9,No,0.04932303431099979,Low
6972-SNKKW,Female,0,No,No,6,Month-to-month,Mailed check,No,20.0,109.2,No,0.1617330257066989,Low
3694-GLTJM,Female,0,No,No,5,Month-to-month,Credit card (automatic),No,19.65,92.05,No,0.2185035636234233,Low
8550-XSXUQ,Male,0,Yes,No,48,One year,Credit card (automatic),DSL,70.55,3420.5,No,0.07874202807943269,Low
8149-RSOUN,Female,0,No,No,1,Month-to-month,Electronic check,Fiber optic,93.85,93.85,Yes,0.8161413994040967,High
9055-MOJJJ,Female,0,Yes,Yes,64,One year,Mailed check,DSL,65.8,4068.0,No,0.011538390884502802,Low
4359-INNWN,Female,0,No,No,17,One year,Credit card (automatic),No,20.05,337.9,No,0.05096175836545195,Low
0585-EGDDA,Male,0,Yes,No,40,Month-to-month,Electronic check,Fiber optic,80.0,3168.75,No,0.3308573639292905,Medium
4032-RMHCI,Female,0,Yes,Yes,41,One year,Credit card (automatic),DSL,35.4,1412.4,No,0.03909876009205674,Low
0549-CYCQN,Male,1,No,No,51,One year,Bank transfer (automatic),Fiber optic,79.6,3974.7,No,0.17149974596769157,Low
3481-JHUZH,Male,0,Yes,No,41,Month-to-month,Electronic check,Fiber optic,80.25,3439.0,No,0.4058091354138899,Medium
7250-EQKIY,Female,0,Yes,Yes,1,Month-to-month,Mailed check,DSL,50.45,50.45,Yes,0.31193303166611597,Medium
3594-IVHJZ,Female,0,No,No,2,Month-to-month,Mailed check,No,20.45,42.45,No,0.25340825346095897,Low
6869-FGJJC,Male,0,No,No,68,One year,Credit card (automatic),Fiber optic,79.6,5461.45,No,0.045380180602027996,Low
3896-ZVNET,Female,0,Yes,Yes,24,Two year,Mailed check,No,24.7,571.75,No,0.01961990772703824,Low
8205-VSLRB,Male,0,Yes,No,70,Two year,Credit card (automatic),DSL,77.3,5498.2,No,0.00824998708848568,Low
5960-MVTUK,Male,0,No,No,3,Month-to-month,Electronic check,DSL,29.75,96.85,No,0.5605390349541455,Medium
6817-WTYHE,Male,0,No,No,2,Month-to-month,Bank transfer (automatic),DSL,44.9,111.05,No,0.3569278780358624,Medium
3082-VQXNH,Male,0,Yes,No,3,Month-to-month,Credit card (automatic),DSL,29.8,94.4,No,0.42828921958596516,Medium
4013-UBXWQ,Female,0,No,No,7,Month-to-month,Electronic check,DSL,74.65,521.1,Yes,0.5402992850642131,Medium
4931-TRZWN,Female,0,No,No,13,Month-to-month,Electronic check,DSL,71.95,923.85,No,0.4224799793633433,Medium
0750-EKNGL,Male,0,No,No,7,Month-to-month,Mailed check,No,20.75,141.1,No,0.15301532101257417,Low
7669-LCRSD,Male,0,Yes,Yes,12,Month-to-month,Mailed check,DSL,56.3,628.65,No,0.3346242114872799,Medium
3567-PQTSO,Male,0,Yes,Yes,53,One year,Electronic check,Fiber optic,105.25,5576.3,No,0.2866056278207942,Low
5519-NPHVG,Female,0,No,No,12,Month-to-month,Electronic check,Fiber optic,94.2,1046.1,Yes,0.7587142593187389,High
8043-PNYSD,Male,0,Yes,Yes,63,Two year,Mailed check,No,19.55,1245.6,No,0.0018904036113698472,Low
9938-EKRGF,Female,0,No,No,15,Month-to-month,Mailed check,DSL,84.45,1287.85,No,0.16103829953091714,Low
2703-AMTUL,Male,0,Yes,Yes,36,One year,Mailed check,DSL,53.65,1939.35,No,0.02933038116049283,Low
0928-JMXNP,Male,1,Yes,No,4,Month-to-month,Electronic check,DSL,29.9,118.25,No,0.6743705619155372,Medium
8173-RXAYP,Female,0,Yes,Yes,24,Two year,Mailed check,No,19.7,452.55,No,0.014928936495988941,Low
4825-XJGDM,Female,0,No,No,61,One year,Credit card (automatic),DSL,43.7,2696.55,No,0.012258051110960514,Low
5402-HTOTQ,Male,0,No,No,16,Month-to-month,Electronic check,DSL,55.3,875.35,No,0.3086813503750544,Medium
6734-JDTTV,Male,0,Yes,Yes,65,Two year,Credit card (automatic),No,19.85,1267.05,No,0.0023337562467567624,Low
7850-THJMU,Female,0,Yes,Yes,26,Two year,Credit card (automatic),No,19.65,494.9,No,0.013122690884092002,Low
3890-RTCMS,Male,0,No,No,16,Month-to-month,Mailed check,DSL,49.45,799.0,No,0.21511368409376422,Low
8849-GYOKR,Female,0,Yes,No,54,One year,Bank transfer (automatic),Fiber optic,106.55,5763.3,Yes,0.15231978114132388,Low
3148-BLQJT,Male,0,No,No,1,Month-to-month,Mailed check,No,20.1,20.1,Yes,0.19781617672245977,Low
3717-FDJFU,Male,0,No,Yes,5,Two year,Mailed check,No,20.45,106.9,No,0.039389668596879854,Low
3665-JATSN,Female,0,No,No,19,Month-to-month,Electronic check,DSL,39.7,710.05,No,0.47794223583923817,Medium
7966-YOTQW,Male,0,No,No,10,Month-to-month,Credit card (automatic),DSL,54.5,568.2,No,0.3048649030376154,Medium
0461-CVKMU,Female,0,Yes,Yes,23,Month-to-month,Electronic check,Fiber optic,83.8,1900.25,Yes,0.2754713501589613,Low
8806-EAGWC,Male,0,No,No,3,Month-to-month,Mailed check,DSL,55.15,159.15,Yes,0.37619118218788344,Medium
8853-TZDGH,Female,0,No,No,72,Two year,Bank transfer (automatic),Fiber optic,111.6,8012.75,No,0.07549558930987302,Low
7779-LGOVN,Male,1,Yes,No,10,Month-to-month,Electronic check,Fiber optic,86.65,856.65,Yes,0.7734454449520911,High
4324-BZCKL,Female,0,Yes,Yes,10,Month-to-month,Mailed check,DSL,55.55,551.3,No,0.2701076714092449,Low
6924-TDGMT,Male,0,Yes,No,11,One year,Mailed check,No,20.55,184.95,No,0.0942011967235248,Low
9710-ZUSHQ,Female,1,No,No,37,Month-to-month,Bank transfer (automatic),Fiber optic,106.75,4056.75,Yes,0.49455722137599517,Medium
1536-YHDOE,Male,0,Yes,Yes,17,One year,Mailed check,DSL,62.1,1096.65,No,0.09720512158357443,Low
8123-QBNAZ,Female,0,Yes,Yes,36,Month-to-month,Credit card (automatic),Fiber optic,104.5,3684.95,No,0.39412324136877397,Medium
3629-ZNKXA,Male,1,No,No,17,Month-to-month,Electronic check,Fiber optic,101.8,1752.45,No,0.693036733948249,Medium
4827-LTQRJ,Female,1,Yes,Yes,66,One year,Credit card (automatic),Fiber optic,110.6,7210.85,No,0.11546296206176655,Low
7711-YIJWC,Male,0,Yes,Yes,61,One year,Bank transfer (automatic),DSL,84.9,5264.5,No,0.01997960780308805,Low
5482-VXSXJ,Male,0,No,No,22,Month-to-month,Mailed check,Fiber optic,93.2,2157.3,No,0.5243432426520152,Medium
7365-BVCJH,Male,0,No,No,1,Month-to-month,Electronic check,DSL,24.4,24.4,No,0.6708039576698318,Medium
9620-ENEJV,Female,0,No,No,6,Month-to-month,Credit card (automatic),Fiber optic,70.55,433.95,No,0.48965278860296474,Medium
4183-WCSEP,Male,0,No,No,31,Month-to-month,Electronic check,Fiber optic,78.45,2435.15,Yes,0.3224351844502358,Medium
2378-YIZKA,Female,0,Yes,Yes,68,Two year,Credit card (automatic),DSL,85.0,5607.75,No,0.009266312982736589,Low
5498-TXHLF,Female,0,Yes,Yes,34,Month-to-month,Electronic check,Fiber optic,87.45,2874.15,Yes,0.4158894878559707,Medium
0689-DSXGL,Female,0,Yes,Yes,52,Month-to-month,Bank transfer (automatic),Fiber optic,85.8,4433.3,No,0.10336419267933107,Low
6818-DJXAA,Female,0,No,Yes,10,Month-to-month,Electronic check,Fiber optic,91.1,964.35,No,0.5572379193313408,Medium
9722-UJOJR,Male,0,Yes,Yes,29,Month-to-month,Electronic check,Fiber optic,70.75,1974.8,Yes,0.4126494040960115,Medium
0464-WJTKO,Female,0,Yes,Yes,72,Two year,Bank transfer (automatic),No,20.1,1460.85,No,0.00130073233962669,Low
8902-ZEOVF,Male,0,Yes,Yes,47,One year,Mailed check,No,20.05,951.55,No,0.00941922758320742,Low
6778-EICRF,Male,0,Yes,Yes,24,One year,Mailed check,DSL,74.8,1821.2,No,0.11749989889912646,Low
2662-NNTDK,Male,0,No,No,65,One year,Credit card (automatic),No,24.8,1600.95,No,0.0057789375802218225,Low
4132-KALRO,Female,0,No,No,4,Month-to-month,Mailed check,Fiber optic,100.85,399.25,No,0.665534392630803,Medium
3902-FOIGH,Male,1,Yes,No,12,Month-to-month,Electronic check,Fiber optic,101.35,1218.55,Yes,0.7742982263366864,High
6772-KSATR,Male,0,No,No,1,Month-to-month,Electronic check,Fiber optic,81.7,81.7,Yes,0.6682420024668876,Medium
7112-OPOTK,Male,0,No,No,33,Month-to-month,Electronic check,Fiber optic,68.25,2171.15,Yes,0.3230244420020762,Medium
2874-YXVVA,Female,0,No,No,34,Month-to-month,Electronic check,Fiber optic,105.1,3634.8,No,0.45739816008438694,Medium
1245-HARPS,Female,0,Yes,No,14,Two year,Mailed check,No,20.4,292.4,No,0.02968997997113197,Low
4210-QFJMF,Female,0,No,No,4,Month-to-month,Electronic check,Fiber optic,79.15,317.25,Yes,0.7230488451030146,High
4323-ELYYB,Male,0,Yes,Yes,13,One year,Mailed check,No,20.0,218.55,No,0.053288171304905096,Low
4293-ETKAP,Female,0,Yes,Yes,65,Two year,Bank transfer (automatic),DSL,79.4,5071.9,No,0.02011281396992445,Low
6064-PUPMC,Male,0,Yes,Yes,23,One year,Credit card (automatic),DSL,57.2,1423.35,No,0.043517733571928945,Low
6504-VBLFL,Male,0,Yes,No,55,Two year,Electronic check,DSL,58.6,3068.6,No,0.010394389777524536,Low
6322-PJJDJ,Male,0,Yes,No,49,Two year,Electronic check,Fiber optic,94.8,4690.65,No,0.14839208537732337,Low
0330-BGYZE,Male,0,Yes,No,60,One year,Bank transfer (automatic),Fiber optic,102.5,6157.6,No,0.16055636610609034,Low
1085-LDWAM,Female,0,Yes,Yes,69,One year,Credit card (automatic),No,20.35,1442.65,No,0.004254709689679219,Low
7586-ZATGZ,Male,0,No,No,40,Month-to-month,Electronic check,Fiber optic,84.9,3369.05,No,0.5034105267311524,Medium
7197-VOJMM,Male,0,Yes,No,67,Two year,Credit card (automatic),DSL,69.2,4671.65,No,0.007264068751992881,Low
3318-OSATS,Male,1,No,No,35,Month-to-month,Electronic check,Fiber optic,95.45,3474.05,Yes,0.6806240442761861,Medium
5828-AVIPD,Male,0,Yes,Yes,19,One year,Electronic check,Fiber optic,100.95,1875.55,Yes,0.4456044638378227,Medium
1843-TLSGD,Female,0,Yes,Yes,13,Two year,Mailed check,No,20.85,272.35,No,0.026954809121312102,Low
9626-VFRGG,Female,0,No,Yes,41,Month-to-month,Bank transfer (automatic),Fiber optic,88.5,3645.05,No,0.35911561476106796,Medium
7075-BNDVQ,Female,0,No,No,4,Month-to-month,Mailed check,DSL,35.0,135.75,No,0.3619170356213901,Medium
9143-CANJF,Female,0,Yes,Yes,24,Month-to-month,Electronic check,DSL,55.15,1319.85,No,0.10789404562953238,Low
7284-BUYEC,Female,0,No,No,5,Month-to-month,Credit card (automatic),DSL,50.95,229.4,No,0.5977876908019455,Medium
2041-JIJCI,Female,0,No,No,5,Month-to-month,Electronic check,DSL,64.0,370.25,No,0.559549628932818,Medium
1086-LXKFY,Female,0,Yes,Yes,1,Month-to-month,Mailed check,Fiber optic,69.1,69.1,Yes,0.5850874108426127,Medium
4900-MSOMT,Female,0,Yes,Yes,72,Two year,Bank transfer (automatic),DSL,80.2,5714.2,No,0.006126808546883382,Low
2229-VWQJH,Female,0,No,No,24,Month-to-month,Credit card (automatic),DSL,49.3,1233.25,No,0.21229265649735168,Low
9194-GFVOI,Female,0,Yes,No,42,Two year,Credit card (automatic),DSL,84.35,3571.6,No,0.027637787129483143,Low
1336-EZFZY,Female,0,No,No,4,Month-to-month,Mailed check,No,20.05,83.3,No,0.17728336129903696,Low
4282-MSACW,Male,0,No,No,68,One year,Credit card (automatic),Fiber optic,117.2,8035.95,No,0.11784675800049332,Low
1403-LKLIK,Female,0,Yes,Yes,33,One year,Mailed check,No,20.1,579.4,No,0.019413855639514248,Low
2636-ALXXZ,Female,1,No,No,1,Month-to-month,Electronic check,Fiber optic,69.6,69.6,Yes,0.7456909051496127,High
7774-OJSXI,Male,0,No,No,31,One year,Electronic check,Fiber optic,103.45,3066.45,Yes,0.43276408903700997,Medium
7786-WBJYI,Female,0,No,No,4,Month-to-month,Bank transfer (automatic),Fiber optic,77.95,305.55,Yes,0.5413362049679771,Medium
0136-IFMYD,Male,1,Yes,No,69,Two year,Electronic check,Fiber optic,109.95,7634.25,No,0.12231651146553639,Low
5144-TVGLP,Male,1,No,No,38,Month-to-month,Electronic check,Fiber optic,94.75,3653.0,No,0.5706758831572438,Medium
9643-AVVWI,Female,0,Yes,Yes,3,Month-to-month,Electronic check,Fiber optic,80.0,241.3,No,0.5244279132950661,Medium
0253-ZTEOB,Female,0,Yes,Yes,48,Two year,Electronic check,DSL,79.65,3870.3,No,0.03537287154561416,Low
2706-QZIHY,Female,0,Yes,No,15,Two year,Mailed check,No,25.2,387.9,No,0.03636240633483193,Low
6061-PQHMK,Female,0,No,No,25,One year,Credit card (automatic),No,19.9,527.5,No,0.03426798124109072,Low
9885-CSMWE,Female,1,No,No,1,Month-to-month,Electronic check,Fiber optic,78.45,78.45,Yes,0.7130399417898001,High
6137-MFAJN,Female,0,No,No,48,Month-to-month,Electronic check,DSL,44.8,2104.55,No,0.14518624090642712,Low
9122-UMROB,Male,0,No,No,1,Month-to-month,Mailed check,No,20.3,20.3,No,0.19809004341300304,Low
4232-JGKIY,Male,0,No,No,1,Month-to-month,Electronic check,No,19.2,19.2,No,0.2601577061943768,Low
2402-TAIRZ,Female,0,No,No,37,One year,Electronic check,Fiber optic,80.05,3019.1,No,0.17154221849565715,Low
9659-ZTWSM,Male,1,Yes,No,66,One year,Bank transfer (automatic),Fiber optic,107.35,7051.95,No,0.17587024649321054,Low
9139-TWBAS,Female,0,Yes,No,26,One year,Bank transfer (automatic),DSL,47.85,1190.5,No,0.10415427895422318,Low
6685-GBWJZ,Male,0,Yes,No,63,One year,Credit card (automatic),DSL,70.8,4448.8,No,0.01288331176556336,Low
5016-ETTFF,Male,0,No,No,10,Month-to-month,Mailed check,DSL,29.5,255.25,Yes,0.375498856512331,Medium
3866-MDTUB,Female,0,No,No,2,Month-to-month,Electronic check,DSL,70.75,146.9,Yes,0.52022670897538,Medium
2195-VVRJF,Male,1,Yes,No,18,Month-to-month,Credit card (automatic),DSL,59.1,1011.05,No,0.27117640715821284,Low
3913-RDSJZ,Female,0,Yes,No,64,Two year,Mailed check,No,25.55,1714.95,No,0.0031681196221310473,Low
8058-JMEQO,Female,1,No,No,9,Month-to-month,Electronic check,Fiber optic,84.45,762.5,Yes,0.7789393049315703,High
4203-QGNZA,Female,0,No,Yes,28,Month-to-month,Mailed check,No,20.25,535.35,No,0.0490067520772562,Low
5043-TRZWM,Female,0,No,No,1,Month-to-month,Electronic check,Fiber optic,75.55,75.55,No,0.6164485867887439,Medium
0697-ZMSWS,Male,0,No,No,4,Month-to-month,Electronic check,Fiber optic,85.65,338.9,Yes,0.7678260866671456,High
7657-DYEPJ,Male,1,No,No,38,One year,Credit card (automatic),DSL,70.15,2497.35,Yes,0.07024376600305776,Low
9494-BDNNC,Male,0,Yes,No,66,One year,Electronic check,Fiber optic,95.3,6273.4,No,0.13760284939777764,Low
1640-PLFMP,Female,0,No,No,1,Month-to-month,Electronic check,Fiber optic,70.25,70.25,No,0.7047379527888994,High
5366-OBVMR,Female,0,Yes,No,18,Month-to-month,Mailed check,DSL,50.3,908.75,No,0.2066078439402665,Low
8276-MQBYC,Male,1,No,No,51,Month-to-month,Electronic check,Fiber optic,97.8,4913.3,Yes,0.5478998249945459,Medium
7644-OMVMY,Male,0,Yes,Yes,0,Two year,Mailed check,No,19.85,1397.475,No,0.07657453587101043,Low
7593-XFKDI,Male,0,No,No,1,Month-to-month,Mailed check,DSL,46.3,46.3,Yes,0.3542024976621837,Medium
4573-JKNAE,Male,0,No,Yes,12,Two year,Bank transfer (automatic),No,19.35,212.3,No,0.028697839124916844,Low
0337-CNPZE,Female,0,No,No,41,Month-to-month,Electronic check,Fiber optic,106.3,4443.45,Yes,0.574098189456977,Medium
9817-APLHW,Male,0,No,No,12,Month-to-month,Electronic check,No,25.0,316.2,No,0.2050797167722917,Low
8380-MQINP,Female,0,Yes,Yes,55,Two year,Mailed check,No,20.3,1079.05,No,0.0029603546799655766,Low
0840-DFEZH,Female,0,No,No,7,Month-to-month,Electronic check,Fiber optic,75.35,564.65,No,0.7136610462401755,High
1513-XNPPH,Female,0,No,No,12,Month-to-month,Electronic check,Fiber optic,89.4,1095.65,Yes,0.5759409845013423,Medium
8690-ZVLCL,Female,0,Yes,Yes,68,Two year,Credit card (automatic),DSL,88.0,6161.9,No,0.00977801720234574,Low
6015-VVHHE,Female,1,No,No,5,Month-to-month,Credit card (automatic),Fiber optic,83.15,446.05,Yes,0.7282323266539221,High
1125-SNVCK,Female,1,No,No,49,Month-to-month,Mailed check,DSL,43.8,2106.05,No,0.07098664213788027,Low
0384-LPITE,Male,0,No,No,40,One year,Credit card (automatic),DSL,62.05,2511.55,No,0.0801808146074166,Low
4616-EWBNJ,Female,0,No,No,16,One year,Bank transfer (automatic),No,20.1,318.6,No,0.058230995875906334,Low
6347-DCUIK,Male,0,No,No,10,Month-to-month,Mailed check,Fiber optic,74.15,811.8,Yes,0.6032116843198194,Medium
1335-HQMKX,Female,0,Yes,No,72,One year,Electronic check,Fiber optic,101.35,7323.15,No,0.20859712720366183,Low
2545-EBUPK,Female,1,No,No,2,Month-to-month,Electronic check,Fiber optic,84.05,186.05,No,0.8156022755779997,High
6923-AQONU,Male,0,Yes,Yes,23,Two year,Mailed check,No,20.9,454.0,No,0.015630659025701064,Low
2172-EJXVF,Female,1,No,No,71,One year,Electronic check,Fiber optic,105.9,7521.95,No,0.27608581394591675,Low
0897-FEGMU,Female,0,Yes,No,11,Month-to-month,Electronic check,Fiber optic,99.5,1056.95,Yes,0.7611619492791102,High
7663-RGWBC,Male,0,No,No,1,Month-to-month,Mailed check,DSL,44.15,44.15,Yes,0.4320511775008878,Medium
1120-BMWUB,Female,0,No,No,16,Month-to-month,Mailed check,DSL,53.9,834.15,Yes,0.191365202943236,Low
9124-LHCJQ,Female,0,No,No,1,Month-to-month,Mailed check,Fiber optic,85.45,85.45,Yes,0.7214332382793545,High
4536-PLEQY,Male,0,Yes,No,12,Month-to-month,Credit card (automatic),Fiber optic,85.05,999.8,No,0.5314234985664232,Medium
7029-IJEJK,Female,0,No,No,54,One year,Bank transfer (automatic),DSL,44.1,2369.7,No,0.027648564456882442,Low
8871-JLMHM,Female,0,Yes,No,68,Two year,Credit card (automatic),Fiber optic,90.2,6297.65,No,0.025533782966823255,Low
2235-ZGKPT,Female,0,Yes,Yes,4,Month-to-month,Mailed check,DSL,50.85,239.55,Yes,0.3518156087645219,Medium
3891-PUQOD,Female,0,No,Yes,1,Month-to-month,Electronic check,DSL,59.2,59.2,Yes,0.4401241142789724,Medium
5447-VYTKW,Male,0,No,No,27,Month-to-month,Mailed check,DSL,53.45,1461.45,No,0.07650312784043298,Low
3623-FQBOX,Male,0,No,No,21,Month-to-month,Mailed check,No,19.95,416.4,No,0.10784361259783862,Low
0689-NKYLF,Male,0,No,No,13,Month-to-month,Electronic check,Fiber optic,83.2,1060.6,Yes,0.6383275442660934,Medium
8659-HDIYE,Female,1,No,No,64,Month-to-month,Credit card (automatic),DSL,74.65,4869.35,No,0.05916943728414776,Low
3658-KIBGF,Female,0,No,No,1,Month-to-month,Electronic check,DSL,54.9,54.9,Yes,0.38766583495223356,Medium
3474-BAFSJ,Male,0,Yes,No,57,Two year,Bank transfer (automatic),DSL,57.5,3265.95,No,0.028258127208342854,Low
5519-YLDGW,Female,0,Yes,No,21,Month-to-month,Electronic check,Fiber optic,103.9,2254.2,Yes,0.6320713587689677,Medium
3865-ZFZIB,Male,0,No,No,19,Two year,Mailed check,No,19.65,358.15,No,0.022026887253418455,Low
1855-AGAWH,Male,0,Yes,No,31,One year,Electronic check,Fiber optic,93.8,2939.8,No,0.40868000492139445,Medium
7109-CQYUZ,Male,0,No,No,52,Two year,Mailed check,DSL,89.25,4652.4,No,0.02559667394784397,Low
1370-GGAWX,Female,0,No,No,46,One year,Electronic check,Fiber optic,94.15,4408.45,No,0.29133459533220596,Low
4680-KUTAJ,Female,1,No,No,11,Month-to-month,Electronic check,DSL,55.6,580.8,No,0.4383690443319991,Medium
5307-UVGNB,Female,0,Yes,Yes,53,Month-to-month,Bank transfer (automatic),DSL,48.7,2495.2,No,0.07937420953275601,Low
4946-EDSEW,Female,0,Yes,Yes,11,Month-to-month,Mailed check,No,19.25,180.3,Yes,0.15021173833204252,Low
2883-ILGWO,Male,1,No,No,57,Month-to-month,Bank transfer (automatic),Fiber optic,104.9,5913.95,No,0.3484687500749087,Medium
2516-VQRRV,Female,1,No,No,2,Month-to-month,Mailed check,Fiber optic,75.45,158.4,Yes,0.716945753801391,High
7580-UGXNC,Female,1,No,No,2,Month-to-month,Mailed check,DSL,54.85,104.2,Yes,0.26935258860816585,Low
3642-BYHDO,Female,0,Yes,Yes,71,Two year,Bank transfer (automatic),No,19.9,1389.35,No,0.001346659762172613,Low
9629-NHXFW,Female,0,Yes,Yes,1,Month-to-month,Mailed check,No,19.4,19.4,No,0.23305558326566497,Low
2696-RZVZW,Male,0,Yes,No,68,Two year,Credit card (automatic),No,25.05,1629.2,No,0.0023102207837631308,Low
5766-FTRTS,Male,0,Yes,No,72,Two year,Mailed check,DSL,84.45,6033.1,No,0.006929513252334221,Low
0396-HUJBP,Female,0,No,No,2,Month-to-month,Mailed check,No,19.3,44.4,No,0.19230203402369217,Low
5178-LMXOP,Male,1,Yes,No,1,Month-to-month,Electronic check,Fiber optic,95.1,95.1,Yes,0.8444736301206877,High
8879-ZKJOF,Female,0,No,No,41,One year,Bank transfer (automatic),DSL,79.85,3320.75,No,0.06723172358790776,Low
6285-FTQBF,Male,0,Yes,Yes,72,Two year,Credit card (automatic),No,25.55,1867.7,No,0.001691074164812907,Low
8185-UPYBR,Male,0,Yes,No,6,Month-to-month,Electronic check,Fiber optic,75.5,438.0,Yes,0.7135342614630898,High
4585-HETAI,Female,0,Yes,Yes,4,Month-to-month,Electronic check,Fiber optic,73.75,325.45,Yes,0.6349563246741027,Medium
7526-BEZQB,Male,0,No,No,12,Month-to-month,Electronic check,Fiber optic,96.05,1148.1,Yes,0.7632414636352044,High
1474-JUWSM,Female,0,Yes,No,58,One year,Electronic check,DSL,68.4,3972.25,No,0.04606034144320593,Low
3530-CRZSB,Female,0,No,No,7,Month-to-month,Mailed check,No,20.65,155.9,No,0.15652734685300845,Low
8498-XXGWA,Female,0,Yes,No,65,Month-to-month,Mailed check,DSL,55.15,3673.15,No,0.034619476327977336,Low
9617-INGJY,Male,0,No,No,1,Month-to-month,Mailed check,Fiber optic,70.6,70.6,No,0.6194947257023755,Medium
0621-TSSMU,Male,0,Yes,No,56,One year,Credit card (automatic),No,19.95,1126.75,No,0.006674929585204952,Low
7234-KMNRQ,Male,0,No,No,4,Month-to-month,Mailed check,No,19.0,73.45,No,0.17226118267986468,Low
7636-PEPNS,Female,0,Yes,Yes,58,One year,Mailed check,DSL,44.1,2413.05,No,0.02414576718073286,Low
4683-WYDOU,Male,0,Yes,No,62,Two year,Bank transfer (automatic),Fiber optic,107.6,6912.7,No,0.10911880919778741,Low
9052-DHNKM,Male,0,No,No,26,One year,Electronic check,DSL,61.55,1581.95,No,0.0961370879144608,Low
6794-HKIAJ,Male,0,No,No,62,Month-to-month,Bank transfer (automatic),Fiber optic,90.7,5586.45,No,0.11493318553527065,Low
5578-NKCXI,Female,0,Yes,Yes,58,One year,Credit card (automatic),Fiber optic,99.25,5846.65,No,0.0809559891142173,Low
1642-HMARX,Female,0,Yes,No,68,Two year,Electronic check,DSL,91.7,6424.7,No,0.0262479070365664,Low
3096-WPXBT,Female,0,Yes,Yes,61,One year,Credit card (automatic),Fiber optic,100.7,6018.65,No,0.10017989212709714,Low
8434-PNQZX,Female,0,No,No,42,Two year,Credit card (automatic),DSL,78.45,3373.4,No,0.05288814616326402,Low
5950-AAAGJ,Male,0,No,No,18,Month-to-month,Bank transfer (automatic),Fiber optic,84.3,1537.9,No,0.5202848975756973,Medium
4299-OPXEJ,Female,0,No,No,56,Two year,Bank transfer (automatic),No,19.55,1080.55,No,0.0048547895407416095,Low
4951-UKAAQ,Female,0,No,No,4,Month-to-month,Electronic check,Fiber optic,88.95,355.2,Yes,0.7376381840026446,High
9618-LFJRU,Female,0,No,No,4,Month-to-month,Credit card (automatic),No,20.45,82.85,No,0.17405079357575262,Low
6693-DJWTY,Female,0,No,Yes,35,One year,Credit card (automatic),DSL,55.6,2016.45,No,0.03216376004014488,Low
0744-GKNGE,Female,0,Yes,Yes,64,Month-to-month,Bank transfer (automatic),Fiber optic,86.8,5327.25,No,0.1030358152037368,Low
6447-EGDIV,Female,0,No,No,31,One year,Mailed check,No,20.95,683.25,No,0.026341208817755018,Low
1167-OYZJF,Female,1,Yes,No,67,Two year,Bank transfer (automatic),No,20.05,1263.05,No,0.0033415693495172302,Low
2108-YKQTY,Female,0,No,No,4,Month-to-month,Credit card (automatic),DSL,50.7,151.3,Yes,0.2832046179933021,Low
4806-DXQCE,Female,1,Yes,No,70,Two year,Electronic check,Fiber optic,113.65,7714.65,No,0.0835873213003458,Low
4918-QLLIW,Male,0,No,No,3,Month-to-month,Credit card (automatic),DSL,53.4,188.7,Yes,0.36903167512937063,Medium
7056-IMHCC,Male,1,Yes,No,53,Month-to-month,Electronic check,Fiber optic,101.9,5549.4,Yes,0.5474394859215552,Medium
4854-SSLTN,Male,0,Yes,Yes,2,Two year,Mailed check,DSL,59.5,130.5,No,0.039599108541888924,Low
5294-DMSFH,Female,0,Yes,Yes,29,Month-to-month,Credit card (automatic),Fiber optic,87.8,2621.75,No,0.46204874907577004,Medium
4837-PZTIC,Female,0,No,No,47,Two year,Mailed check,DSL,41.9,1875.25,No,0.012742524247325332,Low
1625-JAIIY,Female,0,Yes,Yes,68,One year,Electronic check,Fiber optic,83.0,5685.8,Yes,0.15086760629226,Low
0603-OLQDC,Male,0,No,Yes,12,Month-to-month,Mailed check,DSL,69.85,837.5,No,0.30154754772287395,Medium
3272-VUHPV,Female,0,Yes,Yes,8,Month-to-month,Bank transfer (automatic),DSL,56.3,401.5,No,0.17903208796507708,Low
4176-FXYBO,Male,0,Yes,No,54,Month-to-month,Electronic check,Fiber optic,109.55,6118.95,No,0.3272824259551878,Medium
1063-DHQJF,Male,0,Yes,Yes,69,Two year,Mailed check,Fiber optic,92.15,6480.9,No,0.031263877512124685,Low
8663-UPDGF,Female,0,No,No,26,Month-to-month,Bank transfer (automatic),DSL,69.5,1800.05,No,0.22135883383242416,Low
6719-FGEDO,Female,0,Yes,No,72,Two year,Bank transfer (automatic),Fiber optic,97.0,7104.2,No,0.027225392065518404,Low
1837-YQUCE,Female,0,No,No,70,Two year,Bank transfer (automatic),DSL,58.35,4214.25,No,0.014725247480553065,Low
2947-DOMLJ,Male,0,No,Yes,1,Month-to-month,Mailed check,DSL,50.6,50.6,Yes,0.23802246026887364,Low
4112-LUEIZ,Male,0,No,No,10,Month-to-month,Electronic check,Fiber optic,89.5,863.1,Yes,0.7201476728225698,High
0369-ZGOVK,Female,0,Yes,Yes,28,One year,Bank transfer (automatic),Fiber optic,70.4,1992.2,No,0.2236485662730946,Low
4510-HIMLV,Male,0,No,No,1,Month-to-month,Electronic check,Fiber optic,69.8,69.8,Yes,0.6991213228414465,Medium
9919-KNPOO,Female,0,Yes,No,21,Month-to-month,Electronic check,Fiber optic,94.3,1948.35,No,0.7116645838438338,High
8749-JMNKX,Male,1,Yes,No,51,Month-to-month,Bank transfer (automatic),Fiber optic,93.8,4750.95,Yes,0.32089415478830835,Medium
7872-BAAZR,Female,0,Yes,Yes,53,One year,Bank transfer (automatic),No,19.55,1007.9,No,0.007305590821483265,Low
9391-LMANN,Male,0,No,Yes,53,One year,Electronic check,Fiber optic,95.95,5036.9,No,0.0948989753427819,Low
2430-USGXP,Male,0,Yes,No,24,Month-to-month,Electronic check,Fiber optic,101.05,2391.8,Yes,0.69099763348585,Medium
8174-TBVCF,Female,0,Yes,No,70,Two year,Credit card (automatic),DSL,94.8,6859.05,No,0.018780952935352962,Low
1698-XFZCI,Male,0,No,No,61,One year,Electronic check,Fiber optic,107.75,6521.9,No,0.20526443888709936,Low
1877-HKBQX,Female,0,No,No,11,One year,Mailed check,DSL,54.6,617.85,No,0.10810892358725234,Low
4450-DLLMH,Male,0,No,No,2,Month-to-month,Credit card (automatic),Fiber optic,71.3,157.75,No,0.6073754595088183,Medium
0428-AXXLJ,Male,0,No,No,25,One year,Bank transfer (automatic),No,19.5,516.3,No,0.050437164598806074,Low
2746-DIJLO,Female,0,No,No,41,One year,Credit card (automatic),DSL,56.3,2364.0,No,0.07595779337567145,Low
5955-ERIHD,Male,0,Yes,No,18,Month-to-month,Electronic check,Fiber optic,94.7,1687.95,Yes,0.7267989331755653,High
0917-EZOLA,Male,1,Yes,No,72,Two year,Bank transfer (automatic),Fiber optic,104.15,7689.95,Yes,0.11288977768816068,Low
3508-VLHCZ,Female,0,Yes,Yes,71,Two year,Credit card (automatic),DSL,90.55,6239.05,No,0.01208171203602388,Low
4086-ATNFV,Female,0,Yes,Yes,34,One year,Mailed check,DSL,60.8,2042.05,No,0.04671885426132375,Low
0468-YRPXN,Male,0,No,No,29,Month-to-month,Credit card (automatic),Fiber optic,98.8,2807.1,No,0.4051515674515218,Medium
5996-NRVXR,Male,1,Yes,No,40,One year,Credit card (automatic),Fiber optic,98.15,4116.8,No,0.13447870196054076,Low
3739-YBWAB,Male,0,Yes,No,36,One year,Mailed check,DSL,35.35,1317.95,No,0.05853331402133002,Low
7047-FWEYA,Female,0,Yes,No,46,One year,Electronic check,Fiber optic,103.15,4594.65,No,0.27469309419166676,Low
2000-MPKCA,Female,0,No,No,58,One year,Electronic check,Fiber optic,107.75,6332.75,No,0.22909111263248447,Low
9762-YAQAA,Male,0,No,No,39,One year,Credit card (automatic),Fiber optic,81.4,3213.75,No,0.14970106215824058,Low
5949-EBSQK,Male,0,Yes,Yes,4,Month-to-month,Credit card (automatic),DSL,61.45,229.55,Yes,0.25422521853690755,Low
5473-KHBPS,Female,0,Yes,Yes,52,One year,Credit card (automatic),Fiber optic,95.7,4976.15,No,0.1675635721175666,Low
0100-DUVFC,Male,1,Yes,No,70,One year,Electronic check,Fiber optic,104.8,7308.95,No,0.2684565050230642,Low
5397-TUPSH,Male,1,Yes,No,65,One year,Bank transfer (automatic),Fiber optic,70.95,4555.2,No,0.09373457778145006,Low
8950-MTZNV,Male,0,No,No,1,Month-to-month,Mailed check,DSL,44.95,44.95,No,0.4337450608756821,Medium
0326-VDYXE,Female,0,Yes,No,70,One year,Electronic check,Fiber optic,97.65,6982.5,No,0.24298915718682676,Low
6773-LQTVT,Female,1,Yes,Yes,29,Month-to-month,Mailed check,DSL,35.65,1025.15,No,0.24444994989209282,Low
7274-RTAPZ,Male,0,No,No,1,Month-to-month,Electronic check,Fiber optic,90.55,90.55,Yes,0.7756467707177463,High
0436-TWFFZ,Female,0,No,No,67,Two year,Mailed check,DSL,85.25,5714.2,No,0.018320879702402672,Low
8566-YPRGL,Female,0,No,No,1,Month-to-month,Mailed check,No,19.5,19.5,No,0.2618187734489368,Low
0311-UNPFF,Female,0,No,No,26,Month-to-month,Bank transfer (automatic),Fiber optic,88.8,2274.35,Yes,0.5410127566163887,Medium
6609-MXJHJ,Female,0,Yes,Yes,30,Two year,Mailed check,No,25.1,789.55,No,0.02087489872974293,Low
2669-OIDSD,Female,0,Yes,No,48,Month-to-month,Credit card (automatic),Fiber optic,100.05,4834.0,No,0.3042200337971005,Medium
8400-WZICQ,Female,0,Yes,Yes,55,Month-to-month,Electronic check,DSL,55.7,3131.8,No,0.04047990644410906,Low
3834-XUIFC,Male,0,No,No,7,Month-to-month,Mailed check,Fiber optic,85.2,602.55,Yes,0.676155480289542,Medium
9576-SYUHJ,Male,0,No,No,37,Month-to-month,Electronic check,Fiber optic,91.15,3369.25,No,0.44995212079004737,Medium
0410-IPFTY,Female,0,Yes,No,31,Month-to-month,Bank transfer (automatic),Fiber optic,83.85,2674.15,No,0.4098240121959262,Medium
2831-EBWRN,Male,0,No,No,4,Month-to-month,Electronic check,DSL,45.9,199.75,No,0.4939202899871768,Medium
9430-NKQLY,Male,0,Yes,Yes,72,Two year,Credit card (automatic),No,25.1,1790.8,No,0.0023214085904808444,Low
8414-MYSHR,Male,1,No,No,5,Month-to-month,Electronic check,Fiber optic,91.4,449.75,Yes,0.7919346470978884,High
0247-SLUJI,Male,0,Yes,Yes,1,Month-to-month,Mailed check,No,19.7,19.7,No,0.1740505830142333,Low
9402-ORRAH,Female,1,No,No,15,Month-to-month,Electronic check,Fiber optic,91.5,1400.3,No,0.7448585905947661,High
6483-OATDN,Male,0,Yes,Yes,8,Month-to-month,Credit card (automatic),DSL,51.3,411.6,No,0.24331463514183801,Low
1293-HHSHJ,Female,0,No,No,35,One year,Mailed check,No,21.1,741.0,No,0.021310615663558453,Low
4840-ORQXB,Female,1,No,No,56,Month-to-month,Electronic check,Fiber optic,104.75,5841.35,No,0.427755504298161,Medium
7599-FKVXZ,Male,0,Yes,No,42,Month-to-month,Bank transfer (automatic),Fiber optic,106.15,4512.7,Yes,0.43518406601731235,Medium
3982-DQLUS,Male,1,Yes,Yes,65,Month-to-month,Electronic check,Fiber optic,85.75,5688.45,No,0.19339331589436695,Low
8610-ZIKJJ,Female,0,Yes,Yes,2,One year,Mailed check,No,20.3,31.9,No,0.09446581430691063,Low
3756-VNWDH,Male,1,Yes,No,65,One year,Electronic check,Fiber optic,100.75,6674.65,No,0.254861671915941,Low
7801-KICAO,Female,0,No,No,18,Month-to-month,Electronic check,Fiber optic,74.15,1345.75,No,0.6227099577760035,Medium
7673-LPRNY,Female,0,No,No,23,One year,Electronic check,DSL,78.55,1843.05,No,0.24424528728471515,Low
8229-TNIQA,Female,0,No,No,4,Month-to-month,Mailed check,DSL,45.3,196.95,Yes,0.4085787167393583,Medium
6060-QBMGV,Male,0,Yes,No,70,Two year,Credit card (automatic),No,19.85,1433.8,No,0.001515627045899339,Low
7339-POGZN,Female,0,No,No,4,Month-to-month,Electronic check,DSL,50.7,214.55,No,0.4740419024488816,Medium
2828-SLQPF,Male,0,No,No,19,Month-to-month,Bank transfer (automatic),DSL,45.0,865.85,No,0.26739536011980447,Low
4465-VDKIQ,Female,0,No,No,18,Month-to-month,Electronic check,Fiber optic,77.8,1358.6,No,0.4201570106090317,Medium
2921-XWDJH,Female,1,Yes,No,38,Month-to-month,Electronic check,Fiber optic,83.45,3147.15,No,0.4144015902983683,Medium
6221-AVQYL,Male,0,No,No,2,Month-to-month,Credit card (automatic),Fiber optic,73.25,131.05,Yes,0.6553195562869502,Medium
2558-BUOZZ,Male,0,No,No,47,One year,Bank transfer (automatic),Fiber optic,94.8,4535.85,No,0.126678582063539,Low
9257-AZMTZ,Female,0,Yes,Yes,52,Two year,Bank transfer (automatic),No,20.1,1078.75,No,0.003752339260488804,Low
0003-MKNFE,Male,0,No,No,9,Month-to-month,Mailed check,DSL,59.9,542.4,No,0.379905806853353,Medium
0975-UYDTX,Female,0,Yes,No,26,One year,Credit card (automatic),DSL,90.1,2312.55,No,0.1107594278656016,Low
7743-EXURX,Male,0,Yes,Yes,8,Month-to-month,Electronic check,DSL,51.05,415.05,Yes,0.40157003153188114,Medium
4682-BLBUC,Male,0,Yes,No,44,One year,Electronic check,DSL,70.95,3250.45,No,0.07498304407987985,Low
0975-VOOVL,Female,0,No,No,3,Month-to-month,Mailed check,DSL,29.2,98.5,No,0.4387338780822552,Medium
5968-VXZLG,Male,0,No,No,2,Month-to-month,Bank transfer (automatic),DSL,46.6,87.9,No,0.44119764985149024,Medium
5569-KGJHX,Female,0,Yes,Yes,9,Month-to-month,Bank transfer (automatic),Fiber optic,85.35,754.65,Yes,0.6428962298635567,Medium
4988-IQIGL,Male,1,No,No,1,Month-to-month,Electronic check,Fiber optic,75.35,75.35,Yes,0.785987696671066,High
5201-FRKKS,Male,0,No,No,25,Month-to-month,Bank transfer (automatic),Fiber optic,74.3,1952.25,No,0.26298901917938305,Low
9799-CAYJJ,Female,1,Yes,No,2,Month-to-month,Electronic check,Fiber optic,69.3,153.8,No,0.7394600238893565,High
7730-IUTDZ,Male,0,No,No,43,Month-to-month,Electronic check,Fiber optic,75.2,3198.6,Yes,0.2601703245574508,Low
0426-TIRNE,Female,0,No,No,1,Month-to-month,Mailed check,No,20.9,20.9,Yes,0.20259798441493443,Low
5443-SCMKX,Female,0,Yes,No,58,One year,Electronic check,Fiber optic,94.3,5610.15,No,0.22920237774728988,Low
8295-KMENE,Female,0,Yes,Yes,59,Two year,Mailed check,DSL,76.45,4519.5,No,0.014347139180263715,Low
6738-ISCBM,Male,0,No,No,44,One year,Electronic check,DSL,54.0,2440.25,No,0.14009665729462684,Low
9821-BESNZ,Male,0,No,No,66,One year,Electronic check,Fiber optic,104.25,6860.6,No,0.1901698991726838,Low
3678-MNGZX,Male,0,Yes,Yes,68,Two year,Bank transfer (automatic),No,19.95,1377.7,No,0.0015662582919972142,Low
1335-NTIUC,Male,0,No,No,9,Month-to-month,Electronic check,DSL,24.95,190.25,No,0.5734085815893462,Medium
2916-BQZLN,Male,0,No,No,19,Month-to-month,Electronic check,Fiber optic,84.75,1651.95,No,0.5162368521381889,Medium
4558-CGYCZ,Male,0,No,No,4,Month-to-month,Mailed check,No,19.75,78.3,No,0.17337254933727256,Low
2368-GAKKQ,Female,0,No,No,70,Two year,Bank transfer (automatic),Fiber optic,113.65,7939.25,No,0.0553451140090652,Low
8710-YGLWG,Male,0,No,No,1,Month-to-month,Mailed check,DSL,44.9,44.9,No,0.43363914737545933,Medium
3199-XGZCY,Female,0,No,No,8,Month-to-month,Electronic check,Fiber optic,75.25,576.7,No,0.7020457551206842,High
3785-KTYSH,Male,0,No,No,53,Two year,Mailed check,No,24.6,1279.0,No,0.005104961865249766,Low
6814-ZPWFQ,Male,1,No,No,51,One year,Bank transfer (automatic),No,25.0,1260.7,No,0.015876112495422093,Low
4063-EIKNQ,Male,0,Yes,Yes,11,Month-to-month,Bank transfer (automatic),No,20.95,267.35,No,0.11944966151885748,Low
6993-YCOBK,Male,0,Yes,Yes,60,Two year,Electronic check,Fiber optic,110.6,6586.85,No,0.08629240002219496,Low
5206-HPJKM,Male,0,No,No,17,Month-to-month,Credit card (automatic),DSL,55.5,934.15,No,0.17798346082270042,Low
7587-RZNME,Male,0,No,No,3,Month-to-month,Electronic check,DSL,43.3,123.65,Yes,0.4972564335565249,Medium
0748-RDGGM,Male,0,Yes,No,70,One year,Bank transfer (automatic),Fiber optic,109.5,7534.65,Yes,0.07844611286498253,Low
8393-JMVMB,Male,0,No,No,1,Month-to-month,Mailed check,No,19.45,19.45,No,0.1969280805317263,Low
5019-GQVCR,Male,1,No,No,43,Month-to-month,Electronic check,Fiber optic,84.85,3645.6,No,0.5337420143042472,Medium
6036-TTFYU,Female,0,Yes,No,16,Month-to-month,Mailed check,No,19.6,314.45,No,0.10221178875029295,Low
2550-AEVRU,Female,0,Yes,Yes,57,One year,Electronic check,DSL,53.45,3053.0,No,0.017923975642077428,Low
0969-RGKCU,Male,0,Yes,Yes,37,One year,Credit card (automatic),No,19.8,677.05,No,0.01508666256613896,Low
0378-CJKPV,Female,0,Yes,No,72,Two year,Credit card (automatic),Fiber optic,112.1,7965.95,No,0.03257912669600353,Low
4706-AXVKM,Female,1,No,No,11,Month-to-month,Credit card (automatic),Fiber optic,84.8,906.85,Yes,0.6903814522977534,Medium
5889-JTMUL,Female,1,Yes,No,50,Month-to-month,Electronic check,Fiber optic,95.05,4888.7,Yes,0.4783590273643058,Medium
9026-RNUJS,Male,1,No,No,5,Month-to-month,Electronic check,DSL,50.35,237.25,Yes,0.4342916372230734,Medium
3746-EUBYR,Male,0,Yes,No,1,Month-to-month,Bank transfer (automatic),Fiber optic,74.6,74.6,Yes,0.6867048862861705,Medium
2332-EFBJY,Male,0,No,No,16,Month-to-month,Mailed check,No,19.7,342.4,Yes,0.13673199357953467,Low
2880-FPNAE,Male,1,Yes,No,2,Month-to-month,Electronic check,Fiber optic,74.2,140.1,No,0.7233293602788321,High
1703-MGIAB,Female,0,No,No,17,Month-to-month,Mailed check,DSL,69.0,1108.0,No,0.29671627336826306,Low
4311-QTTAI,Female,0,No,No,16,One year,Credit card (automatic),No,19.35,295.55,No,0.05292531086997262,Low
9474-PHLYD,Female,0,No,No,15,Month-to-month,Electronic check,DSL,59.45,892.65,Yes,0.4255625825273609,Medium
4318-RAJVY,Female,0,No,No,10,One year,Mailed check,No,19.8,198.25,No,0.10106110652711257,Low
2165-VOEGB,Female,0,No,Yes,46,One year,Bank transfer (automatic),Fiber optic,105.2,4822.85,Yes,0.12104636180503818,Low
3612-YUNGG,Male,0,Yes,Yes,64,Two year,Credit card (automatic),Fiber optic,109.2,6741.15,No,0.061746783086244296,Low
2254-DLXRI,Female,0,No,No,1,Month-to-month,Mailed check,Fiber optic,79.15,79.15,No,0.6375427587063911,Medium
5062-CJJKH,Male,0,Yes,Yes,25,One year,Mailed check,DSL,53.65,1355.45,No,0.06381484627480968,Low
9028-LIHRP,Male,0,Yes,Yes,71,Two year,Credit card (automatic),Fiber optic,100.2,7209.0,No,0.015310035473764734,Low
2219-MVUSO,Male,0,No,No,8,Month-to-month,Mailed check,DSL,45.15,438.4,Yes,0.3649664553817001,Medium
1053-MXTTK,Female,0,Yes,Yes,72,Two year,Bank transfer (automatic),Fiber optic,108.65,7726.35,No,0.03176247020487587,Low
1530-ZTDOZ,Female,0,Yes,No,49,Month-to-month,Bank transfer (automatic),DSL,40.65,2070.75,No,0.09084851519511919,Low
1301-LOPVR,Male,0,Yes,Yes,29,One year,Credit card (automatic),DSL,55.35,1636.95,No,0.07924882723194047,Low
0853-TWRVK,Male,0,Yes,No,72,Two year,Bank transfer (automatic),Fiber optic,105.6,7581.5,No,0.026427586443400118,Low
8914-RBTSB,Male,0,Yes,No,31,Month-to-month,Electronic check,Fiber optic,93.8,3019.5,Yes,0.4630743250826977,Medium
6212-ATMLK,Female,0,No,No,50,Month-to-month,Electronic check,Fiber optic,95.7,4729.75,No,0.5206191442964443,Medium
8200-LGKSR,Male,0,Yes,No,71,Two year,Electronic check,DSL,83.2,6126.1,No,0.016181920778275308,Low
1568-BEKZM,Male,1,Yes,No,70,Two year,Credit card (automatic),DSL,90.05,6333.4,No,0.013124457435452812,Low
0670-ANMUU,Male,0,No,No,71,One year,Credit card (automatic),Fiber optic,97.65,6687.85,No,0.05125473608096478,Low
6897-RWMUB,Male,0,Yes,Yes,61,Two year,Bank transfer (automatic),DSL,68.05,4158.25,No,0.006600119246402248,Low
0963-ZBDRN,Male,0,No,No,32,Month-to-month,Electronic check,Fiber optic,96.2,3183.4,Yes,0.5050717133524499,Medium
7594-RQHXR,Female,0,No,Yes,1,Month-to-month,Electronic check,Fiber optic,79.6,79.6,Yes,0.7128417542171352,High
6999-CHVCF,Male,0,No,No,68,Two year,Bank transfer (automatic),Fiber optic,102.1,7149.35,No,0.05866173478862035,Low
6134-KWTBV,Male,0,No,No,62,Two year,Bank transfer (automatic),No,23.4,1429.65,No,0.003318382073231999,Low
1077-HUUJM,Female,0,No,Yes,7,Month-to-month,Electronic check,Fiber optic,71.05,472.65,No,0.6209771632538572,Medium
6331-EWIEB,Male,0,No,No,20,Month-to-month,Electronic check,Fiber optic,85.25,1734.5,Yes,0.6636358784288179,Medium
0895-LNKRC,Male,0,Yes,Yes,6,One year,Mailed check,No,19.45,113.5,No,0.07578503391004696,Low
2045-BMBTJ,Female,1,No,No,33,Month-to-month,Bank transfer (automatic),DSL,59.45,1884.65,No,0.2883272043514286,Low
8417-GSODA,Male,0,Yes,Yes,28,One year,Bank transfer (automatic),Fiber optic,92.2,2568.15,No,0.303279292881644,Medium
5171-EPLKN,Male,0,No,No,27,Two year,Credit card (automatic),No,19.85,470.0,No,0.013996127530025397,Low
4452-QIIEB,Male,0,No,No,7,Month-to-month,Mailed check,DSL,43.9,278.4,No,0.28869930171776803,Low
5998-VVEJY,Male,0,No,No,26,Month-to-month,Electronic check,Fiber optic,80.5,2088.8,Yes,0.4691504644933184,Medium
1624-NALOJ,Male,1,No,No,5,Month-to-month,Electronic check,Fiber optic,89.8,502.6,Yes,0.7715346090496956,High
6741-EGCBI,Male,1,No,No,30,Month-to-month,Credit card (automatic),Fiber optic,90.5,2595.85,No,0.4491246626514542,Medium
7820-ZYGNY,Male,0,No,No,63,One year,Credit card (automatic),Fiber optic,90.45,5825.5,No,0.10568244972324388,Low
4317-VTEOA,Male,0,No,No,1,Month-to-month,Electronic check,DSL,50.75,50.75,Yes,0.4820413661705554,Medium
9677-AVKED,Female,0,No,Yes,53,One year,Electronic check,DSL,84.6,4449.75,No,0.08533630543462893,Low
1670-SVOWZ,Female,0,Yes,Yes,14,Month-to-month,Credit card (automatic),Fiber optic,89.65,1208.35,Yes,0.39209260612788743,Medium
2227-JRSJX,Female,0,No,No,21,Month-to-month,Bank transfer (automatic),Fiber optic,99.15,1956.4,No,0.4525138922144916,Medium
9847-HNVGP,Male,0,No,No,17,One year,Mailed check,No,19.95,310.6,No,0.050624861391383016,Low
6696-YDAYZ,Male,0,Yes,Yes,16,Two year,Mailed check,No,20.5,290.55,No,0.022228831450928303,Low
8980-WQFWL,Female,0,No,No,35,Month-to-month,Electronic check,DSL,62.1,2096.1,No,0.25383395672057274,Low
1730-ZMAME,Female,1,No,No,32,Month-to-month,Electronic check,Fiber optic,79.5,2665.0,No,0.5657849914844342,Medium
6506-EYCNH,Female,0,Yes,Yes,28,Month-to-month,Bank transfer (automatic),No,19.55,543.8,No,0.07184673053508972,Low
4634-JLRJT,Female,0,No,No,1,Month-to-month,Mailed check,No,20.35,20.35,No,0.2632381150609338,Low
9501-UKKNL,Male,0,No,No,59,Month-to-month,Electronic check,DSL,51.7,3005.8,No,0.14886695048400508,Low
2560-QTSBS,Female,0,Yes,Yes,72,One year,Bank transfer (automatic),No,23.3,1623.15,No,0.005143265665735119,Low
7541-YLXCL,Male,0,No,No,36,One year,Mailed check,DSL,65.4,2498.4,Yes,0.07022277034847114,Low
4795-WRNVT,Female,0,No,No,40,Month-to-month,Mailed check,DSL,65.1,2586.0,No,0.07735925772058391,Low
6080-TCMYC,Male,0,Yes,Yes,40,Month-to-month,Electronic check,Fiber optic,81.2,3292.3,No,0.4026219958155368,Medium
0260-ZDLGK,Female,0,No,Yes,9,Month-to-month,Mailed check,DSL,72.9,651.4,Yes,0.32246336329896375,Medium
7860-UXCRM,Male,0,Yes,Yes,63,Two year,Credit card (automatic),DSL,74.5,4674.55,No,0.005252095979087819,Low
6357-JJPQT,Female,0,No,No,3,Month-to-month,Electronic check,Fiber optic,80.5,232.35,No,0.7295121776602691,High
2292-XQWSV,Male,0,Yes,Yes,40,One year,Mailed check,DSL,60.3,2448.5,No,0.07067630053933144,Low
9552-TGUZV,Male,0,Yes,No,8,Month-to-month,Mailed check,Fiber optic,75.0,658.1,No,0.46382419381375445,Medium
5913-INRQV,Male,1,Yes,No,34,One year,Mailed check,Fiber optic,90.15,3128.8,No,0.13070517575027155,Low
8722-NGNBH,Male,0,No,No,5,Month-to-month,Mailed check,DSL,40.0,223.45,Yes,0.2694606962382038,Low
6210-KBBPI,Male,1,No,No,9,Month-to-month,Credit card (automatic),Fiber optic,99.45,919.4,Yes,0.7127642112054676,High
9643-YBLUR,Male,0,Yes,No,9,Month-to-month,Credit card (automatic),DSL,69.05,653.95,No,0.4086854065728758,Medium
8734-FNWVH,Male,0,Yes,Yes,31,Month-to-month,Bank transfer (automatic),DSL,59.7,1825.5,No,0.18594763054071664,Low
9447-YPTBX,Female,0,Yes,No,50,One year,Bank transfer (automatic),No,19.85,943.1,No,0.014053641893610453,Low
0133-BMFZO,Female,0,No,No,2,Month-to-month,Electronic check,Fiber optic,86.25,181.65,Yes,0.47492028406627135,Medium
6128-CZOMY,Female,0,No,No,1,Month-to-month,Electronic check,DSL,45.65,45.65,Yes,0.5312161408261669,Medium
9540-JYROE,Male,0,No,No,8,Month-to-month,Mailed check,Fiber optic,70.1,551.35,Yes,0.5553005705555393,Medium
9026-LHEVG,Female,0,No,No,9,Month-to-month,Electronic check,DSL,40.75,359.4,No,0.5137166719227175,Medium
2260-USTRB,Female,1,No,No,2,Month-to-month,Bank transfer (automatic),Fiber optic,70.2,115.95,Yes,0.6760754058346488,Medium
3656-TKRVZ,Female,0,No,No,3,Month-to-month,Electronic check,DSL,55.35,165.2,Yes,0.2927015369418909,Low
7011-CVEUC,Male,0,Yes,No,25,Month-to-month,Credit card (automatic),Fiber optic,95.7,2338.35,No,0.4440804364601358,Medium
6185-TASNN,Male,1,No,No,1,Month-to-month,Electronic check,DSL,46.3,46.3,No,0.49335031320306283,Medium
7925-PNRGI,Female,0,Yes,Yes,45,Month-to-month,Mailed check,DSL,81.3,3541.1,No,0.05709458682399747,Low
8623-TMRBY,Male,1,Yes,Yes,51,Month-to-month,Electronic check,Fiber optic,84.2,4146.05,Yes,0.31968898852889427,Medium
1552-CZCLL,Female,0,Yes,Yes,55,Month-to-month,Credit card (automatic),No,20.0,1087.25,No,0.011974106772607272,Low
3038-PQIUY,Female,0,No,No,38,Month-to-month,Bank transfer (automatic),DSL,66.15,2522.4,No,0.12293132587299524,Low
1501-SGHBW,Male,0,No,No,2,Month-to-month,Mailed check,DSL,45.85,81.0,Yes,0.3424301433641126,Medium
9313-CDOGY,Male,0,Yes,Yes,38,Month-to-month,Electronic check,No,19.6,717.3,No,0.04058613992184482,Low
8148-BPLZQ,Male,0,No,No,34,Month-to-month,Electronic check,DSL,49.8,1734.2,No,0.1829451934672556,Low
2623-DRYAM,Female,0,Yes,No,70,One year,Electronic check,Fiber optic,101.75,7069.3,No,0.2545182126021467,Low
9987-LUTYD,Female,0,No,No,13,One year,Mailed check,DSL,55.15,742.9,No,0.0737925185177746,Low
3208-YPIOE,Male,0,No,No,39,Month-to-month,Electronic check,Fiber optic,75.25,3017.65,Yes,0.361534943776167,Medium
4488-KQFDT,Female,0,No,No,61,One year,Electronic check,Fiber optic,103.95,6423.0,No,0.2789282173001622,Low
2612-RANWT,Female,0,No,No,12,Month-to-month,Bank transfer (automatic),Fiber optic,100.15,1164.3,Yes,0.6977657494029266,Medium
5693-PIPCS,Male,0,No,No,41,Two year,Credit card (automatic),Fiber optic,99.65,4220.35,No,0.10053147822027429,Low
0491-KAPQG,Male,0,No,No,21,Month-to-month,Electronic check,Fiber optic,73.7,1558.7,No,0.590165464937614,Medium
1925-LFCZZ,Male,1,No,No,55,One year,Bank transfer (automatic),DSL,50.05,2743.45,No,0.11437467558863414,Low
8039-EQPIM,Male,0,Yes,No,69,Two year,Bank transfer (automatic),DSL,60.25,4055.5,No,0.010505047297780018,Low
6900-PXRMS,Male,1,Yes,Yes,26,Month-to-month,Electronic check,Fiber optic,105.75,2710.25,Yes,0.5790115186964836,Medium
8707-RMEZH,Female,1,Yes,No,69,One year,Credit card (automatic),Fiber optic,87.3,6055.55,No,0.0547063035055331,Low
3346-BRMIS,Female,1,Yes,No,18,Month-to-month,Electronic check,DSL,48.35,810.7,Yes,0.625896663304772,Medium
3209-ZPKFI,Male,0,Yes,Yes,47,Month-to-month,Electronic check,DSL,54.25,2538.2,No,0.09332346496513297,Low
6479-VDGRK,Female,0,Yes,Yes,72,Two year,Bank transfer (automatic),DSL,85.3,6129.2,No,0.0067042049002727635,Low
9373-WSLOY,Male,1,Yes,No,33,Month-to-month,Electronic check,DSL,50.0,1750.85,No,0.3030058183192205,Medium
2933-FILNV,Female,0,Yes,Yes,2,Month-to-month,Mailed check,DSL,24.4,36.55,Yes,0.5406913783534847,Medium
3569-JFODW,Female,0,Yes,Yes,72,Two year,Credit card (automatic),DSL,90.95,6652.45,No,0.009250668913732768,Low
9819-FBNSV,Male,1,Yes,No,37,Month-to-month,Bank transfer (automatic),Fiber optic,72.25,2575.45,No,0.36451304090848463,Medium
9544-PYPSJ,Female,1,Yes,Yes,62,Month-to-month,Credit card (automatic),Fiber optic,96.1,6019.35,No,0.2766358551565503,Low
1591-XWLGB,Female,0,Yes,No,71,Two year,Credit card (automatic),No,19.85,1379.6,No,0.001436814688212073,Low
0396-UKGAI,Male,0,No,Yes,23,Month-to-month,Bank transfer (automatic),DSL,55.3,1284.2,No,0.13975418827414318,Low
3243-ZHOHY,Female,0,No,No,16,One year,Mailed check,No,20.1,296.15,No,0.05454848475461304,Low
5186-EJEGL,Male,0,No,No,9,Month-to-month,Mailed check,DSL,69.5,653.25,No,0.23223418543514932,Low
7527-QNRUS,Male,0,Yes,Yes,17,Two year,Mailed check,No,25.15,412.6,No,0.03836919819932083,Low
9986-BONCE,Female,0,No,No,4,Month-to-month,Bank transfer (automatic),No,20.95,85.5,Yes,0.18776381819788893,Low
2722-JMONI,Female,1,Yes,No,1,Month-to-month,Electronic check,DSL,49.55,49.55,Yes,0.4820823304815009,Medium
2203-GHNWN,Female,0,Yes,No,24,Month-to-month,Mailed check,Fiber optic,79.65,1928.7,No,0.4803820886382097,Medium
3878-AVSOQ,Female,1,No,No,1,Month-to-month,Electronic check,Fiber optic,71.25,71.25,No,0.748380140113806,High
3258-SYSWS,Male,1,No,No,72,Two year,Bank transfer (automatic),Fiber optic,113.8,7845.8,No,0.04143366066063764,Low
5296-PSYVW,Female,0,Yes,No,72,Two year,Electronic check,No,24.55,1750.7,No,0.002845418140106207,Low
6319-QSUSR,Female,0,No,Yes,11,Month-to-month,Credit card (automatic),No,19.7,216.2,No,0.10995489032705516,Low
4083-EUGRJ,Male,0,No,No,9,Month-to-month,Mailed check,No,20.25,178.5,Yes,0.13922442021378542,Low
7579-OOPEC,Female,1,Yes,No,2,Month-to-month,Credit card (automatic),DSL,50.15,115.1,Yes,0.3514442400123409,Medium
0512-FLFDW,Female,1,Yes,No,60,One year,Credit card (automatic),Fiber optic,100.5,6029.0,No,0.268687111590032,Low
1771-OADNZ,Male,1,Yes,No,29,Month-to-month,Electronic check,Fiber optic,95.9,2745.2,Yes,0.6150004709810863,Medium
0487-CRLZF,Female,0,No,No,49,Two year,Bank transfer (automatic),DSL,74.45,3721.9,No,0.03446751170319886,Low
2107-FBPTK,Female,1,No,No,30,Month-to-month,Electronic check,Fiber optic,104.1,3121.1,No,0.6729427899051784,Medium
9451-WLYRI,Female,0,Yes,No,53,One year,Credit card (automatic),No,19.05,990.45,No,0.007743855006321399,Low
8219-VYBVI,Male,0,No,Yes,39,Two year,Mailed check,No,25.0,1004.35,No,0.009156914608422734,Low
1991-VOPLL,Female,0,No,No,9,Month-to-month,Mailed check,No,19.05,157.65,No,0.13998787611150854,Low
9738-QLWTP,Male,0,No,No,39,One year,Electronic check,Fiber optic,81.9,3219.75,No,0.1374659179918239,Low
1016-DJTSV,Male,1,No,No,8,Month-to-month,Electronic check,Fiber optic,69.7,572.85,No,0.6899003181083385,Medium
9419-IPPBE,Female,0,Yes,Yes,51,One year,Electronic check,Fiber optic,90.15,4554.85,No,0.24838712772372562,Low
0174-QRVVY,Male,0,Yes,Yes,71,Two year,Credit card (automatic),No,25.35,1847.55,No,0.001779578725380019,Low
5699-BNCAS,Male,1,No,No,71,Two year,Mailed check,No,24.65,1766.75,No,0.0035942133340045243,Low
2900-PHPLN,Female,1,Yes,No,70,Two year,Credit card (automatic),No,19.55,1462.05,No,0.0027214603769017856,Low
0612-RTZZA,Female,1,No,No,1,Month-to-month,Electronic check,DSL,25.25,25.25,Yes,0.6474501705619229,Medium
8106-GWQOK,Male,0,Yes,No,38,Two year,Bank transfer (automatic),DSL,60.0,2193.2,No,0.043825648761907185,Low
8751-EDEKA,Female,0,Yes,No,28,Month-to-month,Credit card (automatic),Fiber optic,89.9,2433.5,No,0.32250065559659924,Medium
6878-GGDWG,Female,0,Yes,No,32,Month-to-month,Bank transfer (automatic),No,19.4,641.15,No,0.04948655362924703,Low
4039-PIMHX,Male,1,Yes,No,49,Two year,Mailed check,DSL,49.8,2398.4,No,0.016315319856657223,Low
8450-LUGUK,Female,0,Yes,Yes,37,Two year,Bank transfer (automatic),No,24.1,861.85,No,0.014985480619942058,Low
3604-WLABM,Female,0,No,No,10,Month-to-month,Electronic check,DSL,54.25,583.0,No,0.26428547825558557,Low
0795-GMVQO,Male,0,Yes,No,67,One year,Credit card (automatic),Fiber optic,109.9,7332.4,No,0.10300119703720861,Low
2259-OUUSZ,Male,0,No,No,7,One year,Credit card (automatic),DSL,35.5,249.55,No,0.2580089278747507,Low
1142-IHLOO,Female,0,No,No,51,One year,Credit card (automatic),Fiber optic,87.55,4475.9,No,0.15017003717794897,Low
6410-LEFEN,Female,0,No,No,9,Month-to-month,Electronic check,DSL,45.15,416.45,Yes,0.35890032072595485,Medium
4633-MKHYU,Female,0,No,No,9,Month-to-month,Mailed check,Fiber optic,88.4,788.6,No,0.65291120750543,Medium
6257-RJOHI,Male,0,No,No,4,Month-to-month,Mailed check,DSL,50.8,202.3,No,0.31798513013282026,Medium
1545-JFUML,Male,0,Yes,No,71,Two year,Electronic check,Fiber optic,99.0,6994.6,No,0.06087391240449114,Low
3194-ORPIK,Female,0,Yes,Yes,50,Month-to-month,Bank transfer (automatic),Fiber optic,84.4,4116.15,Yes,0.3152551670288585,Medium
7826-VVKWT,Female,1,Yes,Yes,24,Two year,Electronic check,Fiber optic,96.55,2263.45,No,0.3045933541620493,Medium
1353-GHZOS,Male,0,Yes,No,22,One year,Bank transfer (automatic),DSL,59.75,1374.35,No,0.12845556837510477,Low
2587-EKXTS,Male,0,No,No,44,Month-to-month,Electronic check,Fiber optic,111.5,4915.15,No,0.46194708708217547,Medium
5442-BXVND,Female,0,Yes,Yes,33,Month-to-month,Bank transfer (automatic),No,24.25,838.5,No,0.05371688038632897,Low
8816-VXNZD,Female,0,No,No,1,Month-to-month,Electronic check,Fiber optic,75.1,75.1,Yes,0.7521872436692988,High
9378-FXTIZ,Female,0,Yes,No,54,One year,Credit card (automatic),DSL,70.15,3715.65,Yes,0.09247317070407611,Low
1723-HKXJQ,Male,0,No,No,42,Month-to-month,Electronic check,Fiber optic,101.75,4273.45,Yes,0.5547806311464738,Medium
7825-GKXMW,Female,0,No,No,1,Month-to-month,Electronic check,DSL,45.8,45.8,Yes,0.4453807522035542,Medium
9753-OYLBX,Female,0,No,No,1,Month-to-month,Mailed check,No,20.5,20.5,No,0.20204121696812738,Low
2364-UFROM,Male,0,No,No,30,One year,Electronic check,DSL,70.4,2044.75,No,0.05901832439651784,Low
6656-JWRQX,Female,0,No,No,1,Month-to-month,Mailed check,DSL,30.55,30.55,No,0.41627531343015084,Medium
6473-ULUHT,Male,0,Yes,Yes,16,Month-to-month,Electronic check,DSL,84.9,1398.25,No,0.23310281240101,Low
1240-KNSEZ,Male,0,No,No,1,Month-to-month,Mailed check,No,20.1,20.1,Yes,0.2583951792052962,Low
0836-SEYLU,Male,0,Yes,No,9,Month-to-month,Mailed check,DSL,40.65,328.95,Yes,0.36597564940208427,Medium
4433-JCGCG,Male,1,Yes,No,46,Month-to-month,Electronic check,Fiber optic,101.0,4680.05,Yes,0.608886991666313,Medium
3716-BDVDB,Male,0,No,No,1,Month-to-month,Electronic check,Fiber optic,69.1,69.1,Yes,0.6978498406823473,Medium
7688-AWMDX,Male,0,Yes,No,71,Two year,Bank transfer (automatic),DSL,54.5,3778.2,No,0.003282977007755775,Low
2842-BCQGE,Male,0,No,No,43,Month-to-month,Credit card (automatic),Fiber optic,75.35,3161.4,No,0.3097567752556116,Medium
7244-QWYHG,Male,0,Yes,No,50,One year,Bank transfer (automatic),DSL,44.45,2188.45,No,0.04461188900986103,Low
5899-MQZZL,Female,0,No,No,13,Month-to-month,Mailed check,Fiber optic,75.0,999.45,Yes,0.5820310816408307,Medium
6849-OYAMU,Male,0,Yes,Yes,19,One year,Bank transfer (automatic),Fiber optic,100.0,1888.65,Yes,0.21673346283969958,Low
5312-UXESG,Female,0,No,No,41,Month-to-month,Bank transfer (automatic),Fiber optic,98.05,3990.6,No,0.41521089582983145,Medium
9488-HGMJH,Female,1,No,No,1,Month-to-month,Electronic check,Fiber optic,71.15,71.15,Yes,0.7482176947299691,High
6038-GCYEC,Female,0,No,No,24,Month-to-month,Credit card (automatic),DSL,54.15,1240.25,Yes,0.38340301317153475,Medium
2150-WLKUW,Female,0,Yes,No,40,One year,Bank transfer (automatic),DSL,63.9,2635.0,No,0.0800247428789171,Low
7159-FVYPK,Female,0,Yes,Yes,3,Month-to-month,Bank transfer (automatic),DSL,69.15,235.0,No,0.44937024345881843,Medium
7032-LMBHI,Female,0,No,No,37,One year,Bank transfer (automatic),DSL,64.65,2347.85,No,0.07056329179641342,Low
1150-WFARN,Female,0,Yes,Yes,67,Two year,Credit card (automatic),Fiber optic,108.75,7156.2,Yes,0.04865108448394522,Low
6088-BXMRG,Female,0,Yes,Yes,32,Month-to-month,Electronic check,Fiber optic,98.85,3089.6,No,0.569516903302397,Medium
3144-AUDBS,Female,0,Yes,No,6,Month-to-month,Electronic check,DSL,49.15,270.8,Yes,0.3809633974293478,Medium
4821-SJHJV,Female,0,Yes,Yes,32,Month-to-month,Electronic check,Fiber optic,89.6,2901.8,No,0.3674503165960729,Medium
7346-MEDWM,Female,0,No,No,59,Month-to-month,Electronic check,Fiber optic,83.25,4949.1,No,0.26591300136299967,Low
1137-DGOWI,Female,0,Yes,No,30,One year,Bank transfer (automatic),DSL,70.25,2198.9,No,0.06678426909632693,Low
5616-PRTNT,Male,0,No,Yes,20,Month-to-month,Electronic check,No,19.4,374.5,Yes,0.13411261858779597,Low
3812-LRZIR,Female,0,Yes,Yes,27,Two year,Electronic check,No,24.5,761.95,No,0.024906487778039162,Low
4818-QIUFN,Female,1,No,No,20,Month-to-month,Electronic check,Fiber optic,79.15,1520.9,Yes,0.5615368758829085,Medium
9483-GCPWE,Male,0,No,Yes,9,One year,Mailed check,No,20.1,190.25,No,0.06592752401294545,Low
4227-OJHAL,Female,0,Yes,Yes,68,One year,Credit card (automatic),DSL,73.0,5163.0,No,0.0251919717751757,Low
9220-CXRSC,Female,0,Yes,Yes,69,Two year,Credit card (automatic),DSL,61.4,4059.85,No,0.004183447790947179,Low
4993-JCRGJ,Male,0,No,No,26,Month-to-month,Mailed check,Fiber optic,84.3,2281.6,No,0.3802011121378322,Medium
9537-JALFH,Male,0,Yes,Yes,69,Two year,Bank transfer (automatic),No,19.9,1356.7,No,0.0014659525912957966,Low
6698-OXETB,Male,0,No,No,11,Two year,Mailed check,No,20.4,231.45,No,0.033767724404755395,Low
2103-ZRXFN,Male,0,No,No,1,Month-to-month,Mailed check,DSL,50.75,50.75,No,0.41005982830756105,Medium
3724-BSCVH,Male,0,Yes,Yes,10,One year,Mailed check,No,20.45,242.4,No,0.06366108229999025,Low
4877-TSOFF,Female,0,Yes,Yes,55,One year,Bank transfer (automatic),DSL,75.75,4264.25,No,0.033134244989337154,Low
9209-NWPGU,Male,0,No,No,44,One year,Electronic check,DSL,65.4,2774.55,No,0.03959045119469298,Low
6961-VCPMC,Male,1,Yes,No,46,Month-to-month,Electronic check,Fiber optic,80.4,3605.2,Yes,0.4310368693519047,Medium
7306-YDSOI,Male,0,Yes,Yes,69,Two year,Bank transfer (automatic),DSL,59.75,4069.9,No,0.0056696256996303825,Low
5288-AHOUP,Male,1,No,No,11,Month-to-month,Electronic check,Fiber optic,78.5,874.2,No,0.7121413082518765,High
6688-UZPWD,Female,0,Yes,No,11,Month-to-month,Electronic check,Fiber optic,102.0,1145.35,Yes,0.7475461579831933,High
0655-YDGFJ,Male,0,No,No,29,Month-to-month,Bank transfer (automatic),DSL,48.95,1323.7,No,0.13444485848009474,Low
8468-EHYJA,Female,0,Yes,No,57,Month-to-month,Electronic check,Fiber optic,99.65,5497.05,No,0.3784090004923856,Medium
6823-SIDFQ,Male,0,No,No,28,One year,Credit card (automatic),No,18.25,534.7,No,0.027906471251377275,Low
1097-FSPVW,Female,0,No,No,42,Month-to-month,Credit card (automatic),DSL,54.55,2455.05,No,0.06103408676678672,Low
2839-RFSQE,Female,0,No,No,2,Month-to-month,Mailed check,No,20.65,38.7,Yes,0.19376596035670832,Low
8328-SKJNO,Male,0,No,Yes,23,One year,Bank transfer (automatic),DSL,40.65,947.4,No,0.06187832643533049,Low
7010-ZMVBF,Female,0,Yes,Yes,18,Month-to-month,Mailed check,No,20.45,357.0,No,0.08116439193878415,Low
5201-CBWYG,Male,0,Yes,Yes,62,One year,Bank transfer (automatic),No,24.8,1476.25,No,0.0062056409881081995,Low
0968-GSIKN,Female,0,No,No,1,Month-to-month,Mailed check,Fiber optic,70.8,70.8,Yes,0.6252971253504348,Medium
1965-DDBWU,Male,0,No,No,16,Month-to-month,Credit card (automatic),Fiber optic,89.05,1448.6,Yes,0.515460045675868,Medium
9057-SIHCH,Female,0,No,No,3,Month-to-month,Electronic check,Fiber optic,96.6,291.9,Yes,0.8112239486106286,High
6352-GIGGQ,Male,0,No,No,67,One year,Bank transfer (automatic),DSL,88.8,5903.15,No,0.0350871412916655,Low
3635-QQRQD,Male,0,No,No,62,Two year,Credit card (automatic),No,20.05,1201.65,No,0.003185901266004998,Low
6771-XWBDM,Female,0,Yes,No,57,Month-to-month,Credit card (automatic),Fiber optic,104.5,5921.35,Yes,0.3593053640236631,Medium
2897-DOVND,Male,0,No,No,2,Month-to-month,Electronic check,Fiber optic,69.8,146.65,No,0.6917714648040149,Medium
3082-YVEKW,Female,0,Yes,Yes,23,Two year,Bank transfer (automatic),DSL,77.15,1759.4,No,0.0516379281570887,Low
0191-EQUUH,Female,0,No,Yes,25,Two year,Bank transfer (automatic),DSL,35.05,844.45,No,0.0313209240110549,Low
7134-HBPBS,Female,1,No,No,72,Two year,Bank transfer (automatic),Fiber optic,108.1,7774.05,No,0.0832581305909012,Low
3489-HHPFY,Female,0,Yes,No,2,Month-to-month,Electronic check,Fiber optic,84.05,134.05,No,0.7773488657005401,High
2926-JEJJC,Female,0,No,No,8,One year,Bank transfer (automatic),No,20.2,140.95,No,0.11712139296138598,Low
8601-QACRS,Female,0,No,No,5,Month-to-month,Mailed check,DSL,50.6,249.95,Yes,0.4577009833411475,Medium
4950-BDEUX,Male,0,No,No,35,Month-to-month,Electronic check,DSL,49.2,1701.65,No,0.31369986413826456,Medium
5789-LDFXO,Male,0,No,No,24,One year,Electronic check,No,24.6,592.65,No,0.06561809572649137,Low
0508-OOLTO,Female,0,Yes,Yes,2,Month-to-month,Electronic check,Fiber optic,71.65,135.75,No,0.6658635470520624,Medium
2984-TBYKU,Male,0,Yes,Yes,72,Two year,Credit card (automatic),Fiber optic,104.9,7732.65,No,0.030408882905036634,Low
9822-WMWVG,Female,0,No,No,41,Month-to-month,Electronic check,Fiber optic,106.5,4282.4,No,0.3257845936858934,Medium
2391-SOORI,Male,0,No,Yes,4,Month-to-month,Electronic check,DSL,49.35,219.65,Yes,0.2819074600551262,Low
9040-KZVWO,Male,0,No,No,26,One year,Bank transfer (automatic),Fiber optic,75.5,2018.1,No,0.18118037217845254,Low
2645-QTLMB,Male,0,No,No,7,Month-to-month,Electronic check,Fiber optic,94.25,669.0,Yes,0.7073303507242238,High
4806-HIPDW,Female,0,Yes,No,1,Month-to-month,Electronic check,Fiber optic,68.95,68.95,Yes,0.7028711289238881,High
1548-ARAGG,Female,0,Yes,Yes,4,Month-to-month,Mailed check,DSL,58.5,224.85,No,0.30109786536113714,Medium
6339-RZCBJ,Male,0,No,No,48,Two year,Credit card (automatic),DSL,78.9,3771.5,No,0.019940593554277228,Low
4424-TKOPW,Male,1,No,No,2,Month-to-month,Electronic check,Fiber optic,93.85,196.75,Yes,0.8392224984202435,High
4415-WNGVR,Female,1,Yes,No,12,One year,Electronic check,DSL,79.2,943.85,No,0.23829535544881844,Low
2522-AHJXR,Male,0,Yes,No,60,Month-to-month,Bank transfer (automatic),Fiber optic,109.45,6572.85,No,0.25229370260910466,Low
0412-UCCNP,Male,0,No,No,55,Two year,Electronic check,DSL,59.2,3175.85,No,0.01245386355764507,Low
1816-FLZDK,Male,0,No,No,1,Month-to-month,Mailed check,DSL,29.15,29.15,No,0.4077869200648095,Medium
7096-UCLNH,Male,0,No,No,1,Month-to-month,Mailed check,No,20.05,20.05,No,0.19774775463865238,Low
8443-ZRDBZ,Male,0,No,No,4,Month-to-month,Electronic check,Fiber optic,76.05,318.9,Yes,0.730143253303135,High
9136-ALYBR,Male,0,No,No,1,Month-to-month,Mailed check,DSL,24.45,24.45,Yes,0.5865307338736693,Medium
4615-PIVVU,Female,0,No,No,42,Two year,Credit card (automatic),DSL,66.5,2762.75,No,0.02131149775006739,Low
8885-QSQBX,Female,0,No,No,1,Month-to-month,Bank transfer (automatic),DSL,49.55,49.55,No,0.2826065796972014,Low
7479-NITWS,Male,0,No,No,7,Month-to-month,Credit card (automatic),Fiber optic,89.35,631.85,Yes,0.6565869958507965,Medium
8617-ENBDS,Male,0,No,No,3,Month-to-month,Credit card (automatic),Fiber optic,73.6,232.5,No,0.5804269355282411,Medium
9385-NXKDA,Female,0,Yes,No,72,Two year,Credit card (automatic),DSL,82.65,5919.35,No,0.017008062513775204,Low
0430-IHCDJ,Male,0,No,No,15,Month-to-month,Electronic check,DSL,49.0,749.25,No,0.4314305925925522,Medium
2959-MJHIC,Male,0,Yes,No,4,Month-to-month,Electronic check,Fiber optic,80.35,307.4,Yes,0.7180722284418375,High
6674-KVJHG,Female,0,No,No,11,One year,Electronic check,No,25.2,245.15,No,0.12245121951439299,Low
1814-DKOLC,Female,0,No,No,5,Month-to-month,Mailed check,No,25.45,134.75,No,0.20845179172255843,Low
4201-JMNGR,Female,1,No,No,1,Month-to-month,Electronic check,DSL,55.8,55.8,Yes,0.4711437977535021,Medium
9351-HXDMR,Male,0,Yes,No,72,Two year,Credit card (automatic),Fiber optic,110.9,8240.85,No,0.05881475144235835,Low
3537-HPKQT,Female,0,Yes,No,55,Month-to-month,Credit card (automatic),Fiber optic,77.75,4266.4,No,0.20879121874820086,Low
2129-ALKBS,Female,0,Yes,Yes,40,Month-to-month,Electronic check,No,26.2,1077.5,No,0.07279337828606822,Low
5821-MMEIL,Female,0,Yes,No,57,Two year,Bank transfer (automatic),No,19.9,1115.6,No,0.0032969709151840793,Low
5960-WPXQM,Male,0,No,No,1,Month-to-month,Electronic check,Fiber optic,79.05,79.05,Yes,0.7362705599655245,High
0684-AOSIH,Male,0,Yes,No,1,Month-to-month,Electronic check,Fiber optic,95.0,95.0,Yes,0.6978512448201779,Medium
8260-NGFNY,Female,0,No,No,1,Month-to-month,Mailed check,DSL,25.2,25.2,Yes,0.5083496549940663,Medium
1309-XGFSN,Male,1,Yes,Yes,52,One year,Electronic check,DSL,80.85,4079.55,No,0.13546085717193457,Low
1866-RZZQS,Male,1,No,No,41,Month-to-month,Electronic check,Fiber optic,98.4,4187.75,Yes,0.6359625308283936,Medium
6968-URWQU,Male,0,Yes,No,43,One year,Mailed check,DSL,56.35,2391.15,No,0.07727863599782965,Low
4742-TXUEX,Female,0,Yes,Yes,47,Two year,Bank transfer (automatic),No,19.3,890.5,No,0.004714822784183134,Low
9631-XEYKE,Male,0,No,No,3,Month-to-month,Bank transfer (automatic),DSL,50.4,137.25,No,0.4024287528002106,Medium
8631-NBHFZ,Male,1,Yes,Yes,66,Two year,Credit card (automatic),DSL,79.4,5154.6,Yes,0.008019090204271197,Low
1335-MXCSE,Male,0,Yes,Yes,55,Two year,Credit card (automatic),DSL,55.25,3119.9,No,0.010754159784887226,Low
8873-TMKGR,Male,0,No,No,29,One year,Mailed check,No,19.1,529.5,No,0.027149620747935588,Low
8800-JOOCF,Female,0,No,Yes,12,Month-to-month,Electronic check,Fiber optic,84.05,966.55,No,0.6825218222525511,Medium
1469-LBJQJ,Female,0,Yes,No,66,Month-to-month,Electronic check,Fiber optic,105.2,6936.85,No,0.4028443344733423,Medium
4958-XCBDQ,Male,1,No,No,35,Month-to-month,Electronic check,Fiber optic,101.4,3496.3,Yes,0.6720894608220498,Medium
8337-UPOAQ,Male,1,Yes,No,10,Month-to-month,Electronic check,Fiber optic,89.8,914.3,Yes,0.7643893574947256,High
0064-YIJGF,Male,0,Yes,Yes,27,Month-to-month,Bank transfer (automatic),Fiber optic,75.75,1929.0,No,0.423179943584958,Medium
2386-OWURY,Female,0,No,No,58,Month-to-month,Electronic check,Fiber optic,95.3,5817.7,No,0.3398718515437952,Medium
1725-IQNIY,Male,0,Yes,No,54,Two year,Bank transfer (automatic),Fiber optic,109.75,6110.2,Yes,0.044352986959661625,Low
0310-VQXAM,Male,0,No,No,9,Month-to-month,Mailed check,No,19.85,178.8,No,0.13883814973552064,Low
6598-RFFVI,Male,0,No,No,2,One year,Credit card (automatic),No,19.3,28.3,Yes,0.10298686111353093,Low
3453-RTHJQ,Male,0,No,No,6,Month-to-month,Electronic check,Fiber optic,69.1,435.0,No,0.658748029082489,Medium
6712-OAWRH,Female,1,No,No,26,Month-to-month,Electronic check,Fiber optic,91.25,2351.8,Yes,0.6729100683416123,Medium
6278-FEPBZ,Female,0,No,No,9,Month-to-month,Mailed check,No,20.25,186.15,No,0.1422964973211311,Low
4280-DLSHD,Male,0,Yes,No,8,Month-to-month,Mailed check,DSL,54.75,445.85,No,0.31369165958715867,Medium
1508-DFXCU,Male,0,No,No,12,Month-to-month,Electronic check,Fiber optic,81.45,912.0,No,0.6594683762251937,Medium
8614-VGMMV,Female,0,No,No,15,Month-to-month,Electronic check,DSL,49.1,679.55,Yes,0.43182184144216745,Medium
7868-BGSZA,Male,0,Yes,No,43,One year,Electronic check,DSL,80.2,3581.6,No,0.1459892704008528,Low
2800-QQUSO,Male,0,No,No,42,Month-to-month,Electronic check,Fiber optic,100.3,4222.95,No,0.4980411112782344,Medium
2930-UOTMB,Female,0,No,No,31,Month-to-month,Credit card (automatic),DSL,65.25,1994.3,Yes,0.08632587008250374,Low
7973-DZRKH,Female,0,No,Yes,66,Two year,Credit card (automatic),Fiber optic,90.95,5930.05,No,0.024769228641545685,Low
5914-DVBWJ,Female,1,No,No,18,Month-to-month,Electronic check,Fiber optic,85.45,1505.85,Yes,0.5552197853416446,Medium
7698-YFGEZ,Male,0,No,No,1,Month-to-month,Mailed check,No,20.0,20.0,No,0.19767935038915896,Low
2533-QVMSK,Male,0,Yes,No,61,Two year,Electronic check,Fiber optic,94.1,5638.3,Yes,0.07619976232843519,Low
9773-PEQBZ,Male,0,No,No,10,Month-to-month,Electronic check,Fiber optic,79.85,797.25,No,0.5647842062860917,Medium
8644-XLFBW,Male,1,No,No,1,Month-to-month,Electronic check,Fiber optic,71.65,71.65,Yes,0.7446876266466228,High
0650-BWOZN,Female,1,No,No,18,Month-to-month,Electronic check,Fiber optic,73.55,1359.45,No,0.5733218127690906,Medium
8625-AZYZY,Male,0,Yes,No,24,Month-to-month,Electronic check,Fiber optic,104.65,2542.45,Yes,0.6603286867369264,Medium
7785-RDVIG,Female,0,Yes,Yes,3,Month-to-month,Mailed check,No,19.3,54.7,No,0.16181854221678507,Low
9602-WCXPI,Male,0,No,No,50,One year,Credit card (automatic),No,20.15,989.05,No,0.009084404526869084,Low
2903-YYTBW,Male,0,Yes,Yes,1,Month-to-month,Electronic check,DSL,44.55,44.55,No,0.3996710822185687,Medium
3620-MWJNE,Male,0,No,No,2,Month-to-month,Mailed check,DSL,54.45,87.3,No,0.25067363934260756,Low
8573-JGCZW,Male,0,No,No,17,One year,Bank transfer (automatic),No,19.65,351.55,No,0.07494788875737005,Low
6837-HAEVO,Male,0,Yes,Yes,69,Two year,Electronic check,Fiber optic,105.0,7297.75,No,0.11217231288559357,Low
6701-YVNQG,Male,0,Yes,No,72,Two year,Credit card (automatic),DSL,88.7,6301.7,No,0.013054667585464166,Low
9306-CPCBC,Female,0,No,No,3,Month-to-month,Electronic check,Fiber optic,74.25,210.3,Yes,0.7365188486669733,High
4304-XUMGI,Male,1,Yes,Yes,50,Two year,Bank transfer (automatic),DSL,75.15,3822.45,No,0.030210966528881285,Low
9504-YAZWB,Female,0,No,No,53,Two year,Mailed check,No,20.25,1048.45,No,0.003843412455315169,Low
8819-ZBYNA,Female,0,Yes,No,58,Two year,Credit card (automatic),Fiber optic,109.1,6393.65,No,0.06617572586774571,Low
6174-NRBTZ,Male,0,No,No,46,One year,Bank transfer (automatic),DSL,30.75,1489.3,No,0.05456328937446276,Low
9481-IEBZY,Male,1,Yes,No,72,Month-to-month,Credit card (automatic),Fiber optic,112.9,8061.5,No,0.19974829163145763,Low
1833-VGRUM,Female,1,No,No,1,Month-to-month,Electronic check,Fiber optic,74.2,74.2,Yes,0.7881739865792283,High
6137-NICCO,Female,0,Yes,Yes,6,Month-to-month,Mailed check,Fiber optic,94.05,518.75,No,0.5955922105862047,Medium
9065-ZCPQX,Male,0,Yes,No,72,Two year,Bank transfer (automatic),DSL,78.85,5763.15,No,0.0070989212869307,Low
6402-EJMWF,Male,0,No,No,4,Month-to-month,Mailed check,DSL,55.3,238.5,No,0.4546512159608401,Medium
3620-EHIMZ,Female,0,Yes,Yes,52,Two year,Mailed check,No,19.35,1031.7,No,0.003453485020116292,Low
3213-VVOLG,Male,0,Yes,Yes,0,Two year,Mailed check,No,25.35,1397.475,No,0.09572775881597563,Low
6870-ECSHE,Female,0,No,No,2,One year,Mailed check,No,20.45,34.8,No,0.10867190282522347,Low
8747-UDCOI,Female,0,Yes,No,65,Two year,Bank transfer (automatic),No,19.35,1319.95,No,0.0021840790731912038,Low
8374-XGEJJ,Male,1,Yes,No,43,Month-to-month,Electronic check,Fiber optic,101.0,4388.4,Yes,0.5998569988644469,Medium
2656-TABEH,Male,0,Yes,No,4,Month-to-month,Electronic check,Fiber optic,100.2,420.2,Yes,0.7739844107934918,High
6946-LMSQS,Male,1,Yes,No,25,One year,Electronic check,Fiber optic,89.05,2177.45,Yes,0.41605379501573364,Medium
4626-OZDTJ,Female,0,Yes,No,51,One year,Credit card (automatic),DSL,78.65,3950.85,No,0.06937777998497154,Low
9169-BSVIN,Male,0,No,No,12,Month-to-month,Bank transfer (automatic),DSL,74.75,827.05,No,0.40537464325963823,Medium
2325-ZUSFD,Female,0,Yes,Yes,57,One year,Bank transfer (automatic),DSL,70.1,3913.3,Yes,0.042706224291131564,Low
8194-PEEBY,Female,0,Yes,Yes,24,One year,Mailed check,No,19.9,533.5,No,0.0321141161261339,Low
6872-HXFNF,Female,0,Yes,No,64,One year,Bank transfer (automatic),DSL,58.35,3756.45,No,0.018886494857236365,Low
3932-CMDTD,Female,0,No,No,4,One year,Electronic check,Fiber optic,105.65,443.9,Yes,0.4792805735414485,Medium
7714-YXSMB,Female,0,No,No,26,Month-to-month,Bank transfer (automatic),Fiber optic,100.5,2599.95,No,0.6149885010070527,Medium
8387-UGUSU,Female,0,Yes,Yes,15,Month-to-month,Mailed check,No,20.05,284.3,No,0.09316681423138712,Low
1080-BWSYE,Male,1,Yes,No,64,Two year,Credit card (automatic),No,25.65,1740.8,No,0.003760473100952702,Low
4039-HEUNW,Male,1,Yes,No,36,Month-to-month,Electronic check,Fiber optic,96.5,3436.1,Yes,0.6173787471532219,Medium
1194-HVAIF,Female,0,Yes,No,27,Month-to-month,Credit card (automatic),Fiber optic,95.0,2462.55,No,0.4960507293564733,Medium
0812-WUPTB,Male,1,Yes,No,1,Month-to-month,Mailed check,Fiber optic,70.85,70.85,Yes,0.5884468003674966,Medium
3594-UVONA,Female,0,No,No,35,One year,Credit card (automatic),DSL,85.95,3110.1,Yes,0.10152282151984275,Low
0004-TLHLJ,Male,0,No,No,4,Month-to-month,Electronic check,Fiber optic,73.9,280.85,Yes,0.661806084643819,Medium
1767-TGTKO,Female,0,Yes,Yes,8,Month-to-month,Electronic check,DSL,45.45,411.75,No,0.4187201247037732,Medium
8439-LTUGF,Male,0,No,No,10,Month-to-month,Credit card (automatic),No,20.0,198.6,No,0.17415931433320736,Low
8805-JNRAZ,Female,0,No,No,2,Month-to-month,Mailed check,DSL,49.2,103.7,No,0.3073841664683909,Medium
5089-IFSDP,Female,0,Yes,No,58,Two year,Bank transfer (automatic),Fiber optic,109.45,6144.55,Yes,0.08999477134892997,Low
6418-HNFED,Male,0,Yes,No,51,Two year,Credit card (automatic),DSL,83.25,4089.45,No,0.017445216011584826,Low
0206-OYVOC,Female,0,Yes,Yes,46,Two year,Mailed check,No,19.25,864.2,No,0.00657204727219218,Low
7291-CDTMJ,Male,0,No,No,1,Month-to-month,Bank transfer (automatic),No,19.65,19.65,No,0.2697034434682531,Low
7128-GGCNO,Male,0,No,No,46,Month-to-month,Bank transfer (automatic),Fiber optic,72.8,3249.4,No,0.22617423812893894,Low
0237-YFUTL,Female,0,Yes,No,50,Month-to-month,Bank transfer (automatic),Fiber optic,109.65,5405.8,No,0.27605445577746246,Low
7691-KGKGP,Male,0,Yes,Yes,53,Month-to-month,Credit card (automatic),DSL,65.0,3363.8,No,0.04003947329839064,Low
6710-HSJRD,Male,0,Yes,No,61,Month-to-month,Electronic check,Fiber optic,114.1,7132.15,No,0.40078757827504463,Medium
3675-EQOZA,Male,0,No,No,5,Month-to-month,Bank transfer (automatic),No,20.65,93.55,No,0.1755664056431157,Low
0840-DCNZE,Male,0,No,No,47,One year,Bank transfer (automatic),DSL,86.95,4138.9,No,0.05183761566268139,Low
1732-FEKLD,Female,0,No,No,54,One year,Bank transfer (automatic),Fiber optic,94.75,5121.75,No,0.19130539526667883,Low
9862-KJTYK,Male,0,No,Yes,19,Month-to-month,Credit card (automatic),DSL,25.35,566.1,No,0.3280296202122583,Medium
0479-HMSWA,Female,0,No,Yes,26,Two year,Electronic check,Fiber optic,105.45,2715.3,No,0.17147100338237511,Low
5854-KSRBJ,Male,0,Yes,Yes,70,Two year,Mailed check,No,25.4,1782.05,No,0.00189741960586289,Low
0365-BZUWY,Male,0,Yes,No,17,Month-to-month,Electronic check,Fiber optic,102.55,1742.5,No,0.6914244830125676,Medium
4817-VYYWS,Female,0,No,No,30,Month-to-month,Electronic check,Fiber optic,100.2,2983.8,Yes,0.6293652501831564,Medium
5701-SVCWR,Female,0,No,Yes,1,Month-to-month,Mailed check,No,24.0,24.0,No,0.21401784538755025,Low
3129-AAQOU,Female,0,Yes,Yes,19,Two year,Mailed check,No,25.6,485.9,No,0.025696678983104685,Low
4922-CVPDX,Female,0,Yes,No,26,Two year,Credit card (automatic),DSL,73.5,1905.7,No,0.07991572586250252,Low
1396-QWFBJ,Female,0,Yes,Yes,21,Month-to-month,Bank transfer (automatic),Fiber optic,74.05,1565.7,Yes,0.38273541789817656,Medium
1357-BIJKI,Male,0,Yes,No,50,One year,Electronic check,Fiber optic,98.25,4858.7,No,0.31656600071954094,Medium
1099-BTKWT,Female,0,Yes,No,68,One year,Electronic check,DSL,54.4,3723.65,No,0.05745935162364648,Low
5299-SJCZT,Male,0,No,No,3,Month-to-month,Bank transfer (automatic),Fiber optic,101.55,298.35,Yes,0.7469017821110292,High
2018-PZKMU,Male,0,Yes,Yes,9,Month-to-month,Electronic check,Fiber optic,103.1,970.45,No,0.5346927866192398,Medium
7340-KEFQE,Female,0,Yes,Yes,51,Two year,Bank transfer (automatic),DSL,34.2,1782.0,No,0.009225398003488436,Low
4570-QHXHL,Female,0,No,No,9,Month-to-month,Electronic check,DSL,43.75,405.7,No,0.4379416906455954,Medium
2403-BCASL,Male,1,Yes,Yes,41,One year,Electronic check,Fiber optic,111.95,4534.9,Yes,0.3353628254447408,Medium
7392-YYPYJ,Male,0,No,No,22,Month-to-month,Electronic check,Fiber optic,100.65,2415.95,No,0.6905830329374069,Medium
2898-LSJGD,Female,0,Yes,Yes,21,One year,Electronic check,DSL,55.95,1157.05,Yes,0.27356238398544486,Low
2223-GDSHL,Male,0,Yes,Yes,71,Two year,Bank transfer (automatic),Fiber optic,116.05,8297.5,No,0.05025551697501921,Low
7359-PTSXY,Male,0,No,No,1,Month-to-month,Electronic check,DSL,45.75,45.75,Yes,0.43960926192168504,Medium
9470-RTWDV,Male,0,Yes,Yes,26,One year,Credit card (automatic),DSL,82.0,2083.1,No,0.14926349253639465,Low
2176-OSJUV,Male,0,Yes,No,71,Two year,Bank transfer (automatic),DSL,65.15,4681.75,No,0.004684227920977817,Low
9348-YVOMK,Male,0,No,No,4,Month-to-month,Credit card (automatic),DSL,44.8,176.2,No,0.3943475919253498,Medium
8104-OSKWT,Female,0,No,No,12,Month-to-month,Electronic check,Fiber optic,79.8,1001.2,No,0.5864506008717849,Medium
4521-YEEHE,Female,0,Yes,No,18,Month-to-month,Electronic check,Fiber optic,88.85,1594.75,No,0.5964959296133872,Medium
4090-KPJIP,Female,0,No,No,3,Month-to-month,Electronic check,Fiber optic,74.95,212.4,No,0.7377750500661755,High
3786-WOVKF,Female,1,Yes,No,72,One year,Bank transfer (automatic),Fiber optic,106.85,7677.4,No,0.1662361564459154,Low
4503-BDXBD,Male,0,No,No,11,Month-to-month,Electronic check,Fiber optic,74.95,815.5,Yes,0.4920042627411797,Medium
6086-ESGRL,Female,0,No,No,1,Month-to-month,Credit card (automatic),Fiber optic,80.15,80.15,Yes,0.5832613044409638,Medium
2592-HODOV,Male,0,No,No,13,One year,Credit card (automatic),No,19.3,259.65,No,0.060553213404930986,Low
3886-CERTZ,Female,0,Yes,No,72,One year,Electronic check,Fiber optic,109.25,8109.8,Yes,0.1923437225717486,Low
7995-ZHHNZ,Male,0,Yes,No,42,One year,Credit card (automatic),DSL,56.1,2386.85,No,0.04130314745727214,Low
3824-RHKVR,Female,0,No,No,17,Month-to-month,Credit card (automatic),No,19.7,340.35,No,0.09528500026906386,Low
5816-SCGFC,Female,1,No,No,7,Month-to-month,Mailed check,DSL,51.3,419.35,No,0.39335724385278026,Medium
5989-AXPUC,Female,0,Yes,No,68,Two year,Mailed check,Fiber optic,118.6,7990.05,No,0.044486222717926426,Low
4979-HPRFL,Male,0,Yes,Yes,56,Two year,Bank transfer (automatic),No,24.15,1402.25,No,0.004045462589139564,Low
8590-OHDIW,Female,0,Yes,Yes,38,One year,Mailed check,No,20.3,749.35,No,0.015333327511077155,Low
8015-IHCGW,Female,0,Yes,Yes,72,Two year,Electronic check,Fiber optic,115.5,8425.15,No,0.06669100277425609,Low
2332-TODQS,Female,0,No,No,48,One year,Credit card (automatic),No,25.05,1171.5,No,0.014016389911244133,Low
9278-VZKCD,Female,1,Yes,No,52,Month-to-month,Electronic check,Fiber optic,109.1,5647.95,No,0.45614897483304206,Medium
8008-OTEZX,Female,0,Yes,Yes,35,One year,Mailed check,No,19.65,708.8,No,0.017932467250359248,Low
2773-OVBPK,Male,0,Yes,No,67,Two year,Bank transfer (automatic),Fiber optic,111.3,7567.2,No,0.08514635500044622,Low
5999-LCXAO,Female,0,No,No,1,Month-to-month,Mailed check,DSL,29.9,29.9,No,0.4085197335077358,Medium
5206-XZZQI,Male,0,No,No,53,Month-to-month,Mailed check,Fiber optic,80.6,4348.1,No,0.14429881451208404,Low
4803-LBYPN,Male,0,Yes,Yes,34,Month-to-month,Mailed check,No,20.8,635.9,No,0.03540875011546375,Low
5759-RCVCB,Female,0,No,No,3,Month-to-month,Credit card (automatic),DSL,35.2,108.95,Yes,0.5257405176483052,Medium
6372-RFVNS,Female,0,Yes,No,1,Month-to-month,Electronic check,Fiber optic,78.8,78.8,Yes,0.6690886457121065,Medium
2139-FQHLM,Male,0,No,No,19,Month-to-month,Mailed check,Fiber optic,89.95,1682.4,No,0.3410167682466738,Medium
8261-GWDBQ,Female,1,Yes,No,60,Two year,Bank transfer (automatic),Fiber optic,116.05,6925.9,No,0.08829826340558347,Low
1093-YSWCA,Male,0,No,No,11,Two year,Credit card (automatic),No,19.55,223.15,No,0.03263768285373608,Low
8938-UMKPI,Female,0,No,No,47,Month-to-month,Electronic check,Fiber optic,106.4,5127.95,Yes,0.5405009584141279,Medium
0991-BRRFB,Male,0,No,No,18,Month-to-month,Electronic check,DSL,49.4,874.8,Yes,0.19805973601803115,Low
3882-IYOIJ,Female,0,Yes,Yes,60,Two year,Credit card (automatic),Fiber optic,115.25,6758.45,No,0.03934572616227857,Low
8749-TZYEC,Male,0,Yes,No,72,Two year,Credit card (automatic),No,24.8,1874.3,No,0.001967874847244531,Low
1755-FZQEC,Male,0,No,No,39,One year,Mailed check,No,19.9,791.15,No,0.016615075086867655,Low
3115-JPJDD,Female,0,Yes,No,59,One year,Credit card (automatic),Fiber optic,81.25,4639.45,No,0.06805610477490819,Low
5600-KTXFM,Male,0,Yes,Yes,2,Month-to-month,Mailed check,Fiber optic,69.95,143.9,No,0.48669316071365937,Medium
3871-IKPYH,Male,1,No,No,1,Month-to-month,Electronic check,Fiber optic,69.1,69.1,Yes,0.6688106484809697,Medium
6319-IEJWJ,Male,0,Yes,Yes,20,Month-to-month,Electronic check,Fiber optic,90.2,1776.55,Yes,0.6216149378830617,Medium
9025-AOMKI,Female,0,No,No,6,Month-to-month,Bank transfer (automatic),Fiber optic,93.55,536.4,Yes,0.7373905718838326,High
6339-TBELP,Male,0,No,No,71,Two year,Credit card (automatic),Fiber optic,86.4,6172.0,No,0.03380855878174698,Low
7964-YESJC,Female,0,Yes,No,24,Month-to-month,Mailed check,DSL,66.3,1559.45,No,0.13617949813848276,Low
6173-GOLSU,Male,1,Yes,No,67,Month-to-month,Credit card (automatic),Fiber optic,94.65,6079.0,No,0.33182631407085916,Medium
5275-SQEIZ,Male,0,No,No,1,Month-to-month,Mailed check,Fiber optic,80.85,80.85,Yes,0.6660614104561172,Medium
7716-YTYHG,Female,0,Yes,Yes,48,One year,Mailed check,Fiber optic,82.05,4029.95,Yes,0.19290063545499317,Low
9938-ZREHM,Female,0,Yes,No,37,One year,Mailed check,DSL,72.1,2658.4,No,0.06551159635490722,Low
7950-XWOVN,Male,0,No,No,11,Month-to-month,Mailed check,DSL,34.7,383.55,No,0.33142760358432843,Medium
4390-KYULV,Male,0,Yes,No,3,Month-to-month,Credit card (automatic),No,20.55,51.15,Yes,0.2346378439128988,Low
4647-MUZON,Female,0,Yes,No,18,Month-to-month,Credit card (automatic),Fiber optic,95.95,1745.5,No,0.5861289276760584,Medium
9702-AIUJO,Male,0,Yes,Yes,50,One year,Bank transfer (automatic),DSL,44.8,2230.85,No,0.037729186816711224,Low
8849-PRIQJ,Female,0,Yes,Yes,67,One year,Electronic check,Fiber optic,109.4,7281.6,No,0.143858980420172,Low
8851-RAGOV,Female,0,Yes,No,25,Month-to-month,Mailed check,DSL,71.05,1837.7,No,0.13718766315085265,Low
1304-NECVQ,Female,1,No,No,2,Month-to-month,Electronic check,Fiber optic,78.55,149.55,Yes,0.7719588979551705,High
5396-IZEPB,Male,0,No,No,9,Month-to-month,Credit card (automatic),No,19.7,180.7,No,0.1357417820952742,Low
1729-VLAZJ,Female,0,No,Yes,10,One year,Mailed check,DSL,40.25,411.45,No,0.10316841251794595,Low
8285-ABVLB,Female,0,Yes,No,70,Two year,Credit card (automatic),No,19.85,1328.35,No,0.0014996363718567808,Low
0701-TJSEF,Male,0,No,No,9,Month-to-month,Bank transfer (automatic),DSL,68.25,576.95,No,0.23912097348506117,Low
5712-VBOXD,Female,0,No,No,4,Month-to-month,Credit card (automatic),No,20.15,68.45,No,0.22818444019868153,Low
6629-LADHQ,Female,0,No,No,2,Month-to-month,Mailed check,DSL,50.95,123.05,No,0.26545814752072305,Low
8945-GRKHX,Female,0,No,Yes,1,Month-to-month,Electronic check,Fiber optic,78.65,78.65,Yes,0.6353780922248102,Medium
1559-DTODC,Male,0,No,No,19,Month-to-month,Bank transfer (automatic),DSL,25.15,468.35,No,0.37605463294496305,Medium
4797-MIWUM,Male,0,Yes,Yes,7,Month-to-month,Bank transfer (automatic),No,20.25,174.7,No,0.18991220814708976,Low
6959-UWKHF,Male,0,No,No,1,Month-to-month,Electronic check,DSL,42.9,42.9,Yes,0.5195761425488287,Medium
8720-RQSBJ,Male,1,No,No,1,Month-to-month,Electronic check,DSL,44.0,44.0,No,0.48839276796679876,Medium
4537-CIBHB,Female,0,Yes,Yes,9,One year,Mailed check,No,20.25,172.35,No,0.0672179054014036,Low
3815-SLMEF,Female,0,No,No,3,Month-to-month,Mailed check,DSL,34.25,139.35,Yes,0.3025713882175958,Medium
5154-VEKBL,Female,0,No,No,9,Month-to-month,Mailed check,DSL,58.5,539.85,Yes,0.32338006317541723,Medium
4324-AHJKS,Female,0,No,No,5,Month-to-month,Credit card (automatic),DSL,55.8,300.4,No,0.22801375611001662,Low
4355-CVPVS,Female,0,Yes,Yes,56,One year,Bank transfer (automatic),Fiber optic,88.9,4968.0,No,0.12704155461605443,Low
4495-LHSSK,Female,0,No,Yes,18,Month-to-month,Mailed check,DSL,57.65,992.7,No,0.1694527284059035,Low
5655-JSMZM,Male,1,No,No,49,Month-to-month,Electronic check,Fiber optic,96.2,4718.25,Yes,0.5819136011926789,Medium
5915-ANOEI,Male,0,Yes,No,70,Two year,Mailed check,DSL,79.15,5536.5,No,0.006929977383525139,Low
9861-PDSZP,Female,0,No,No,72,Two year,Credit card (automatic),Fiber optic,108.05,7806.6,No,0.06369026478197004,Low
4505-EXZHB,Female,1,No,No,6,Month-to-month,Electronic check,Fiber optic,74.4,434.1,Yes,0.6212017585201853,Medium
7225-CBZPL,Male,1,Yes,No,17,Month-to-month,Electronic check,Fiber optic,94.8,1563.9,No,0.7703601291323343,High
6704-UTUKK,Male,0,Yes,No,29,Month-to-month,Electronic check,DSL,45.9,1332.4,No,0.46769862376815946,Medium
4587-VVTOX,Female,0,Yes,No,6,Month-to-month,Electronic check,Fiber optic,105.3,545.2,Yes,0.7544015982039769,High
2019-HDCZY,Male,0,Yes,No,63,Two year,Electronic check,Fiber optic,102.6,6296.75,No,0.116686803049383,Low
4652-NNHNY,Male,0,Yes,No,16,Month-to-month,Bank transfer (automatic),Fiber optic,73.85,1284.2,Yes,0.5685876781806386,Medium
8788-DOXSU,Male,0,No,No,59,One year,Bank transfer (automatic),DSL,61.35,3645.5,No,0.046950117359779386,Low
7404-JLKQG,Female,0,No,No,3,Month-to-month,Electronic check,DSL,57.55,161.45,No,0.45140360159704257,Medium
7421-ZLUPA,Female,0,No,No,8,Month-to-month,Mailed check,DSL,29.25,226.95,No,0.46127667773050823,Medium
8972-HJWNV,Female,1,Yes,No,7,Month-to-month,Electronic check,Fiber optic,84.55,646.85,Yes,0.7931648377691656,High
3274-NSDWE,Female,0,No,No,68,Two year,Credit card (automatic),No,19.6,1441.65,No,0.0017421063085030497,Low
2632-IVXVF,Female,0,Yes,Yes,68,Two year,Credit card (automatic),Fiber optic,111.75,7511.3,No,0.037686498704118325,Low
3692-JHONH,Female,1,Yes,No,52,One year,Electronic check,Fiber optic,106.5,5621.85,No,0.39233875185116884,Medium
8915-NNTRC,Male,0,Yes,Yes,72,Two year,Credit card (automatic),Fiber optic,107.7,7919.8,No,0.0399255087625412,Low
5914-GXMDA,Female,0,Yes,No,32,One year,Mailed check,No,19.3,593.2,No,0.023910484175367754,Low
7463-IFMQU,Female,0,Yes,No,72,Two year,Bank transfer (automatic),No,20.05,1423.65,No,0.0015014894053273352,Low
2920-RNCEZ,Male,0,Yes,Yes,1,Month-to-month,Credit card (automatic),Fiber optic,69.95,69.95,No,0.5750675206588772,Medium
2541-YGPKE,Male,0,Yes,Yes,42,One year,Credit card (automatic),DSL,63.7,2763.35,No,0.02610661485449353,Low
8515-OCTJS,Female,0,No,No,25,Two year,Credit card (automatic),No,24.75,692.1,Yes,0.021804508444652017,Low
5382-TEMLV,Male,0,No,No,45,Month-to-month,Bank transfer (automatic),DSL,50.9,2298.55,No,0.07689780783042201,Low
3441-CGZJH,Female,0,Yes,Yes,43,One year,Credit card (automatic),DSL,60.4,2640.55,No,0.07077369664002975,Low
9592-ERDKV,Male,0,Yes,No,37,One year,Mailed check,DSL,79.25,2911.8,No,0.08779639408805874,Low
2860-RANUS,Female,1,No,No,20,Month-to-month,Credit card (automatic),Fiber optic,85.8,1727.5,Yes,0.6315728245428487,Medium
5261-QSHQM,Female,0,No,No,4,Month-to-month,Electronic check,DSL,24.45,86.6,Yes,0.6404856699841054,Medium
4778-IZARL,Male,0,Yes,No,63,Two year,Credit card (automatic),Fiber optic,110.1,6705.7,No,0.041006133580980764,Low
0432-CAJZV,Male,0,No,No,3,Month-to-month,Mailed check,Fiber optic,90.7,237.65,No,0.6134712534982135,Medium
7008-LZVOZ,Male,0,Yes,Yes,66,Two year,Credit card (automatic),No,25.3,1672.35,No,0.003190953218947745,Low
8868-WOZGU,Male,0,No,No,28,Month-to-month,Electronic check,Fiber optic,105.7,2979.5,Yes,0.6396180477176245,Medium
1200-TUZHR,Female,1,No,No,8,Month-to-month,Electronic check,Fiber optic,85.2,695.75,No,0.7227156476805434,High
9365-CSLBQ,Male,0,No,Yes,71,Two year,Mailed check,No,24.35,1654.6,No,0.0016988308021701893,Low
1334-FJSVR,Male,0,No,No,1,Month-to-month,Electronic check,DSL,24.25,24.25,Yes,0.6705182087592194,Medium
5884-FBCTL,Female,0,Yes,Yes,72,Two year,Bank transfer (automatic),No,25.1,1857.85,No,0.0018754547623798497,Low
7130-CTCUS,Male,1,Yes,No,16,Month-to-month,Bank transfer (automatic),DSL,54.55,825.1,No,0.22929962206746102,Low
6242-FEGFD,Male,0,Yes,No,66,Two year,Mailed check,Fiber optic,96.6,6424.25,No,0.020401578863257334,Low
7625-XCQRH,Female,0,No,No,11,Month-to-month,Electronic check,Fiber optic,76.5,837.95,Yes,0.6841934096730855,Medium
6194-HBGQN,Male,0,No,No,51,One year,Credit card (automatic),DSL,81.15,4126.2,No,0.03920208434169765,Low
7634-WSWDB,Female,0,No,Yes,8,Month-to-month,Electronic check,DSL,38.5,330.8,No,0.5124546618346771,Medium
6986-IXNDM,Male,0,No,No,14,Month-to-month,Electronic check,Fiber optic,92.9,1337.45,No,0.7084357301820049,High
1731-TVIUK,Female,0,No,No,4,Month-to-month,Electronic check,Fiber optic,93.5,362.2,Yes,0.6583894177106234,Medium
2987-BJXIK,Female,0,No,No,70,Two year,Mailed check,DSL,84.7,5991.05,No,0.014469823395188394,Low
9769-TSBZE,Female,0,No,Yes,70,Two year,Electronic check,DSL,66.0,4891.5,No,0.006302009310801541,Low
0406-BPDVR,Female,1,Yes,No,54,One year,Credit card (automatic),Fiber optic,101.5,5373.1,Yes,0.2750339365486534,Low
0618-XWMSS,Male,0,No,Yes,28,Month-to-month,Bank transfer (automatic),Fiber optic,74.9,2068.55,Yes,0.27362105013444665,Low
1395-WSWXR,Male,0,No,No,24,Two year,Mailed check,No,20.75,487.05,No,0.01731137392331182,Low
6023-GSSXW,Female,0,Yes,No,69,Two year,Credit card (automatic),DSL,61.45,4131.2,No,0.01227570462744015,Low
6752-APNJL,Male,0,Yes,Yes,42,Month-to-month,Mailed check,DSL,54.5,2301.15,No,0.044942161470255454,Low
5276-KQWHG,Female,1,No,No,2,Month-to-month,Electronic check,Fiber optic,69.6,131.65,Yes,0.7381439115802825,High
0420-HLGXF,Female,1,No,No,39,Month-to-month,Electronic check,Fiber optic,99.75,4036.0,No,0.6597292525279771,Medium
7446-KQISO,Male,0,Yes,Yes,45,Two year,Bank transfer (automatic),Fiber optic,109.75,4900.65,No,0.11001232639487801,Low
9823-EALYC,Male,0,Yes,Yes,72,Two year,Bank transfer (automatic),DSL,80.85,5727.45,No,0.008521477334227109,Low
0582-AVCLN,Female,0,No,No,38,Two year,Mailed check,No,20.3,743.05,No,0.008436695138071108,Low
5803-NQJZO,Male,0,Yes,No,72,Two year,Bank transfer (automatic),DSL,67.8,4804.65,No,0.0060195242251848274,Low
2565-JSLRY,Male,0,No,No,1,Month-to-month,Mailed check,No,24.05,24.05,Yes,0.30539451099476217,Medium
2607-DHDAK,Male,0,Yes,Yes,72,Two year,Credit card (automatic),No,19.8,1414.65,No,0.0016169307463590346,Low
1073-XXCZD,Male,0,Yes,No,55,Two year,Bank transfer (automatic),No,25.7,1443.65,No,0.005143478730767525,Low
0743-HRVFF,Female,0,Yes,Yes,51,One year,Electronic check,DSL,56.15,2898.95,No,0.1025537254989131,Low
4006-HKYHO,Male,0,No,No,63,Two year,Bank transfer (automatic),DSL,86.7,5309.5,No,0.014221508992491036,Low
3727-JEZTU,Female,0,No,No,1,Month-to-month,Mailed check,No,20.4,20.4,No,0.2019022037803657,Low
8143-ETQTI,Female,0,Yes,Yes,23,Two year,Mailed check,No,19.65,451.55,No,0.022198273811942917,Low
6689-KXGBO,Female,0,No,No,1,Month-to-month,Electronic check,DSL,50.55,50.55,Yes,0.40220183687280925,Medium
9667-TKTVZ,Female,0,No,No,2,Month-to-month,Mailed check,DSL,54.35,117.05,No,0.39630905564669616,Medium
3657-COGMW,Female,1,No,No,52,Month-to-month,Credit card (automatic),Fiber optic,108.1,5839.3,No,0.2974938112149654,Low
8570-KLJYJ,Female,0,No,No,36,One year,Mailed check,DSL,54.45,1893.5,No,0.051456781644370654,Low
7754-IXRMC,Female,0,No,No,1,Month-to-month,Mailed check,DSL,45.35,45.35,No,0.35758847693520335,Medium
9473-CBZOP,Female,0,No,No,28,One year,Mailed check,DSL,59.0,1654.45,No,0.07079202737951579,Low
2969-WGHQO,Female,0,Yes,Yes,7,One year,Electronic check,DSL,69.45,477.05,No,0.1513837984128114,Low
6615-NGGZJ,Male,0,No,No,14,Month-to-month,Electronic check,Fiber optic,100.55,1415.55,Yes,0.7224850598649762,High
4334-HOWRP,Male,1,Yes,No,72,Two year,Credit card (automatic),DSL,64.95,4546.0,No,0.01370720999595316,Low
4255-DDUOU,Female,0,Yes,Yes,1,Month-to-month,Mailed check,No,20.5,20.5,Yes,0.2347556316493384,Low
5863-OOKCL,Female,0,No,No,10,Month-to-month,Mailed check,No,18.85,163.2,No,0.13302594873739115,Low
1686-STUHN,Male,0,No,No,42,One year,Bank transfer (automatic),No,19.8,849.9,No,0.01509368038070876,Low
1329-VHWNP,Female,0,No,No,7,Month-to-month,Bank transfer (automatic),DSL,25.05,189.95,No,0.4480942978051974,Medium
2984-MIIZL,Male,0,No,No,4,Month-to-month,Bank transfer (automatic),Fiber optic,74.8,321.9,Yes,0.5966126202798357,Medium
0266-GMEAO,Male,0,Yes,Yes,72,Two year,Credit card (automatic),Fiber optic,114.3,8058.55,No,0.040060468616304704,Low
5590-YRFJT,Female,0,Yes,No,20,Month-to-month,Electronic check,DSL,24.45,482.8,Yes,0.4400481983526332,Medium
5574-NXZIU,Male,0,No,No,63,Two year,Credit card (automatic),Fiber optic,109.2,7049.75,No,0.03235850061662604,Low
0019-GFNTW,Female,0,No,No,56,Two year,Bank transfer (automatic),DSL,45.05,2560.1,No,0.008210075428889616,Low
4256-ZWTZI,Female,0,No,Yes,5,Month-to-month,Mailed check,DSL,51.0,286.8,No,0.2835982184003357,Low
8309-PPCED,Female,0,Yes,No,72,Two year,Bank transfer (automatic),Fiber optic,110.45,7982.5,No,0.07432239226304113,Low
4098-NAUKP,Male,1,Yes,Yes,68,Month-to-month,Electronic check,Fiber optic,84.65,5683.6,No,0.21963286302171217,Low
5196-WPYOW,Male,0,Yes,Yes,67,One year,Mailed check,DSL,60.05,3994.05,No,0.006406701205037863,Low
4608-LCIMN,Male,0,Yes,Yes,8,Month-to-month,Bank transfer (automatic),DSL,44.65,369.15,No,0.2655314561641866,Low
1485-YDHMM,Male,0,Yes,Yes,52,Month-to-month,Bank transfer (automatic),Fiber optic,93.25,4631.7,No,0.21349715995914148,Low
4054-CUMIA,Female,0,Yes,Yes,18,Month-to-month,Mailed check,No,20.25,401.95,No,0.11221613224626548,Low
0603-TPMIB,Female,0,Yes,Yes,59,Two year,Mailed check,No,25.45,1534.05,No,0.003436069375993882,Low
2525-GVKQU,Female,0,No,No,60,Two year,Mailed check,No,20.6,1093.0,No,0.0025868825443902373,Low
8161-QYMTT,Male,0,No,No,7,Month-to-month,Electronic check,Fiber optic,94.1,701.3,No,0.7871663507607521,High
9581-GVBXT,Male,0,Yes,Yes,59,One year,Mailed check,DSL,34.8,1980.3,No,0.016486405557273362,Low
5862-BRIXZ,Male,0,No,No,46,Two year,Bank transfer (automatic),DSL,60.75,2893.4,No,0.038912240399570856,Low
5404-GGUKR,Male,0,No,No,5,Month-to-month,Electronic check,DSL,51.35,262.3,No,0.4412172981743715,Medium
3308-JSGML,Male,1,Yes,No,59,Two year,Credit card (automatic),DSL,64.05,3886.85,No,0.02913659340344379,Low
2126-GSEGL,Female,0,Yes,No,70,Two year,Bank transfer (automatic),DSL,84.8,5917.55,No,0.021725897285158873,Low
3677-TNKIO,Female,0,No,No,14,Month-to-month,Credit card (automatic),Fiber optic,71.0,914.0,Yes,0.49686817351671886,Medium
0440-QEXBZ,Female,0,No,No,44,Month-to-month,Mailed check,DSL,50.15,2139.1,No,0.13242695353335848,Low
2434-EEVDB,Female,0,Yes,No,64,Two year,Credit card (automatic),Fiber optic,94.6,5948.7,No,0.055263361834942654,Low
6762-QVYJO,Female,0,Yes,Yes,58,Two year,Mailed check,DSL,59.75,3624.35,No,0.014330350921015412,Low
6199-IWKGC,Female,1,Yes,No,46,One year,Electronic check,Fiber optic,100.25,4753.85,No,0.2971980942542697,Low
2675-DHUTR,Male,1,Yes,No,58,Month-to-month,Electronic check,Fiber optic,98.9,5780.7,No,0.4857988594251145,Medium
8152-VETUR,Female,0,Yes,No,72,Two year,Credit card (automatic),Fiber optic,97.7,6869.7,No,0.07196333287059732,Low
9667-EQRXU,Female,1,No,No,30,Month-to-month,Electronic check,DSL,40.3,1172.95,Yes,0.4344118944982126,Medium
7446-YPODE,Male,1,No,No,11,Month-to-month,Bank transfer (automatic),DSL,60.25,662.95,No,0.2553880339951291,Low
9522-BNTHX,Female,1,No,No,34,Month-to-month,Electronic check,DSL,56.25,1765.95,No,0.42983335661746364,Medium
4676-WLUHT,Male,0,No,No,54,Two year,Bank transfer (automatic),DSL,46.2,2431.95,No,0.016266067810121035,Low
3329-WDIOK,Female,0,No,No,3,Month-to-month,Electronic check,DSL,50.6,155.35,Yes,0.7060423579314702,High
7980-MHFLQ,Female,0,Yes,Yes,72,Two year,Mailed check,No,24.9,1859.2,No,0.0017606008209484097,Low
2873-ZLIWT,Female,0,Yes,Yes,40,Month-to-month,Electronic check,Fiber optic,84.85,3303.05,Yes,0.31963004958563496,Medium
3415-TAILE,Female,0,Yes,Yes,2,Month-to-month,Mailed check,DSL,65.7,134.35,Yes,0.4054057631340844,Medium
0757-WCUUZ,Male,0,Yes,Yes,54,Two year,Credit card (automatic),DSL,63.35,3409.1,No,0.01949354203130247,Low
1629-DQQVB,Female,0,No,No,14,Month-to-month,Bank transfer (automatic),DSL,50.1,709.5,No,0.18450075354298925,Low
1915-IOFGU,Female,0,No,No,1,Month-to-month,Electronic check,Fiber optic,70.5,70.5,Yes,0.6286537656493036,Medium
3045-XETSH,Female,0,No,No,10,Month-to-month,Electronic check,Fiber optic,94.85,953.45,Yes,0.694809575114148,Medium
0374-AACSZ,Female,0,No,No,1,Month-to-month,Electronic check,DSL,50.15,50.15,No,0.3484496820926121,Medium
7239-HZZCX,Male,0,No,No,1,Month-to-month,Mailed check,No,19.75,19.75,Yes,0.19733759663480857,Low
4872-VXRIL,Male,0,No,No,56,One year,Bank transfer (automatic),DSL,64.65,3665.55,No,0.02414095226471009,Low
9140-CZQZZ,Female,0,Yes,No,68,Two year,Bank transfer (automatic),DSL,79.6,5515.8,No,0.012043378501920925,Low
3423-HHXAO,Female,0,Yes,Yes,14,One year,Mailed check,No,19.5,272.0,No,0.07209450564496284,Low
9938-TKDGL,Male,0,Yes,Yes,68,Two year,Electronic check,Fiber optic,99.55,6668.0,No,0.0473279104966927,Low
0531-ZZJWQ,Male,1,Yes,No,55,Month-to-month,Electronic check,Fiber optic,74.0,4052.4,No,0.3459097747301874,Medium
6537-QLGEX,Female,0,No,No,16,Month-to-month,Electronic check,DSL,38.9,664.4,No,0.45787948828260794,Medium
2688-BHGOG,Male,1,No,No,9,Month-to-month,Electronic check,Fiber optic,79.55,718.55,No,0.7277651297909368,High
7683-CBDKJ,Male,0,Yes,Yes,14,Month-to-month,Electronic check,DSL,65.45,937.6,Yes,0.2827976104394242,Low
0946-CLJTI,Male,1,Yes,No,58,Month-to-month,Electronic check,Fiber optic,98.7,5812.6,Yes,0.5185151058268631,Medium
3160-TYXLT,Male,0,No,No,53,Month-to-month,Bank transfer (automatic),DSL,46.3,2546.85,No,0.09725613314673852,Low
1325-USMEC,Male,0,Yes,No,70,Two year,Credit card (automatic),Fiber optic,99.35,6944.5,No,0.04401842840773808,Low
0916-QOFDP,Female,1,Yes,Yes,14,Month-to-month,Electronic check,Fiber optic,95.8,1346.3,No,0.7674298624016367,High
0628-CNQRM,Male,0,Yes,Yes,22,One year,Bank transfer (automatic),DSL,67.5,1544.05,Yes,0.07832106287013556,Low
5606-AMZBO,Female,0,Yes,No,10,Month-to-month,Credit card (automatic),Fiber optic,78.15,765.15,No,0.4982310470769744,Medium
6199-IPCAO,Female,0,Yes,Yes,29,Two year,Mailed check,No,26.1,692.55,No,0.015410223747425083,Low
7665-TOALD,Female,0,No,No,1,Month-to-month,Electronic check,Fiber optic,69.6,69.6,Yes,0.7035700856135974,High
0112-QWPNC,Male,0,Yes,No,49,One year,Electronic check,DSL,84.35,4059.35,Yes,0.06308233352849435,Low
0324-BRPCJ,Female,1,Yes,No,68,Month-to-month,Electronic check,Fiber optic,100.2,6851.65,Yes,0.4319857933293206,Medium
2777-PHDEI,Female,0,No,No,1,Month-to-month,Electronic check,Fiber optic,78.05,78.05,Yes,0.667153878575313,Medium
5640-CAXOA,Female,0,No,No,30,One year,Credit card (automatic),DSL,40.35,1187.05,No,0.13639890296493531,Low
2235-EZAIK,Female,0,Yes,No,72,Two year,Credit card (automatic),DSL,79.2,5401.9,No,0.005891705434995222,Low
3847-BAERP,Female,0,No,No,10,Month-to-month,Mailed check,No,20.9,247.0,No,0.18466246296375435,Low
1196-AMORA,Male,0,No,No,7,Month-to-month,Electronic check,Fiber optic,73.6,520.0,Yes,0.6261737396623369,Medium
4282-YMKNA,Female,0,No,No,9,Month-to-month,Electronic check,Fiber optic,74.75,706.6,Yes,0.6974321182234458,Medium
1453-RZFON,Female,0,No,Yes,1,Month-to-month,Mailed check,DSL,49.9,49.9,No,0.24110609584360662,Low
8263-OKETD,Female,0,No,No,20,Month-to-month,Credit card (automatic),DSL,68.9,1370.35,No,0.2507016473567113,Low
0670-KDOMA,Female,0,No,No,1,Month-to-month,Mailed check,No,20.25,20.25,No,0.2630708772758191,Low
2476-YGEFM,Female,0,No,No,29,Month-to-month,Credit card (automatic),Fiber optic,76.0,2215.25,No,0.4388763053657412,Medium
8687-BAFGU,Male,0,No,No,1,Month-to-month,Electronic check,Fiber optic,74.0,74.0,No,0.5289777883685955,Medium
0641-EVBOJ,Male,0,No,No,3,Month-to-month,Mailed check,Fiber optic,82.3,214.4,No,0.4134733474678027,Medium
0829-XXPLX,Female,0,No,No,20,Month-to-month,Bank transfer (automatic),Fiber optic,89.4,1871.15,No,0.4358361460310931,Medium
9974-JFBHQ,Male,0,No,Yes,64,Month-to-month,Credit card (automatic),Fiber optic,99.15,6171.2,No,0.15984712480221272,Low
5356-RHIPP,Male,0,No,No,1,Month-to-month,Mailed check,No,20.2,20.2,Yes,0.2585604874891335,Low
6624-JDRDS,Female,0,No,No,6,Month-to-month,Bank transfer (automatic),DSL,29.45,161.45,No,0.3622182664209113,Medium
0608-JDVEC,Male,0,Yes,No,50,Two year,Electronic check,No,19.8,1013.2,No,0.006349169759371318,Low
9780-FKVVF,Male,0,No,No,6,Month-to-month,Bank transfer (automatic),DSL,59.15,336.7,No,0.3500212604954312,Medium
1919-RTPQD,Male,0,Yes,Yes,7,Month-to-month,Electronic check,DSL,44.75,333.65,No,0.33890521764375625,Medium
5214-NLTIT,Male,0,Yes,Yes,72,Two year,Credit card (automatic),Fiber optic,90.8,6511.8,No,0.052722720034876554,Low
3345-PBBFH,Male,0,Yes,No,8,Month-to-month,Bank transfer (automatic),DSL,49.55,393.45,No,0.3350973474673463,Medium
5055-BRMNE,Female,0,Yes,Yes,67,Two year,Credit card (automatic),Fiber optic,106.7,7009.5,No,0.0360152201748538,Low
9189-JWSHV,Female,1,Yes,No,24,Month-to-month,Electronic check,Fiber optic,93.55,2264.05,Yes,0.7372393017737405,High
2190-PHBHR,Female,0,Yes,No,72,Two year,Credit card (automatic),Fiber optic,94.45,6921.7,No,0.042486593749312976,Low
2650-GYRYL,Male,0,Yes,Yes,33,One year,Bank transfer (automatic),No,19.45,600.25,No,0.028301438610024366,Low
0746-JTRFU,Male,0,No,No,2,Month-to-month,Electronic check,DSL,25.05,56.35,Yes,0.6611041006413779,Medium
5208-FVQKB,Male,0,Yes,No,70,Two year,Mailed check,DSL,67.95,4664.15,No,0.004372629117934178,Low
7184-LRUUR,Female,0,No,No,22,One year,Bank transfer (automatic),DSL,65.25,1441.8,No,0.11487651908615859,Low
6627-CFOSN,Female,0,No,No,59,Month-to-month,Bank transfer (automatic),Fiber optic,99.45,5623.7,No,0.21484378690710262,Low
3982-JGSFD,Male,0,No,No,36,One year,Credit card (automatic),No,20.35,695.85,No,0.02634972871172237,Low
1574-DYCWE,Female,0,Yes,Yes,51,Two year,Mailed check,No,19.95,1028.75,No,0.0036780521307371787,Low
7247-XOZPB,Male,0,Yes,No,53,One year,Bank transfer (automatic),DSL,77.4,4155.95,No,0.033022461628419764,Low
2466-FCCPT,Female,0,Yes,Yes,20,One year,Bank transfer (automatic),No,19.7,395.6,No,0.04098895148226573,Low
6211-WWLTF,Male,0,Yes,No,63,Two year,Credit card (automatic),Fiber optic,99.7,6330.4,No,0.04443745988986837,Low
4826-TZEVA,Female,0,No,No,40,Month-to-month,Credit card (automatic),Fiber optic,74.8,2971.7,No,0.1934343793640584,Low
6016-NXBNJ,Male,0,No,No,35,One year,Mailed check,No,19.15,638.0,No,0.027833029536287836,Low
9138-EFSMO,Male,0,Yes,Yes,26,One year,Bank transfer (automatic),Fiber optic,78.95,2034.25,No,0.21487658985928898,Low
0576-WNXXC,Male,1,Yes,No,27,Month-to-month,Electronic check,Fiber optic,95.55,2510.2,Yes,0.6245684577821986,Medium
4632-XJMEX,Male,0,No,Yes,53,One year,Credit card (automatic),DSL,62.85,3419.5,No,0.012093051595393645,Low
8910-LEDAG,Male,1,Yes,No,34,Month-to-month,Credit card (automatic),Fiber optic,71.55,2427.35,No,0.29639396349206537,Low
3452-GWUIN,Female,1,Yes,No,19,Month-to-month,Electronic check,Fiber optic,94.95,1760.25,No,0.7647202153406966,High
2716-GFZOR,Male,0,Yes,No,43,Month-to-month,Credit card (automatic),Fiber optic,86.1,3551.65,No,0.1763365761713324,Low
3724-UCSHY,Male,0,Yes,Yes,6,Month-to-month,Mailed check,No,19.55,122.9,No,0.13925801138282537,Low
8626-XHBIE,Male,0,No,Yes,56,Two year,Mailed check,No,24.8,1424.2,No,0.005419168469127574,Low
4628-CTTLA,Male,0,No,No,57,Month-to-month,Electronic check,DSL,39.3,2111.45,Yes,0.12698130568297436,Low
3192-LNKRK,Male,0,Yes,Yes,34,Month-to-month,Mailed check,Fiber optic,84.05,2909.95,No,0.355503973130845,Medium
4439-YRNVD,Female,0,No,No,10,Month-to-month,Electronic check,DSL,36.25,374.0,No,0.3614049046092786,Medium
2876-VBBBL,Female,0,No,No,1,Month-to-month,Mailed check,No,20.25,20.25,Yes,0.2630708772758191,Low
6834-NXDCA,Female,0,No,No,13,Month-to-month,Electronic check,DSL,23.9,300.8,Yes,0.5270993094647699,Medium
2208-UGTGR,Male,0,No,No,56,Month-to-month,Electronic check,Fiber optic,98.6,5581.05,No,0.3626512108208769,Medium
3005-TYFRD,Female,0,Yes,No,55,Month-to-month,Credit card (automatic),Fiber optic,103.65,5676.65,No,0.36702077556541446,Medium
8670-MEFCP,Female,0,Yes,Yes,36,Two year,Credit card (automatic),DSL,92.9,3379.25,No,0.03827453850614777,Low
3079-BCHLN,Male,0,Yes,No,47,One year,Bank transfer (automatic),No,19.9,942.95,No,0.011641737803300734,Low
7777-UNYHB,Female,0,Yes,Yes,12,Month-to-month,Credit card (automatic),No,20.1,232.4,No,0.14258667792278018,Low
5597-GLBUC,Female,0,No,No,1,Month-to-month,Electronic check,Fiber optic,85.45,85.45,Yes,0.7328904355893983,High
7278-CKDNC,Male,1,No,No,24,Month-to-month,Electronic check,Fiber optic,80.5,2088.45,No,0.6000830479410495,Medium
2748-MYRVK,Female,0,No,No,63,One year,Bank transfer (automatic),Fiber optic,99.9,6137.0,Yes,0.14885791682913058,Low
8450-UYIBU,Female,1,No,No,35,Month-to-month,Electronic check,DSL,39.85,1434.6,No,0.3822106965858008,Medium
2969-VAPYH,Female,0,No,No,67,One year,Credit card (automatic),DSL,60.5,3870.0,No,0.007184939601893286,Low
4822-YCXMX,Male,0,No,No,25,Month-to-month,Electronic check,Fiber optic,84.8,2043.45,Yes,0.6199041802831926,Medium
7181-OQCUT,Male,0,No,No,21,Month-to-month,Mailed check,Fiber optic,103.85,2215.0,No,0.448855704530749,Medium
8474-UMLNT,Female,0,No,No,13,Month-to-month,Bank transfer (automatic),DSL,67.8,842.25,No,0.14696731077647657,Low
9821-POOTN,Male,0,Yes,No,35,Month-to-month,Electronic check,Fiber optic,75.2,2576.2,Yes,0.46877127494290133,Medium
3836-FZSDJ,Male,1,Yes,No,71,Two year,Bank transfer (automatic),No,24.85,1901.0,No,0.002838196242338013,Low
9142-XMYJH,Female,0,No,No,29,Month-to-month,Credit card (automatic),No,19.35,601.6,No,0.05312037213543622,Low
6559-ILWKJ,Male,0,Yes,No,71,Two year,Electronic check,DSL,49.35,3515.25,Yes,0.020103695564184145,Low
0187-QSXOE,Male,1,Yes,No,7,Month-to-month,Electronic check,Fiber optic,89.0,605.45,No,0.7773309523108465,High
7733-UDMTP,Female,1,No,No,57,Month-to-month,Electronic check,DSL,55.0,3094.05,No,0.22599706949725465,Low
2649-HWLYB,Male,0,Yes,No,65,Two year,Bank transfer (automatic),DSL,76.15,4929.55,No,0.009986866100597725,Low
5214-CHIWJ,Male,0,No,No,27,One year,Mailed check,No,20.3,595.05,No,0.03138126654601839,Low
4229-CZMLL,Male,0,No,No,6,Month-to-month,Electronic check,Fiber optic,74.9,469.8,Yes,0.7141241933277015,High
6904-JLBGY,Female,1,No,No,72,Two year,Credit card (automatic),Fiber optic,117.35,8436.25,No,0.06643802843126538,Low
2465-BLLEU,Male,0,No,No,1,Month-to-month,Mailed check,No,19.75,19.75,No,0.257817142754495,Low
1685-VAYJF,Male,0,No,No,11,Month-to-month,Credit card (automatic),DSL,45.2,492.0,No,0.25254157459765675,Low
8874-EJNSR,Male,0,Yes,Yes,39,Two year,Mailed check,No,25.2,987.95,No,0.009145078921441849,Low
6917-YACBP,Female,1,No,No,59,Month-to-month,Electronic check,Fiber optic,89.75,5496.9,No,0.2651035372635374,Low
5049-MUBWG,Male,0,No,No,26,One year,Bank transfer (automatic),DSL,75.0,1908.35,No,0.07546715568619553,Low
4223-WOZCM,Male,1,No,No,2,Month-to-month,Mailed check,DSL,49.95,107.1,No,0.3789022863069541,Medium
0769-MURVM,Female,0,Yes,Yes,72,Two year,Bank transfer (automatic),DSL,65.7,4575.35,No,0.007668177948932102,Low
9253-VIFJQ,Male,0,Yes,No,65,One year,Credit card (automatic),DSL,67.05,4309.55,No,0.01605026466810404,Low
7030-FZTFM,Male,0,Yes,Yes,72,Two year,Credit card (automatic),Fiber optic,110.9,7922.75,No,0.04110615982016844,Low
9741-YLNTD,Male,0,No,No,6,Month-to-month,Bank transfer (automatic),Fiber optic,87.95,522.35,No,0.6075656049377447,Medium
5917-RYRMG,Male,1,No,No,32,One year,Credit card (automatic),No,19.8,587.7,No,0.02802709590671392,Low
5120-ZBLAI,Female,0,Yes,No,50,One year,Bank transfer (automatic),DSL,75.7,3876.2,No,0.09083884837788685,Low
1194-BHJYC,Male,0,Yes,No,61,Two year,Mailed check,DSL,62.15,3778.85,No,0.020620477173013508,Low
3663-MITLP,Female,0,No,No,15,Month-to-month,Electronic check,Fiber optic,101.25,1457.25,Yes,0.6560371001667455,Medium
0906-QVPMS,Male,0,Yes,No,72,Two year,Bank transfer (automatic),Fiber optic,115.15,8349.45,No,0.03996904124284357,Low
9025-ZRPVR,Male,0,No,No,9,Month-to-month,Mailed check,No,18.95,185.6,Yes,0.1847320915530243,Low
1905-OEILC,Female,0,No,No,1,Month-to-month,Mailed check,No,19.5,19.5,No,0.20065430049344815,Low
7858-GTZSP,Female,0,No,No,12,Month-to-month,Electronic check,Fiber optic,86.55,1066.9,No,0.7280888806674761,High
3285-UCQVC,Female,0,No,No,37,Month-to-month,Credit card (automatic),DSL,28.6,973.55,Yes,0.09886233523892113,Low
6248-BSHKG,Male,0,Yes,Yes,61,One year,Mailed check,No,20.4,1226.45,No,0.004525004347897643,Low
4685-TFLLS,Male,0,Yes,Yes,18,One year,Bank transfer (automatic),No,19.8,342.3,No,0.04422005712778198,Low
3470-BTGQO,Male,0,No,Yes,21,Month-to-month,Mailed check,DSL,45.65,985.05,No,0.1615660649639979,Low
1209-VFFOC,Male,0,Yes,Yes,68,Two year,Mailed check,DSL,56.4,3948.45,No,0.0086087697100225,Low
8224-DWCKX,Male,1,No,No,12,Month-to-month,Credit card (automatic),Fiber optic,73.3,828.05,No,0.6188148038344966,Medium
5482-PLVPE,Female,1,No,No,2,Month-to-month,Electronic check,DSL,24.35,41.85,Yes,0.6333187417239736,Medium
4553-DVPZG,Female,0,Yes,No,62,Month-to-month,Electronic check,Fiber optic,101.35,6164.7,No,0.44598451833801633,Medium
4902-OHLSK,Female,1,No,No,29,Month-to-month,Electronic check,Fiber optic,98.65,2862.75,Yes,0.5506415989815435,Medium
6917-IAYHD,Male,0,No,Yes,1,Month-to-month,Mailed check,DSL,33.6,33.6,No,0.3298969714255227,Medium
0495-ZBNGW,Male,1,Yes,No,5,Month-to-month,Bank transfer (automatic),Fiber optic,79.9,343.95,Yes,0.6886370616811527,Medium
8620-RJPZN,Female,0,No,No,1,Month-to-month,Electronic check,No,20.7,20.7,No,0.26712715493955935,Low
7572-KPVKK,Male,0,No,Yes,62,Two year,Electronic check,Fiber optic,104.05,6590.5,No,0.11011131444234948,Low
2642-MAWLJ,Female,0,Yes,Yes,36,Two year,Bank transfer (automatic),No,20.25,717.95,No,0.008591110869203925,Low
2357-COQEK,Female,1,No,No,28,Month-to-month,Electronic check,Fiber optic,103.3,2890.65,Yes,0.6364821933811793,Medium
7103-ZGVNT,Female,0,Yes,Yes,69,One year,Credit card (automatic),DSL,73.7,4885.85,No,0.011372073450153009,Low
3737-GCSPV,Female,0,Yes,No,11,Month-to-month,Credit card (automatic),Fiber optic,96.2,1222.05,Yes,0.4788501853575562,Medium
2027-WKXMW,Female,0,Yes,No,63,Month-to-month,Electronic check,Fiber optic,108.75,6871.7,No,0.34865052227844384,Medium
7137-NAXML,Male,0,No,No,23,One year,Bank transfer (automatic),No,20.15,405.6,No,0.03945100511193995,Low
2428-ZMCTB,Male,0,No,No,10,Month-to-month,Credit card (automatic),No,19.75,208.25,No,0.12998317689383318,Low
2961-VNFKL,Female,0,Yes,No,71,Two year,Credit card (automatic),No,25.95,1801.9,No,0.0029750320068536143,Low
1768-HNVGJ,Female,1,No,No,45,Month-to-month,Electronic check,DSL,70.05,3062.45,No,0.16077454943615052,Low
6963-KQYQB,Female,0,Yes,Yes,70,Two year,Mailed check,No,24.05,1764.75,No,0.0019092753059362017,Low
5934-RMPOV,Female,0,No,Yes,22,Month-to-month,Electronic check,Fiber optic,84.75,1816.75,No,0.6132587202077922,Medium
1207-BLKSA,Female,0,Yes,Yes,52,Two year,Mailed check,No,23.05,1255.1,No,0.004657980922651923,Low
4088-YLDSU,Male,0,Yes,No,55,One year,Electronic check,Fiber optic,104.15,5743.05,Yes,0.2630781243124454,Low
8316-BBQAY,Female,0,No,No,65,Two year,Credit card (automatic),DSL,59.95,3921.1,No,0.011881838198640627,Low
1166-PQLGG,Female,0,Yes,Yes,72,Two year,Bank transfer (automatic),No,19.55,1463.45,No,0.001295882580174844,Low
3146-JTQHR,Male,0,Yes,No,10,One year,Bank transfer (automatic),No,19.6,189.45,No,0.07626193348041424,Low
4291-YZODP,Female,0,No,Yes,7,One year,Mailed check,No,20.05,96.8,No,0.07311117009855525,Low
4395-PZMSN,Male,1,No,No,5,Month-to-month,Electronic check,Fiber optic,85.55,408.5,No,0.7217591342936869,High
6427-FEFIG,Female,0,Yes,Yes,24,Two year,Credit card (automatic),DSL,78.6,1846.65,No,0.05568028735461986,Low
0017-IUDMW,Female,0,Yes,Yes,72,Two year,Credit card (automatic),Fiber optic,116.8,8456.75,No,0.047159195728864796,Low
8706-HRADD,Male,0,No,No,21,Month-to-month,Mailed check,DSL,43.55,1011.5,No,0.2462320454498275,Low
9955-QOPOY,Male,0,Yes,No,69,One year,Credit card (automatic),DSL,60.8,4263.4,No,0.03789879321380106,Low
4385-ZKVNW,Male,0,Yes,Yes,44,Month-to-month,Bank transfer (automatic),DSL,54.9,2549.1,No,0.06547885854782666,Low
5446-DKWYW,Female,1,Yes,Yes,61,One year,Electronic check,DSL,65.2,3965.05,No,0.08118606094655653,Low
2034-CGRHZ,Male,1,No,No,24,Month-to-month,Credit card (automatic),Fiber optic,102.95,2496.7,Yes,0.6123255540872931,Medium
5797-APWZC,Female,0,No,No,1,Month-to-month,Electronic check,Fiber optic,90.6,90.6,Yes,0.7146747946263927,High
3683-QKIUE,Female,0,No,No,6,Month-to-month,Bank transfer (automatic),DSL,50.8,288.05,Yes,0.31668432799146673,Medium
4228-ZGYUW,Male,0,No,No,4,Month-to-month,Electronic check,Fiber optic,90.05,368.1,Yes,0.7357529877560394,High
9031-ZVQPT,Male,0,Yes,No,72,Two year,Electronic check,Fiber optic,108.2,7840.6,No,0.09042710562170042,Low
2990-IAJSV,Male,0,No,No,72,Two year,Bank transfer (automatic),DSL,92.0,6632.75,No,0.011509997251245145,Low
8107-KNCIM,Male,1,Yes,No,14,Month-to-month,Electronic check,Fiber optic,75.1,1013.35,No,0.6964613858349867,Medium
9027-YFHQJ,Male,0,No,No,7,Month-to-month,Bank transfer (automatic),No,25.05,152.95,No,0.25628242330354745,Low
5176-LDKUH,Female,0,No,No,48,One year,Electronic check,Fiber optic,75.15,3772.65,No,0.12664986276121462,Low
4644-OBGFZ,Male,0,Yes,Yes,55,One year,Mailed check,No,19.5,1026.35,No,0.006001493541419663,Low
7926-IJOOU,Male,0,No,No,1,Month-to-month,Credit card (automatic),No,19.3,19.3,No,0.19272466965627388,Low
6480-YAGIY,Male,0,No,No,45,One year,Credit card (automatic),Fiber optic,112.2,5031.85,No,0.10025540609323991,Low
4029-HPFVY,Male,0,No,No,3,Month-to-month,Mailed check,Fiber optic,70.3,220.4,No,0.6021098666332152,Medium
7602-DBTOU,Female,0,Yes,No,71,Two year,Mailed check,No,19.6,1416.5,No,0.0014881838974644915,Low
5345-BMKWB,Male,0,Yes,No,8,Month-to-month,Mailed check,No,20.25,158.35,No,0.1459498322189759,Low
3519-ZKXGG,Female,0,Yes,No,3,Month-to-month,Electronic check,Fiber optic,75.85,256.6,Yes,0.7423554228758392,High
5457-COLHT,Male,0,Yes,Yes,69,Two year,Bank transfer (automatic),DSL,80.65,5542.55,No,0.0068700138758202405,Low
6416-TVAIH,Male,0,Yes,Yes,1,Month-to-month,Electronic check,Fiber optic,68.5,68.5,Yes,0.6633294476162607,Medium
5451-YHYPW,Female,1,Yes,No,72,Two year,Credit card (automatic),Fiber optic,115.75,8443.7,No,0.06590290859190139,Low
5108-ADXWO,Male,0,No,No,11,Month-to-month,Electronic check,Fiber optic,73.5,791.75,Yes,0.5169852223599861,Medium
7998-WNZEM,Male,0,No,No,71,Two year,Bank transfer (automatic),DSL,80.6,5708.2,No,0.007489535033972919,Low
3066-RRJIO,Female,0,No,No,1,Month-to-month,Mailed check,Fiber optic,69.95,69.95,Yes,0.6235778844656042,Medium
4664-NJCMS,Female,0,Yes,No,33,Two year,Bank transfer (automatic),DSL,59.55,2016.3,No,0.04533876508981781,Low
0307-BCOPK,Female,0,No,No,16,One year,Mailed check,No,19.05,326.65,No,0.05459972154548429,Low
7629-WFGLW,Female,1,Yes,No,56,One year,Electronic check,Fiber optic,95.65,5471.75,No,0.09640121016513113,Low
2542-HYGIQ,Female,0,No,No,1,Month-to-month,Credit card (automatic),No,19.95,19.95,No,0.19720879121693988,Low
6715-OFDBP,Male,0,No,No,5,Month-to-month,Electronic check,DSL,70.05,346.4,Yes,0.5711880271948688,Medium
5016-LIPDW,Male,0,Yes,Yes,57,One year,Mailed check,No,19.4,1061.6,No,0.005390608884150895,Low
6481-LXPWL,Male,0,Yes,Yes,56,One year,Credit card (automatic),DSL,36.1,1971.5,No,0.033673975236933676,Low
1567-DSCIC,Male,0,No,No,8,Month-to-month,Electronic check,Fiber optic,94.0,773.65,Yes,0.6990821451202218,Medium
2150-UWTFY,Female,0,Yes,Yes,22,Month-to-month,Mailed check,DSL,61.15,1422.05,Yes,0.10246925400107804,Low
6124-ACRHJ,Female,0,No,No,1,Month-to-month,Mailed check,No,19.75,19.75,No,0.20100035980981326,Low
9362-MWODR,Female,0,No,Yes,40,Month-to-month,Credit card (automatic),DSL,64.1,2460.35,No,0.07158163108241236,Low
9975-GPKZU,Male,0,Yes,Yes,46,Two year,Credit card (automatic),No,19.75,856.5,No,0.004448295772450788,Low
9625-RZFUK,Male,0,Yes,Yes,63,Two year,Mailed check,No,19.7,1275.85,No,0.0019110457252993253,Low
5153-LXKDT,Male,0,Yes,Yes,68,Two year,Electronic check,Fiber optic,110.2,7467.5,No,0.08656416761094482,Low
5161-UBZXI,Male,0,Yes,Yes,69,Two year,Credit card (automatic),Fiber optic,106.35,7261.75,No,0.031621599935054014,Low
1020-JPQOW,Female,0,Yes,No,56,Month-to-month,Electronic check,Fiber optic,90.55,5116.6,No,0.18467745042542452,Low
7919-ZODZZ,Female,0,Yes,Yes,10,One year,Mailed check,DSL,65.9,660.05,No,0.1923822532925116,Low
0565-JUPYD,Male,0,No,No,63,One year,Credit card (automatic),Fiber optic,104.5,6590.8,No,0.060474456835499235,Low
6867-ACCZI,Female,0,Yes,Yes,24,Two year,Mailed check,DSL,52.5,1208.15,No,0.046325650980467904,Low
5939-XAIXZ,Female,0,No,No,19,Month-to-month,Mailed check,DSL,56.1,1033.9,No,0.3104002847890242,Medium
9054-FOWNV,Male,0,Yes,Yes,22,Month-to-month,Electronic check,Fiber optic,88.75,1885.15,No,0.5960409949118646,Medium
2683-BPJSO,Male,0,Yes,No,29,Month-to-month,Electronic check,Fiber optic,84.45,2467.1,Yes,0.4037531124810026,Medium
2157-MXBJS,Male,0,Yes,No,13,One year,Mailed check,DSL,75.3,989.45,Yes,0.3152024172707332,Medium
8207-VVMYB,Female,0,Yes,No,70,Two year,Bank transfer (automatic),No,26.0,2006.95,No,0.003676790180107991,Low
9732-EQMWY,Female,0,Yes,No,49,Month-to-month,Electronic check,Fiber optic,99.4,5025.0,No,0.3568938422869621,Medium
9360-AHGNL,Female,1,Yes,No,43,One year,Mailed check,Fiber optic,109.55,4830.25,Yes,0.24268458959012645,Low
1087-UDSIH,Female,0,No,No,3,Month-to-month,Mailed check,No,19.6,59.75,Yes,0.2420914119341038,Low
5269-NRGDP,Male,0,Yes,Yes,42,One year,Electronic check,DSL,73.15,3088.25,No,0.06935016110426932,Low
6195-MELTI,Male,0,No,No,57,One year,Mailed check,DSL,54.65,3134.7,No,0.021304417581621906,Low
5485-WUYWF,Male,1,No,No,2,Month-to-month,Bank transfer (automatic),DSL,66.4,94.55,Yes,0.34530571724154024,Medium
2121-JAFOM,Female,0,Yes,No,72,Two year,Credit card (automatic),Fiber optic,115.55,8312.4,No,0.05184380984752158,Low
8818-DOPVL,Female,1,No,No,46,Month-to-month,Electronic check,Fiber optic,104.45,4863.85,No,0.5823987065350114,Medium
2632-UCGVD,Male,1,Yes,No,66,Month-to-month,Credit card (automatic),Fiber optic,100.05,6871.9,Yes,0.31843333398838386,Medium
5445-PZWGX,Male,0,No,No,62,One year,Electronic check,Fiber optic,102.0,6529.25,Yes,0.09709837371943209,Low
1227-UDMZR,Female,0,Yes,No,72,Two year,Bank transfer (automatic),DSL,91.15,6637.9,No,0.016504372332679755,Low
5198-HQAEN,Male,0,Yes,Yes,35,One year,Electronic check,Fiber optic,89.7,3165.6,No,0.20117981988864336,Low
9170-CCKOU,Male,0,Yes,No,17,Month-to-month,Credit card (automatic),Fiber optic,90.2,1454.15,Yes,0.31349131014330134,Medium
2167-FQSTQ,Female,0,Yes,No,72,Two year,Electronic check,DSL,92.4,6786.1,No,0.023445119102370748,Low
2819-GWENI,Female,0,Yes,Yes,28,One year,Mailed check,No,19.9,543.0,No,0.025592873652168623,Low
1043-YCUTE,Male,0,Yes,No,56,Two year,Credit card (automatic),No,25.15,1327.15,Yes,0.00601399396647496,Low
3814-MLAXC,Female,0,No,No,31,Month-to-month,Credit card (automatic),Fiber optic,79.85,2404.15,Yes,0.3341296370490394,Medium
3572-UUHRS,Male,0,No,No,45,One year,Bank transfer (automatic),No,18.85,867.3,No,0.012640088957537394,Low
2692-PFYTJ,Female,0,No,No,1,Month-to-month,Mailed check,No,25.75,25.75,No,0.31343410366772917,Medium
1226-UDFZR,Female,0,No,No,2,Month-to-month,Mailed check,DSL,49.6,114.7,Yes,0.3870148010952571,Medium
5955-EPOAZ,Female,0,No,No,6,Month-to-month,Mailed check,No,20.95,109.5,No,0.21556013995460985,Low
6821-JPCDC,Female,0,Yes,No,48,One year,Electronic check,Fiber optic,97.05,4692.95,No,0.27189052221313914,Low
8815-LMFLX,Male,0,Yes,Yes,25,Month-to-month,Bank transfer (automatic),No,25.4,546.85,No,0.1037716646030911,Low
9135-HSWOC,Male,0,Yes,Yes,64,Two year,Bank transfer (automatic),No,19.7,1274.05,No,0.0027043309153264718,Low
8582-KRHPJ,Male,0,No,No,50,Month-to-month,Mailed check,DSL,35.0,1782.4,No,0.07145225115230237,Low
5811-IWXYM,Female,0,Yes,Yes,52,One year,Bank transfer (automatic),Fiber optic,101.25,5301.1,No,0.20117716294564403,Low
7044-YAACC,Male,1,Yes,No,4,Month-to-month,Electronic check,Fiber optic,70.2,280.35,No,0.7210390367188156,High
8189-XRIKE,Female,1,No,No,32,Month-to-month,Electronic check,Fiber optic,90.95,2897.95,No,0.5478735698627375,Medium
1506-YJTYT,Male,0,Yes,Yes,45,Two year,Credit card (automatic),DSL,73.85,3371.0,No,0.013318585724484943,Low
4123-DVHPH,Male,0,Yes,No,9,Month-to-month,Electronic check,Fiber optic,88.05,801.3,No,0.6514953925622086,Medium
6425-YQLLO,Female,1,Yes,No,66,One year,Credit card (automatic),Fiber optic,105.95,6975.25,Yes,0.19351288417862628,Low
5442-UTCVD,Male,0,No,Yes,3,Month-to-month,Electronic check,Fiber optic,91.85,257.05,Yes,0.6645234047628593,Medium
2228-BZDEE,Female,0,No,No,54,Two year,Mailed check,No,20.1,1079.45,No,0.0036546392341652197,Low
7734-DBOAI,Female,0,Yes,Yes,1,Month-to-month,Electronic check,DSL,40.1,40.1,Yes,0.514230244554235,Medium
2789-CZANW,Female,0,Yes,Yes,64,Two year,Bank transfer (automatic),Fiber optic,110.3,6997.3,No,0.038645716851671244,Low
2091-RFFBA,Female,1,No,No,31,Month-to-month,Electronic check,Fiber optic,73.9,2217.15,Yes,0.5544325861518271,Medium
2114-MGINA,Female,0,No,No,14,Month-to-month,Mailed check,Fiber optic,89.8,1129.1,Yes,0.6120741470838841,Medium
7596-LDUXP,Female,0,No,No,12,One year,Credit card (automatic),Fiber optic,85.15,979.05,No,0.31606502729403413,Medium
3740-RLMVT,Male,1,Yes,No,67,One year,Bank transfer (automatic),DSL,60.95,4119.4,No,0.014465320768164376,Low
4489-SNOJF,Female,0,Yes,Yes,35,Month-to-month,Electronic check,DSL,72.25,2568.55,Yes,0.11744376123945076,Low
2192-OZITF,Female,0,No,No,45,Two year,Mailed check,DSL,73.55,3349.1,No,0.02015987622386529,Low
5651-CPDND,Male,0,No,No,10,Month-to-month,Mailed check,DSL,46.0,492.1,No,0.2701735001278164,Low
2186-QZEYA,Female,1,No,No,29,Month-to-month,Bank transfer (automatic),DSL,58.55,1718.95,No,0.19085477761849773,Low
1131-ALZWV,Female,0,No,No,24,One year,Bank transfer (automatic),No,24.6,605.25,No,0.05071010511869339,Low
7729-XBTWX,Male,0,Yes,Yes,66,Two year,Mailed check,No,19.75,1344.5,No,0.0023109580818967673,Low
9134-WYRVP,Male,0,No,No,51,One year,Mailed check,Fiber optic,86.35,4267.15,No,0.08581575389147665,Low
3284-SVCRO,Female,0,Yes,No,45,Two year,Mailed check,No,25.5,1121.05,No,0.008029342988649638,Low
9732-OUYRN,Female,0,Yes,No,49,One year,Credit card (automatic),No,19.0,918.7,No,0.009568847778576573,Low
0559-CKHUS,Female,0,Yes,No,29,Two year,Mailed check,No,19.55,521.8,No,0.018654514156899397,Low
2931-SVLTV,Male,0,Yes,Yes,40,Month-to-month,Credit card (automatic),Fiber optic,110.1,4469.1,No,0.28222211882968695,Low
6899-PPEEA,Female,1,No,No,37,Month-to-month,Electronic check,Fiber optic,96.55,3580.3,Yes,0.669123405224792,Medium
7504-UWHNB,Male,0,No,No,25,Month-to-month,Electronic check,Fiber optic,69.75,1729.35,No,0.4025813321011072,Medium
2582-FFFZR,Female,0,No,No,22,Month-to-month,Electronic check,DSL,50.6,1073.3,No,0.5415538700863465,Medium
8908-NMQTX,Male,0,No,No,72,Two year,Bank transfer (automatic),DSL,65.6,4566.5,No,0.01224664304670253,Low
2187-LZGPL,Female,0,No,No,7,Month-to-month,Credit card (automatic),DSL,40.1,293.3,Yes,0.5260630150842742,Medium
1431-AIDJQ,Male,0,Yes,Yes,33,Two year,Credit card (automatic),DSL,82.1,2603.1,No,0.029129181781141444,Low
6288-LBEAR,Female,0,No,No,23,Month-to-month,Mailed check,Fiber optic,79.1,1783.75,No,0.30770179954061433,Medium
4597-NUCQV,Male,1,No,No,24,Month-to-month,Electronic check,Fiber optic,101.25,2440.15,Yes,0.7127096875542951,High
9019-QVLZD,Female,0,No,No,1,Month-to-month,Electronic check,Fiber optic,79.55,79.55,Yes,0.6700204566276052,Medium
8413-YNHNV,Male,0,No,No,69,Two year,Mailed check,DSL,90.65,6322.1,No,0.011570489080198285,Low
5808-TOTXO,Female,0,No,Yes,3,One year,Credit card (automatic),No,20.55,57.4,No,0.12011351079550199,Low
4369-NYSCF,Male,0,No,No,56,One year,Bank transfer (automatic),DSL,75.75,4284.65,No,0.049920364814247165,Low
6333-YDVLT,Male,0,No,No,65,One year,Credit card (automatic),Fiber optic,110.0,7138.65,No,0.12312873133946751,Low
5324-KTGCG,Male,0,Yes,No,71,One year,Electronic check,No,20.85,1539.75,No,0.004663695206966182,Low
5599-HVLTW,Female,1,No,No,14,Month-to-month,Bank transfer (automatic),Fiber optic,80.35,1058.1,No,0.6255187573019166,Medium
7394-LWLYN,Female,0,No,No,2,Month-to-month,Electronic check,Fiber optic,70.15,123.8,No,0.6957218727590886,Medium
3707-LRWZD,Female,0,No,No,32,One year,Electronic check,Fiber optic,84.05,2781.85,Yes,0.3306018203452125,Medium
6873-UDNLD,Male,0,No,No,40,Month-to-month,Electronic check,DSL,67.45,2731.0,No,0.12562880373348895,Low
2700-LUEVA,Male,0,No,No,1,Month-to-month,Credit card (automatic),No,20.75,20.75,No,0.19467784215177183,Low
1455-ESIQH,Male,0,No,No,1,Month-to-month,Electronic check,Fiber optic,89.1,89.1,Yes,0.7734630076639504,High
0958-YHXGP,Female,0,No,No,7,Month-to-month,Mailed check,Fiber optic,69.9,497.3,No,0.5708645173007721,Medium
1101-SSWAG,Female,0,Yes,No,15,Month-to-month,Electronic check,DSL,51.1,711.15,No,0.4389345043797898,Medium
2979-SXESE,Female,0,Yes,Yes,17,Month-to-month,Electronic check,Fiber optic,94.4,1607.2,Yes,0.46918021800566295,Medium
4013-TLDHQ,Male,0,No,No,19,Month-to-month,Electronic check,Fiber optic,78.25,1490.95,Yes,0.4968230495496988,Medium
5743-KHMNA,Male,0,No,No,71,Two year,Bank transfer (automatic),No,25.55,1898.1,No,0.002304660203356433,Low
4194-FJARJ,Female,0,Yes,Yes,54,Two year,Bank transfer (automatic),DSL,60.0,3273.95,No,0.008500597332005134,Low
5325-UWTWJ,Male,0,Yes,No,31,Month-to-month,Credit card (automatic),Fiber optic,90.55,2929.75,No,0.24676748635005374,Low
3969-GYXEL,Female,0,No,No,11,Month-to-month,Electronic check,Fiber optic,76.4,838.7,No,0.4462832498279339,Medium
9208-OLGAQ,Female,1,No,No,18,Month-to-month,Electronic check,Fiber optic,84.95,1443.65,No,0.6579019990997326,Medium
3244-CQPHU,Female,1,No,No,72,Two year,Bank transfer (automatic),Fiber optic,110.1,7746.7,No,0.06068207965680606,Low
2674-MLXMN,Female,1,No,No,71,Month-to-month,Credit card (automatic),Fiber optic,99.65,6951.15,No,0.30692285547123893,Medium
9708-HPXWZ,Male,1,No,No,5,Month-to-month,Credit card (automatic),DSL,45.4,214.75,No,0.444832362736496,Medium
6992-TKNYO,Male,0,Yes,No,38,One year,Credit card (automatic),DSL,69.0,2669.45,No,0.065056199653621,Low
4468-YDOVK,Male,0,No,Yes,5,Month-to-month,Bank transfer (automatic),DSL,48.65,235.2,No,0.2842407757269169,Low
3754-DXMRT,Male,1,No,No,2,Month-to-month,Electronic check,DSL,44.15,92.65,Yes,0.5638487101244292,Medium
5792-JALQC,Female,1,No,No,52,Two year,Bank transfer (automatic),DSL,59.85,3103.25,No,0.017826757898456436,Low
7130-VTEWQ,Female,1,No,No,8,Month-to-month,Electronic check,Fiber optic,75.75,606.25,Yes,0.7468775438072052,High
2200-DSAAL,Female,0,No,No,68,Two year,Electronic check,DSL,80.65,5330.2,No,0.03937058940924041,Low
4302-ZYFEL,Male,0,Yes,Yes,69,One year,Credit card (automatic),No,20.55,1403.1,No,0.004113474360771472,Low
9351-LZYGF,Female,0,Yes,No,42,Month-to-month,Credit card (automatic),DSL,66.4,2727.8,No,0.07299039780989686,Low
4366-CTOUZ,Female,0,No,No,50,Two year,Mailed check,Fiber optic,100.2,5038.45,No,0.0823869330785696,Low
6121-VZNQB,Female,0,No,No,1,Month-to-month,Mailed check,No,19.1,19.1,Yes,0.2611525593605173,Low
7903-CMPEY,Male,1,Yes,No,1,Month-to-month,Electronic check,Fiber optic,80.3,80.3,Yes,0.711325632047229,High
1518-OMDIK,Male,0,Yes,No,33,Month-to-month,Credit card (automatic),DSL,44.55,1462.6,No,0.14989833425885857,Low
6671-NGWON,Female,0,No,No,7,Month-to-month,Mailed check,No,20.35,150.6,No,0.15597626957401695,Low
0595-ITUDF,Male,0,Yes,Yes,64,Month-to-month,Electronic check,Fiber optic,91.8,5960.5,No,0.17669099047032236,Low
6996-KNSML,Female,0,No,No,1,Month-to-month,Electronic check,Fiber optic,74.9,74.9,Yes,0.6930821349880979,Medium
1955-IBMMB,Male,0,No,No,59,Two year,Bank transfer (automatic),No,20.2,1192.3,No,0.004141955927296786,Low
0096-BXERS,Female,0,Yes,No,6,Month-to-month,Electronic check,DSL,50.35,314.55,No,0.4523732965085748,Medium
3806-YAZOV,Female,0,No,No,3,Month-to-month,Mailed check,No,18.8,56.0,No,0.1832083519010805,Low
7998-ZLXWN,Female,0,Yes,No,15,Month-to-month,Credit card (automatic),No,20.45,330.8,No,0.10650571072592538,Low
6253-WRFHY,Male,0,Yes,Yes,13,One year,Electronic check,DSL,64.75,877.35,No,0.31095764776991613,Medium
9133-AYJZG,Female,0,No,No,23,Month-to-month,Credit card (automatic),Fiber optic,98.7,2249.1,No,0.5766835668837613,Medium
2675-OTVVJ,Male,1,Yes,No,31,Month-to-month,Electronic check,Fiber optic,89.45,2807.65,No,0.45740620626864964,Medium
8680-CGLTP,Male,0,No,No,29,One year,Electronic check,DSL,58.75,1696.2,No,0.06441746242238773,Low
8430-TWCBX,Female,0,Yes,No,49,One year,Credit card (automatic),No,20.7,1032.05,No,0.01005674939484946,Low
5018-GWURO,Female,0,Yes,No,56,Month-to-month,Bank transfer (automatic),Fiber optic,85.6,4902.8,No,0.32866527693925524,Medium
6741-QRLUP,Female,0,No,No,63,Two year,Credit card (automatic),DSL,80.3,4995.35,No,0.012595085306199487,Low
4737-HOBAX,Male,0,Yes,No,63,Two year,Credit card (automatic),DSL,79.8,5034.05,No,0.018812122068591126,Low
0537-QYZZN,Male,1,Yes,Yes,24,Month-to-month,Electronic check,Fiber optic,79.85,1857.75,No,0.4867734894697762,Medium
3340-QBBFM,Male,1,Yes,No,36,One year,Credit card (automatic),DSL,54.1,1992.85,No,0.047976726481965326,Low
1704-NRWYE,Female,1,No,No,9,Month-to-month,Electronic check,Fiber optic,80.85,751.65,Yes,0.7343447935367007,High
2592-SEIFQ,Male,0,No,No,3,Month-to-month,Electronic check,DSL,24.75,66.95,Yes,0.5656804625934041,Medium
8200-KLNYW,Female,0,Yes,No,21,One year,Mailed check,DSL,80.9,1714.95,No,0.08669774679352596,Low
3372-CDXFJ,Male,0,Yes,Yes,13,One year,Bank transfer (automatic),No,24.5,343.6,No,0.07313685301283765,Low
4781-ZXYGU,Male,0,Yes,Yes,1,Month-to-month,Bank transfer (automatic),No,20.15,20.15,No,0.2413022116345604,Low
7632-YUTXB,Female,0,Yes,Yes,25,One year,Mailed check,No,20.05,520.1,No,0.030235947099405185,Low
2718-YSKCS,Male,0,Yes,Yes,71,Two year,Bank transfer (automatic),No,19.6,1387.45,No,0.0018528628788476215,Low
9896-UYMIE,Male,0,No,No,66,One year,Bank transfer (automatic),Fiber optic,114.3,7383.7,No,0.11518142936128319,Low
0853-NWIFK,Female,0,No,No,45,One year,Electronic check,Fiber optic,100.3,4483.95,No,0.23185484202959603,Low
8212-CRQXP,Female,0,Yes,No,22,Month-to-month,Credit card (automatic),Fiber optic,80.0,1706.45,No,0.4868087731508842,Medium
6980-CDGFC,Female,0,Yes,No,67,One year,Bank transfer (automatic),No,20.85,1327.4,No,0.005904718676893736,Low
7691-XVTZH,Female,0,Yes,No,68,Two year,Bank transfer (automatic),Fiber optic,89.95,5974.3,No,0.07080559328109487,Low
2520-SGTTA,Female,0,Yes,Yes,0,Two year,Mailed check,No,20.0,1397.475,No,0.07830412020851538,Low
7481-ATQQS,Female,1,No,No,49,Month-to-month,Credit card (automatic),Fiber optic,90.85,4515.85,Yes,0.41515381420191794,Medium
2277-VWCNI,Female,1,No,No,4,Month-to-month,Mailed check,DSL,48.75,179.85,No,0.42986936667403375,Medium
1088-CNNKB,Male,0,Yes,No,63,One year,Credit card (automatic),DSL,80.0,5040.2,No,0.018702625321017925,Low
8642-GVWRF,Female,0,Yes,No,2,Month-to-month,Bank transfer (automatic),Fiber optic,79.7,165.0,Yes,0.49052412885175806,Medium
1930-BZLHI,Male,0,No,No,21,One year,Mailed check,No,20.35,422.7,No,0.05822876001266993,Low
3400-ESFUW,Male,0,Yes,Yes,55,Two year,Bank transfer (automatic),DSL,57.55,3046.4,Yes,0.004723417441631017,Low
5868-YTYKS,Male,0,No,Yes,1,Month-to-month,Mailed check,No,20.25,20.25,No,0.22987311935374302,Low
3525-DVKFN,Female,0,No,No,17,Two year,Mailed check,No,19.4,358.05,No,0.025234102981002236,Low
1482-OXZSY,Male,0,No,No,30,Month-to-month,Bank transfer (automatic),Fiber optic,100.4,2936.25,No,0.491601168132248,Medium
0377-JBKKT,Male,0,Yes,Yes,22,Month-to-month,Mailed check,DSL,57.95,1271.8,No,0.09587351847654428,Low
5778-BVOFB,Female,0,No,No,9,Month-to-month,Bank transfer (automatic),DSL,59.5,530.05,No,0.33326126003151296,Medium
3373-YZZYM,Male,0,Yes,Yes,1,Month-to-month,Mailed check,No,19.2,19.2,No,0.1734315191876118,Low
2057-ZBLPD,Female,0,Yes,No,21,Month-to-month,Electronic check,Fiber optic,86.5,1808.7,Yes,0.6660638330152949,Medium
0228-MAUWC,Male,0,No,No,19,Month-to-month,Electronic check,DSL,59.55,1144.6,No,0.2390337233755126,Low
5502-RLUYV,Female,0,Yes,Yes,69,Month-to-month,Electronic check,Fiber optic,103.95,7446.9,Yes,0.36006302831065007,Medium
0023-HGHWL,Male,1,No,No,1,Month-to-month,Electronic check,DSL,25.1,25.1,Yes,0.7169261213499577,High
7663-YJHSN,Female,0,Yes,No,72,Two year,Bank transfer (automatic),Fiber optic,103.95,7556.9,No,0.03660403761276518,Low
4915-BFSXL,Male,0,Yes,Yes,70,Two year,Credit card (automatic),DSL,68.95,4858.7,No,0.00806989434480254,Low
3086-RUCRN,Female,0,No,No,66,Month-to-month,Bank transfer (automatic),Fiber optic,103.1,6595.0,No,0.1432966594300629,Low
5215-LNLDJ,Female,0,Yes,Yes,7,Month-to-month,Electronic check,DSL,24.7,149.05,No,0.5666412013690283,Medium
7576-JMYWV,Female,1,Yes,Yes,46,Month-to-month,Electronic check,Fiber optic,110.2,4972.1,No,0.3763608502366307,Medium
9039-RBEEE,Male,0,No,No,39,Month-to-month,Credit card (automatic),DSL,48.95,1880.85,Yes,0.10854139449777664,Low
0257-KXZGU,Female,0,Yes,Yes,32,Month-to-month,Bank transfer (automatic),DSL,62.45,2045.55,No,0.13612247610872855,Low
1307-ATKGB,Male,0,No,No,24,Month-to-month,Electronic check,Fiber optic,89.55,2187.15,No,0.5303660874166175,Medium
8417-FMLZI,Male,0,Yes,Yes,6,Month-to-month,Credit card (automatic),Fiber optic,83.55,477.55,Yes,0.5364717596227379,Medium
3714-XPXBW,Female,0,No,No,37,Month-to-month,Credit card (automatic),DSL,78.9,2976.95,No,0.11339459220508533,Low
1850-AKQEP,Male,0,No,Yes,8,Month-to-month,Mailed check,No,20.35,178.7,No,0.12812197832648595,Low
2824-DXNKN,Female,0,Yes,Yes,72,Two year,Bank transfer (automatic),DSL,71.45,5025.85,No,0.01213264814249838,Low
5227-JSCFE,Male,1,Yes,No,71,Two year,Credit card (automatic),DSL,46.35,3353.4,No,0.004891894974659294,Low
0848-ZGQIJ,Female,0,Yes,No,16,Month-to-month,Bank transfer (automatic),Fiber optic,94.65,1461.15,No,0.5817952489209314,Medium
3621-CHYVB,Female,0,Yes,No,57,Month-to-month,Bank transfer (automatic),DSL,49.9,2782.4,No,0.06724022975771234,Low
8042-RNLKO,Male,0,No,No,66,One year,Bank transfer (automatic),No,25.45,1699.15,No,0.006165136266586611,Low
1792-UXAFY,Female,1,No,No,17,Month-to-month,Electronic check,Fiber optic,89.15,1496.9,Yes,0.6309356462928731,Medium
5372-FBKBN,Female,0,No,Yes,21,Month-to-month,Mailed check,No,20.75,452.2,No,0.07085591342475663,Low
0420-TXVSG,Male,0,Yes,No,66,Two year,Credit card (automatic),DSL,66.1,4428.45,No,0.010399681394607795,Low
6217-TOWGS,Female,0,Yes,No,17,Month-to-month,Bank transfer (automatic),DSL,75.4,1322.55,No,0.43356471848443484,Medium
0515-YPMCW,Male,0,No,Yes,1,Month-to-month,Mailed check,Fiber optic,70.45,70.45,Yes,0.5817874404021185,Medium
0378-XSZPU,Male,0,Yes,No,58,One year,Credit card (automatic),DSL,60.3,3563.8,Yes,0.014865997285769945,Low
1045-LTCYT,Female,0,Yes,Yes,8,Month-to-month,Credit card (automatic),No,21.05,139.75,No,0.12735618086045467,Low
1544-JJMYL,Male,0,No,No,27,One year,Credit card (automatic),DSL,69.35,1927.3,No,0.05198745759334649,Low
4636-JGAAI,Male,0,Yes,No,34,Month-to-month,Mailed check,Fiber optic,88.85,3000.25,No,0.3477292604392607,Medium
6874-SGLHU,Male,0,No,No,30,One year,Bank transfer (automatic),Fiber optic,97.0,3021.3,No,0.3356120478290363,Medium
5951-AOFIH,Male,0,No,No,33,Month-to-month,Credit card (automatic),DSL,66.4,2245.4,No,0.17998199591855482,Low
4729-XKASR,Male,0,No,Yes,1,Month-to-month,Electronic check,DSL,24.75,24.75,Yes,0.5530925611678807,Medium
3059-NGMXB,Male,0,Yes,Yes,14,Month-to-month,Mailed check,DSL,69.2,944.65,No,0.19842607171436863,Low
8652-YHIYU,Female,0,No,Yes,16,One year,Credit card (automatic),Fiber optic,79.5,1264.2,No,0.26902034400709807,Low
5278-PNYOX,Female,0,No,No,49,Two year,Credit card (automatic),Fiber optic,100.65,4917.75,No,0.06694230128249862,Low
5449-FIBXJ,Male,0,Yes,Yes,19,Month-to-month,Electronic check,Fiber optic,103.3,2012.7,Yes,0.5198238394138911,Medium
3486-HOOGQ,Female,0,Yes,Yes,70,Two year,Bank transfer (automatic),DSL,79.7,5743.3,No,0.006926440048938736,Low
5061-PBXFW,Female,0,Yes,Yes,32,Month-to-month,Bank transfer (automatic),DSL,61.4,1864.65,No,0.05320709237662802,Low
8630-FJLIB,Female,0,No,No,18,Month-to-month,Electronic check,Fiber optic,69.8,1221.65,No,0.5564799572845489,Medium
3891-NLXJB,Male,0,No,No,37,Two year,Mailed check,DSL,40.55,1390.85,No,0.023582480783462225,Low
4749-OJKQU,Female,0,No,No,4,Month-to-month,Electronic check,Fiber optic,75.65,302.35,No,0.7329653670537851,High
0577-WHMEV,Female,0,Yes,No,16,Month-to-month,Electronic check,Fiber optic,90.7,1374.9,No,0.4171034594616739,Medium
5453-AXEPF,Male,0,Yes,No,17,Month-to-month,Bank transfer (automatic),Fiber optic,80.5,1336.9,No,0.5177471054661483,Medium
3639-XJHKQ,Female,0,No,Yes,19,Month-to-month,Electronic check,DSL,60.6,1297.8,No,0.20905069026465986,Low
3716-LRGXK,Male,0,Yes,No,60,Two year,Credit card (automatic),Fiber optic,101.15,6067.4,No,0.0894918920094113,Low
2263-SFSQZ,Male,0,Yes,Yes,51,Two year,Mailed check,No,24.95,1222.25,No,0.00684549018042518,Low
9950-MTGYX,Male,0,Yes,Yes,28,Two year,Credit card (automatic),No,20.3,487.95,No,0.01610055369743061,Low
3397-AVTKU,Male,0,No,No,43,Two year,Electronic check,DSL,60.0,2548.55,No,0.04732086282739388,Low
4825-FUREZ,Male,0,Yes,No,42,Two year,Electronic check,No,20.25,835.5,No,0.009636841734243088,Low
9837-BMCLM,Male,0,No,No,3,Month-to-month,Electronic check,Fiber optic,78.5,242.05,Yes,0.7222523417919482,High
2672-OJQZP,Female,0,No,No,1,Month-to-month,Mailed check,DSL,44.75,44.75,No,0.35640059202305,Medium
0137-UDEUO,Female,0,No,No,3,Month-to-month,Mailed check,No,19.85,63.75,Yes,0.1848888016208459,Low
3134-DSHVC,Female,0,No,No,63,Two year,Credit card (automatic),Fiber optic,98.0,6218.45,No,0.03800468020514935,Low
6161-UUUTA,Male,1,No,No,3,Month-to-month,Electronic check,Fiber optic,79.9,260.9,Yes,0.7657915264306504,High
7821-DPRQE,Male,0,Yes,No,68,Month-to-month,Electronic check,Fiber optic,107.7,7320.9,No,0.23902783681751272,Low
6543-XRMYR,Female,1,No,No,30,Month-to-month,Electronic check,Fiber optic,99.7,2967.35,Yes,0.6751356917392725,Medium
2001-EWBQU,Female,0,No,No,60,Two year,Electronic check,Fiber optic,104.7,6333.8,No,0.1176777445432727,Low
4925-LMHOK,Male,0,No,No,15,Month-to-month,Credit card (automatic),DSL,58.6,939.7,Yes,0.2387993956358846,Low
1608-GMEWB,Male,1,No,No,45,Month-to-month,Bank transfer (automatic),Fiber optic,93.9,4200.25,No,0.5206707312742694,Medium
6695-AMZUF,Female,0,Yes,No,70,Two year,Credit card (automatic),DSL,86.45,5950.2,No,0.007698654862340276,Low
1455-UGQVH,Male,0,Yes,No,10,Month-to-month,Electronic check,Fiber optic,98.5,1037.75,Yes,0.7651014927630843,High
8410-BGQXN,Male,0,No,No,4,Month-to-month,Mailed check,No,19.4,93.4,No,0.17364535147574606,Low
8280-MQRQN,Female,0,No,No,1,Month-to-month,Mailed check,DSL,50.45,50.45,Yes,0.42759106263179303,Medium
1619-YWUBB,Female,0,Yes,No,68,Two year,Credit card (automatic),No,24.95,1614.9,No,0.0033187361765663714,Low
7611-YKYTC,Male,0,Yes,Yes,22,Month-to-month,Bank transfer (automatic),Fiber optic,75.0,1573.95,No,0.2457581380271148,Low
2037-SGXHH,Male,0,Yes,Yes,38,Month-to-month,Electronic check,Fiber optic,94.65,3624.3,Yes,0.4568916854653827,Medium
3178-FESZO,Female,0,No,No,1,Month-to-month,Credit card (automatic),Fiber optic,100.25,100.25,Yes,0.7190166347037441,High
0365-GXEZS,Male,0,Yes,No,18,Month-to-month,Electronic check,Fiber optic,78.2,1468.75,No,0.3765677549992842,Medium
0082-OQIQY,Male,0,No,No,29,Month-to-month,Electronic check,Fiber optic,94.2,2607.6,No,0.4994544958415299,Medium
6087-MVHJH,Female,0,No,No,16,Month-to-month,Electronic check,Fiber optic,88.45,1422.1,Yes,0.6860340890455523,Medium
4603-JANFB,Male,0,No,No,1,Month-to-month,Electronic check,Fiber optic,69.85,69.85,Yes,0.6992120263009964,Medium
3018-TFTSU,Male,0,No,No,12,Month-to-month,Bank transfer (automatic),Fiber optic,81.7,858.6,Yes,0.34445226382102423,Medium
3606-SBKRY,Male,0,No,No,31,One year,Electronic check,DSL,50.05,1523.4,No,0.2837471373875727,Low
4806-KEXQR,Male,0,No,No,4,Month-to-month,Electronic check,Fiber optic,79.9,324.3,Yes,0.7201380254308702,High
0667-NSRGI,Female,0,Yes,No,48,One year,Mailed check,DSL,69.55,3435.6,No,0.06822343871719852,Low
7083-YNSKY,Female,0,No,No,15,Month-to-month,Credit card (automatic),No,25.4,399.6,Yes,0.17917063107462713,Low
6893-ODYYE,Male,0,No,No,50,One year,Credit card (automatic),Fiber optic,90.1,4549.45,No,0.06295962459003757,Low
8242-JSVBO,Male,0,No,No,7,Month-to-month,Bank transfer (automatic),DSL,44.65,322.5,No,0.3837454883217403,Medium
2479-BRAMR,Male,1,Yes,No,41,Month-to-month,Bank transfer (automatic),Fiber optic,83.75,3273.55,Yes,0.3066806369955729,Medium
9541-ZPSEA,Male,0,Yes,Yes,68,Two year,Credit card (automatic),Fiber optic,80.35,5375.15,No,0.014723252174902253,Low
2665-NPTGL,Female,1,Yes,No,26,Month-to-month,Bank transfer (automatic),Fiber optic,98.1,2510.7,No,0.653311933376633,Medium
1139-WUOAH,Male,0,No,No,57,Two year,Credit card (automatic),DSL,53.35,3090.05,No,0.020922111149356222,Low
4693-VWVBO,Female,0,No,No,3,Month-to-month,Electronic check,No,19.55,61.05,No,0.2452128850559548,Low
7434-SHXLS,Female,0,No,No,1,Month-to-month,Mailed check,No,20.9,20.9,Yes,0.20259798441493443,Low
6937-GCDGQ,Male,0,Yes,Yes,19,One year,Bank transfer (automatic),DSL,48.95,955.6,No,0.09796890316057373,Low
0988-JRWWP,Female,0,No,No,3,Month-to-month,Electronic check,DSL,54.2,140.4,No,0.5527136322478985,Medium
5075-JSDKI,Female,0,No,No,59,Two year,Electronic check,No,24.45,1493.1,No,0.005624496400520971,Low
7908-QCBCA,Female,0,Yes,No,1,Month-to-month,Mailed check,Fiber optic,69.4,69.4,Yes,0.6229940293761276,Medium
8644-XYTSV,Male,0,Yes,No,42,Month-to-month,Bank transfer (automatic),DSL,40.15,1626.05,No,0.15288632465423654,Low
6711-FLDFB,Female,0,No,No,7,Month-to-month,Electronic check,Fiber optic,74.9,541.15,Yes,0.7113621827004919,High
3873-WOSBC,Male,0,Yes,No,67,Two year,Credit card (automatic),No,25.6,1784.9,No,0.0025867628860000757,Low
7465-ZZRVX,Male,0,No,No,1,Month-to-month,Electronic check,Fiber optic,70.35,70.35,No,0.700118203108039,High
7975-JMZNT,Male,0,Yes,No,66,Two year,Bank transfer (automatic),DSL,91.7,6075.9,No,0.013714709694212499,Low
7251-XFOIL,Female,0,No,No,61,Month-to-month,Mailed check,Fiber optic,89.2,5500.6,No,0.21678637758802694,Low
4116-IQRFR,Male,0,Yes,Yes,4,One year,Credit card (automatic),No,24.1,73.1,No,0.10120469314297179,Low
3714-JTVOV,Female,1,Yes,No,42,Month-to-month,Credit card (automatic),Fiber optic,74.15,3229.4,Yes,0.24299953698621932,Low
8259-DZLIZ,Female,0,Yes,Yes,64,One year,Bank transfer (automatic),DSL,53.85,3399.85,No,0.026177967946290123,Low
0442-ZXKVS,Female,1,Yes,No,54,One year,Bank transfer (automatic),Fiber optic,115.6,6431.05,No,0.2002531851535613,Low
7853-WNZSY,Male,0,No,No,1,Month-to-month,Credit card (automatic),No,19.75,19.75,No,0.2529674627512431,Low
3120-FAZKD,Male,0,Yes,Yes,54,Two year,Bank transfer (automatic),No,24.05,1230.9,No,0.006075005762006631,Low
8606-OEGQZ,Female,0,No,Yes,18,Two year,Credit card (automatic),No,25.3,454.65,No,0.026176055779074215,Low
0225-ZORZP,Male,0,No,No,3,Month-to-month,Electronic check,Fiber optic,84.3,235.05,No,0.6103680852669935,Medium
4702-IOQDC,Female,0,No,No,1,Month-to-month,Electronic check,Fiber optic,70.1,70.1,Yes,0.7044686823244424,High
9489-JMTTN,Female,0,Yes,Yes,72,Two year,Credit card (automatic),DSL,89.75,6595.9,No,0.008997725276541768,Low
0575-CUQOV,Male,1,Yes,No,60,One year,Electronic check,Fiber optic,97.95,5867.0,No,0.24501916652011793,Low
0967-BMLBD,Female,0,Yes,Yes,11,One year,Mailed check,No,20.0,196.35,No,0.08337481478659574,Low
6178-KFNHS,Female,0,No,Yes,12,Month-to-month,Electronic check,Fiber optic,78.3,909.25,Yes,0.5378200834282465,Medium
2830-LEWOA,Male,0,Yes,Yes,61,One year,Credit card (automatic),Fiber optic,103.9,6449.15,No,0.07809561650839891,Low
5006-MXVRN,Female,0,No,No,39,Two year,Credit card (automatic),No,20.7,762.45,No,0.007830450527101298,Low
1264-BYWMS,Male,0,No,No,55,Month-to-month,Electronic check,Fiber optic,96.8,5283.95,Yes,0.4873306357736012,Medium
9658-WYUFB,Female,0,No,No,17,Month-to-month,Electronic check,Fiber optic,94.4,1617.5,Yes,0.5638596912724889,Medium
8327-WKMIE,Male,0,No,No,37,One year,Credit card (automatic),No,20.15,785.75,No,0.018208774510149368,Low
6917-FIJHC,Female,0,Yes,No,72,Two year,Mailed check,No,26.0,1776.0,No,0.0028544060384287414,Low
5329-KRDTM,Male,1,Yes,No,72,Two year,Credit card (automatic),DSL,77.35,5396.25,No,0.010846565365565638,Low
7797-EJMDP,Female,0,No,No,8,Month-to-month,Bank transfer (automatic),DSL,66.05,574.5,No,0.20675667691447863,Low
3530-VWVGU,Female,0,Yes,Yes,22,Month-to-month,Mailed check,No,19.9,400.3,No,0.06573490840603474,Low
2013-SGDXK,Female,0,No,No,1,Month-to-month,Electronic check,Fiber optic,84.3,84.3,Yes,0.6297934342369078,Medium
6368-NWMCE,Female,0,No,No,38,Month-to-month,Credit card (automatic),DSL,68.15,2656.3,No,0.10886006178048145,Low
3633-CDBUW,Male,0,No,Yes,17,One year,Electronic check,DSL,80.85,1445.95,No,0.14227724950573747,Low
0707-HOVVN,Female,1,No,No,70,Two year,Bank transfer (automatic),DSL,75.5,5212.65,No,0.017731504588369303,Low
8580-QVLOC,Female,1,Yes,Yes,72,Two year,Credit card (automatic),DSL,92.45,6440.25,Yes,0.010798504051052937,Low
3956-MGXOG,Female,0,No,No,28,Month-to-month,Electronic check,Fiber optic,80.6,2244.95,No,0.5412408219743974,Medium
9274-UARKJ,Female,0,No,No,15,Month-to-month,Bank transfer (automatic),Fiber optic,83.2,1130.0,No,0.5179604070213039,Medium
4077-HWUYD,Male,0,Yes,Yes,72,Two year,Bank transfer (automatic),DSL,87.55,6463.15,No,0.012717090527516088,Low
2012-NWRPA,Female,1,Yes,No,11,Month-to-month,Electronic check,Fiber optic,99.55,1131.2,Yes,0.8013143361496005,High
8808-ELEHO,Male,1,No,No,8,Month-to-month,Electronic check,Fiber optic,81.25,585.95,Yes,0.7316052809279574,High
0103-CSITQ,Female,0,Yes,No,57,One year,Bank transfer (automatic),Fiber optic,109.4,6252.7,No,0.19186488842425126,Low
3506-LCJDC,Male,0,Yes,Yes,1,Month-to-month,Bank transfer (automatic),No,19.95,19.95,Yes,0.18347913197800098,Low
8671-KKKOS,Female,0,Yes,No,46,Month-to-month,Electronic check,DSL,45.55,2062.15,No,0.11865841788786859,Low
7305-ZWMAJ,Male,0,Yes,No,30,One year,Credit card (automatic),No,20.7,587.1,No,0.02583986156837135,Low
9518-XXBXE,Male,1,Yes,No,10,Month-to-month,Electronic check,Fiber optic,75.3,720.45,No,0.49684428154366367,Medium
3934-HXCFZ,Male,0,Yes,No,23,Month-to-month,Electronic check,Fiber optic,99.25,2186.4,Yes,0.5017592685497174,Medium
6578-KRMAW,Male,0,No,No,32,Month-to-month,Credit card (automatic),Fiber optic,93.4,2979.3,No,0.2891152379934362,Low
4860-IJUDE,Male,0,No,No,13,Month-to-month,Credit card (automatic),Fiber optic,73.75,956.65,No,0.40518401454477276,Medium
7666-WKRON,Female,0,No,No,39,Two year,Electronic check,Fiber optic,80.45,3201.55,Yes,0.09605469308776923,Low
9688-YGXVR,Female,0,No,No,44,Month-to-month,Credit card (automatic),Fiber optic,88.15,3973.2,No,0.2930243865442676,Low
0423-UDIJQ,Male,1,No,No,9,Month-to-month,Mailed check,DSL,49.2,447.9,No,0.24447814622551287,Low
1945-XISKS,Female,0,Yes,No,67,Two year,Mailed check,No,19.65,1335.2,No,0.0018375799799546428,Low
4910-AQFFX,Male,0,Yes,Yes,9,Month-to-month,Bank transfer (automatic),Fiber optic,79.35,661.25,Yes,0.5710481053545288,Medium
2154-KVJFF,Female,0,No,No,15,Month-to-month,Electronic check,Fiber optic,79.75,1111.85,Yes,0.60652042728992,Medium
5360-LJCNJ,Female,0,Yes,No,71,Two year,Bank transfer (automatic),Fiber optic,105.15,7555.0,No,0.09748443949208065,Low
2607-FBDFF,Male,0,No,No,1,Month-to-month,Credit card (automatic),DSL,49.0,49.0,No,0.2649378167526043,Low
9647-ERGBE,Female,0,Yes,Yes,30,Month-to-month,Electronic check,Fiber optic,100.05,3046.15,Yes,0.6263956292135856,Medium
3428-XZMAZ,Male,0,No,No,1,Month-to-month,Electronic check,Fiber optic,69.35,69.35,Yes,0.6983042912040348,Medium
1100-DDVRV,Male,0,Yes,No,17,Month-to-month,Mailed check,DSL,49.8,836.35,No,0.4687038515591345,Medium
0378-TOVMS,Female,0,No,No,3,Month-to-month,Electronic check,Fiber optic,85.8,272.2,Yes,0.5735631888932934,Medium
4355-HBJHH,Male,0,Yes,Yes,67,Two year,Electronic check,DSL,79.7,5293.4,Yes,0.02771122118362263,Low
6728-WYQBC,Male,0,No,No,1,Month-to-month,Bank transfer (automatic),No,20.95,20.95,No,0.20906200523019267,Low
9058-CBREO,Female,1,No,No,1,Month-to-month,Mailed check,DSL,50.55,50.55,Yes,0.46727821221997506,Medium
9029-FEGVJ,Female,1,Yes,No,32,Month-to-month,Mailed check,Fiber optic,79.3,2570.0,No,0.381102341579455,Medium
7216-KAOID,Male,0,Yes,Yes,41,One year,Bank transfer (automatic),No,19.5,798.2,No,0.013495830852619297,Low
0318-QUUOB,Male,0,Yes,No,1,Month-to-month,Electronic check,Fiber optic,80.55,80.55,Yes,0.7392102954180482,High
6145-NNPNO,Female,0,No,No,1,Month-to-month,Bank transfer (automatic),DSL,44.15,44.15,No,0.3695573743012938,Medium
5520-FVEWJ,Female,0,Yes,Yes,12,Month-to-month,Electronic check,Fiber optic,84.5,916.9,Yes,0.583795592352626,Medium
5339-TJFEK,Male,0,Yes,Yes,62,Month-to-month,Electronic check,Fiber optic,105.5,6487.2,No,0.30467831767335235,Medium
5572-ZDXHY,Female,0,No,No,22,Month-to-month,Mailed check,Fiber optic,84.3,1855.65,Yes,0.4617330016320244,Medium
2074-GUHPQ,Female,0,No,Yes,17,Month-to-month,Credit card (automatic),Fiber optic,92.7,1556.85,No,0.3790492761391911,Medium
4625-XMOYM,Female,0,Yes,Yes,72,Two year,Bank transfer (automatic),No,26.25,1988.05,No,0.0027860756345823613,Low
5827-MWCZK,Male,0,Yes,Yes,56,Month-to-month,Credit card (automatic),Fiber optic,96.95,5432.2,No,0.20531255166806878,Low
1385-TQOZW,Female,0,No,No,9,Month-to-month,Credit card (automatic),No,20.45,147.55,No,0.18440123833500804,Low
5914-XRFQB,Male,0,Yes,No,72,Two year,Bank transfer (automatic),Fiber optic,115.8,8424.9,No,0.05712152505429617,Low
4329-YPDDQ,Male,0,No,No,20,Month-to-month,Bank transfer (automatic),Fiber optic,108.2,2203.7,No,0.3682134728716468,Medium
4804-NCPET,Male,0,Yes,Yes,19,Two year,Mailed check,No,20.2,387.4,No,0.019207285209128972,Low
3750-CKVKH,Male,0,No,No,2,Month-to-month,Electronic check,Fiber optic,67.75,116.65,Yes,0.6860745969552611,Medium
5944-UGLLK,Male,0,No,No,53,One year,Credit card (automatic),DSL,54.9,3045.75,No,0.05446625370368056,Low
8063-GBATB,Female,1,No,No,27,Month-to-month,Electronic check,Fiber optic,85.25,2287.25,Yes,0.6651967263526591,Medium
7787-BNTZM,Male,0,No,No,6,Month-to-month,Bank transfer (automatic),No,20.15,130.5,No,0.1682271799915838,Low
2252-ISRNH,Male,0,Yes,Yes,9,One year,Electronic check,Fiber optic,90.35,767.9,No,0.5349490550405281,Medium
9415-TPKRV,Female,0,Yes,Yes,8,Month-to-month,Electronic check,DSL,55.75,446.8,No,0.35517231079385203,Medium
5322-TEUJK,Female,0,Yes,Yes,71,Two year,Bank transfer (automatic),Fiber optic,114.6,8100.25,No,0.03433499541412555,Low
4547-KQRTM,Female,0,No,No,10,Month-to-month,Bank transfer (automatic),Fiber optic,80.05,830.7,Yes,0.5844387236543039,Medium
4877-EVATK,Male,0,No,No,1,Month-to-month,Mailed check,No,20.0,20.0,Yes,0.19767935038915896,Low
1866-DIOQZ,Female,0,Yes,No,71,One year,Bank transfer (automatic),DSL,66.8,4689.15,No,0.020912578280878613,Low
8375-KVTHK,Male,0,Yes,No,68,One year,Electronic check,Fiber optic,100.3,6754.35,No,0.1382166632470044,Low
2697-NQBPF,Male,0,No,No,34,Month-to-month,Electronic check,Fiber optic,105.35,3540.65,No,0.5180724341910734,Medium
3709-OIJEA,Male,0,No,No,26,One year,Electronic check,Fiber optic,85.2,2184.6,No,0.2241422795655393,Low
7639-SUPCW,Female,0,No,No,22,Month-to-month,Credit card (automatic),DSL,48.8,1054.6,Yes,0.16764904368512382,Low
1386-ZIKUV,Male,0,No,No,7,Month-to-month,Mailed check,No,18.95,130.55,No,0.20040213426679251,Low
0599-XNYDO,Female,0,Yes,No,20,Month-to-month,Bank transfer (automatic),Fiber optic,69.8,1540.35,No,0.47795444082839617,Medium
6377-WHAOX,Female,0,Yes,No,60,Month-to-month,Electronic check,Fiber optic,106.15,6411.25,No,0.4506456193207839,Medium
6855-VLGOS,Male,0,Yes,Yes,72,Two year,Electronic check,No,20.55,1432.55,No,0.0017071288085302864,Low
8999-XXGNS,Female,1,Yes,No,72,One year,Credit card (automatic),Fiber optic,105.75,7629.85,No,0.20167167856246757,Low
8746-OQQRW,Male,0,No,No,4,Month-to-month,Mailed check,No,25.25,101.9,No,0.21245486020808915,Low
3181-MIZBN,Male,0,Yes,Yes,16,Month-to-month,Electronic check,No,19.75,313.4,No,0.1204344586299156,Low
0471-ARVMX,Female,1,Yes,No,62,One year,Electronic check,Fiber optic,104.85,6312.9,No,0.2594156237773894,Low
7766-CLTIC,Female,0,No,No,10,Month-to-month,Mailed check,DSL,60.95,629.55,No,0.3186121898200259,Medium
5650-YLIBA,Male,0,No,No,31,Month-to-month,Electronic check,Fiber optic,81.15,2640.55,No,0.4903491648603875,Medium
0825-CPPQH,Female,0,Yes,No,71,Two year,Credit card (automatic),No,19.1,1372.45,No,0.0014246608213935755,Low
9084-OAYKL,Male,0,No,No,58,Two year,Mailed check,No,20.8,1212.25,No,0.0029597954926322916,Low
6122-LJADA,Male,0,Yes,Yes,70,Two year,Credit card (automatic),DSL,90.15,6237.05,No,0.012472841377560568,Low
2400-XIWIO,Female,0,Yes,No,71,Two year,Electronic check,DSL,90.1,6310.9,No,0.014974448196787825,Low
7524-VRLPL,Male,1,No,No,69,Two year,Credit card (automatic),DSL,74.1,5031.0,No,0.009046224425767028,Low
1069-XAIEM,Female,1,No,No,1,Month-to-month,Electronic check,Fiber optic,85.05,85.05,Yes,0.820854726387728,High
7569-NMZYQ,Female,0,Yes,Yes,72,Two year,Bank transfer (automatic),Fiber optic,118.75,8672.45,No,0.05554387359956925,Low
5201-USSQZ,Female,0,Yes,No,26,Month-to-month,Credit card (automatic),Fiber optic,85.9,2196.45,No,0.3021916529642291,Medium
2105-PHWON,Female,0,Yes,No,33,Month-to-month,Credit card (automatic),Fiber optic,95.0,3008.15,No,0.3850110504693197,Medium
1494-EJZDW,Female,0,Yes,Yes,10,Two year,Mailed check,No,20.15,220.8,No,0.031341759428771605,Low
4884-TVUQF,Female,1,No,No,57,Two year,Credit card (automatic),Fiber optic,101.3,5779.6,No,0.04898322816668605,Low
8003-EWNDZ,Female,0,No,No,10,Month-to-month,Electronic check,No,21.2,222.65,No,0.2445814478998882,Low
1897-RCFUM,Female,0,Yes,Yes,39,One year,Mailed check,No,24.2,914.6,No,0.026798779492124628,Low
9256-JTBNZ,Female,0,No,No,11,Month-to-month,Bank transfer (automatic),No,20.3,246.3,No,0.13787494491978936,Low
4658-HCOHW,Female,0,Yes,Yes,21,Month-to-month,Electronic check,Fiber optic,102.8,2110.15,Yes,0.4850209081617428,Medium
2211-RMNHO,Female,0,Yes,Yes,68,Two year,Bank transfer (automatic),DSL,85.3,5560.0,No,0.013382657317776991,Low
2432-TFSMK,Male,0,No,No,18,One year,Credit card (automatic),Fiber optic,89.6,1633.0,No,0.41152512979139777,Medium
3440-JPSCL,Female,0,No,No,6,Month-to-month,Mailed check,Fiber optic,99.95,547.65,Yes,0.5782193513668158,Medium
4929-ROART,Male,0,No,No,18,Month-to-month,Mailed check,DSL,56.25,969.85,No,0.18612520372587935,Low
1834-ABKHQ,Female,0,Yes,Yes,52,One year,Bank transfer (automatic),DSL,50.95,2610.65,No,0.03705103271975571,Low
1741-WTPON,Male,0,Yes,Yes,56,Two year,Mailed check,Fiber optic,115.85,6567.9,No,0.046901217752753986,Low
3932-IJWDZ,Male,0,No,No,45,Month-to-month,Bank transfer (automatic),Fiber optic,103.65,4747.85,No,0.4045848508783861,Medium
1240-HCBOH,Female,0,No,No,67,Two year,Mailed check,No,26.1,1759.55,No,0.0038081527075596736,Low
3594-KADLU,Male,0,Yes,No,3,Month-to-month,Mailed check,DSL,35.1,101.1,No,0.2971486053858661,Low
8065-BVEPF,Male,1,No,No,65,Month-to-month,Bank transfer (automatic),Fiber optic,99.1,6496.15,No,0.3018818679355069,Medium
3796-ENZGF,Male,0,Yes,No,63,Two year,Mailed check,DSL,67.25,4234.15,No,0.010836139140119092,Low
1734-ZMNTZ,Female,0,Yes,Yes,11,Two year,Mailed check,No,25.0,300.7,No,0.03820305844431127,Low
2853-CWQFQ,Male,0,No,Yes,1,Month-to-month,Mailed check,DSL,59.55,59.55,No,0.35441896347673024,Medium
0813-TAXXS,Male,0,No,No,55,Two year,Bank transfer (automatic),DSL,77.8,4323.35,No,0.05339471668545648,Low
2519-TWKFS,Male,0,Yes,Yes,25,One year,Mailed check,DSL,55.1,1466.1,No,0.09987981959387084,Low
2889-FPWRM,Male,0,Yes,No,72,One year,Bank transfer (automatic),Fiber optic,117.8,8684.8,Yes,0.12474828179963882,Low
0626-QXNGV,Female,0,Yes,No,72,Two year,Credit card (automatic),No,24.15,1776.45,No,0.0027408049736238785,Low
6723-CEGQI,Female,0,No,Yes,65,Two year,Mailed check,DSL,45.25,2933.95,No,0.008319410093640022,Low
6987-XQSJT,Female,1,No,No,54,Month-to-month,Electronic check,Fiber optic,79.5,4370.25,Yes,0.34792551798378757,Medium
4732-RRJZC,Male,0,Yes,Yes,7,Month-to-month,Mailed check,No,20.25,144.35,No,0.13377324045393335,Low
9499-XPZXM,Female,0,Yes,No,72,Two year,Bank transfer (automatic),DSL,64.75,4804.75,No,0.004682541591837705,Low
4338-EYCER,Male,0,Yes,No,21,Month-to-month,Bank transfer (automatic),DSL,54.6,1125.2,No,0.23084755379427344,Low
3007-FDPEA,Female,0,No,No,2,Month-to-month,Bank transfer (automatic),No,20.7,39.85,No,0.2655754290422286,Low
6350-XFYGW,Male,1,No,No,4,Month-to-month,Electronic check,Fiber optic,94.75,422.4,No,0.7890855870388407,High
4290-BSXUX,Male,0,Yes,No,3,Month-to-month,Bank transfer (automatic),Fiber optic,79.65,251.75,Yes,0.5859243095094196,Medium
8513-OLYGY,Male,0,Yes,No,72,Two year,Credit card (automatic),Fiber optic,115.8,8332.15,No,0.036736570913087296,Low
0311-QYWSS,Female,0,No,No,6,Month-to-month,Electronic check,DSL,49.45,314.6,No,0.37808724397427884,Medium
8705-DWKTI,Male,0,No,No,52,Month-to-month,Credit card (automatic),Fiber optic,83.8,4331.4,No,0.2553198353418505,Low
8755-IWJHN,Male,1,Yes,No,69,Month-to-month,Bank transfer (automatic),Fiber optic,95.35,6382.0,No,0.2600741006220096,Low
0325-XBFAC,Male,0,No,No,8,Month-to-month,Electronic check,Fiber optic,94.7,740.3,Yes,0.7255448901680288,High
4480-QQRHC,Female,1,No,No,8,Month-to-month,Bank transfer (automatic),Fiber optic,74.05,600.15,No,0.6157180847375576,Medium
0929-PECLO,Female,1,No,No,63,Month-to-month,Bank transfer (automatic),Fiber optic,89.6,5538.8,No,0.31686696138804915,Medium
3680-CTHUH,Male,0,No,No,60,One year,Credit card (automatic),Fiber optic,116.6,7049.5,No,0.1348528968693697,Low
1202-KKGFU,Female,0,Yes,No,12,Month-to-month,Bank transfer (automatic),DSL,54.2,690.5,No,0.14739861966162965,Low
6112-KTHFQ,Female,0,No,No,13,Month-to-month,Mailed check,No,19.3,279.3,No,0.15900947588625225,Low
1852-XEMDW,Male,0,No,No,22,Month-to-month,Mailed check,DSL,65.05,1427.55,No,0.14104399864102948,Low
2462-XIIJB,Male,0,No,No,5,Month-to-month,Electronic check,Fiber optic,92.5,452.7,Yes,0.7546746901980795,High
4760-XOHVN,Female,0,Yes,Yes,1,Month-to-month,Mailed check,No,19.45,19.45,Yes,0.17706223436845497,Low
1820-DJFPH,Female,0,Yes,Yes,72,Two year,Bank transfer (automatic),No,24.05,1709.15,No,0.002503802007559634,Low
9426-SXNHE,Female,0,No,No,2,Month-to-month,Bank transfer (automatic),No,18.75,53.15,No,0.20184180532605545,Low
9068-FHQHD,Female,0,Yes,Yes,40,Two year,Bank transfer (automatic),No,20.15,777.35,No,0.006915622420158474,Low
1269-FOYWN,Male,0,Yes,Yes,44,One year,Bank transfer (automatic),No,20.0,860.85,No,0.011598412702780472,Low
9470-YFUYI,Male,1,Yes,No,71,One year,Bank transfer (automatic),DSL,71.0,5012.1,No,0.018225106710896267,Low
7817-BOQPW,Female,0,No,No,2,Month-to-month,Electronic check,Fiber optic,75.55,166.3,Yes,0.7472345731074168,High
7402-EYFXX,Male,1,No,No,26,Month-to-month,Electronic check,Fiber optic,93.6,2404.1,No,0.717705586974336,High
1853-UDXBW,Male,0,Yes,Yes,1,Month-to-month,Electronic check,Fiber optic,70.0,70.0,Yes,0.6662124838883159,Medium
9895-VFOXH,Female,0,No,No,1,Month-to-month,Mailed check,DSL,24.4,24.4,No,0.5066250908505997,Medium
5458-CQJTA,Male,0,Yes,Yes,65,Two year,Bank transfer (automatic),DSL,74.8,4820.15,Yes,0.011520161452267173,Low
1230-QAJDW,Male,0,No,No,3,Month-to-month,Mailed check,DSL,65.25,209.9,No,0.4306686740768865,Medium
5701-ZIKJE,Male,0,No,No,13,Month-to-month,Mailed check,DSL,50.55,610.75,No,0.23727943879670282,Low
5219-YIPTK,Female,0,Yes,No,33,Month-to-month,Electronic check,Fiber optic,104.4,3409.6,Yes,0.60568708489337,Medium
5032-MIYKT,Female,0,No,No,1,Month-to-month,Mailed check,Fiber optic,70.7,70.7,No,0.625095024774567,Medium
7396-VJUZB,Male,0,Yes,Yes,4,Month-to-month,Mailed check,DSL,45.25,155.35,No,0.2878426056123561,Low
9717-QEBGU,Male,0,No,No,2,Month-to-month,Electronic check,Fiber optic,70.3,144.0,No,0.692476588826596,Medium
5172-RKOCB,Male,0,Yes,No,72,Two year,Credit card (automatic),Fiber optic,108.95,7875.0,No,0.04618181990795021,Low
6509-TSGWN,Female,0,Yes,Yes,37,Month-to-month,Mailed check,No,26.45,911.6,No,0.042045012364750986,Low
3540-RZJYU,Female,0,No,No,15,Month-to-month,Electronic check,Fiber optic,86.2,1270.2,Yes,0.4675941622325312,Medium
3178-CIFOT,Female,0,No,No,23,One year,Credit card (automatic),No,19.65,478.1,No,0.05252797667091079,Low
2091-MJTFX,Female,0,Yes,Yes,30,Month-to-month,Credit card (automatic),DSL,51.2,1561.5,Yes,0.20488816860006304,Low
4530-NDRKU,Female,0,Yes,Yes,42,One year,Electronic check,No,19.05,761.85,No,0.024195101511506598,Low
5985-TBABQ,Female,0,No,No,32,One year,Mailed check,DSL,74.75,2282.95,No,0.10280800231534946,Low
9800-ONTFE,Female,0,Yes,Yes,22,Month-to-month,Bank transfer (automatic),Fiber optic,75.8,1615.1,No,0.4774077351800543,Medium
6743-HHQPF,Male,0,Yes,No,42,Month-to-month,Credit card (automatic),DSL,25.1,1097.15,No,0.14767622335670963,Low
8455-HIRAQ,Female,0,No,No,8,Month-to-month,Mailed check,DSL,44.45,369.3,No,0.288146183702303,Low
6616-AALSR,Female,0,Yes,Yes,65,Two year,Credit card (automatic),Fiber optic,104.3,6725.3,No,0.06840653366156735,Low
0883-EIBTI,Female,0,No,No,2,Month-to-month,Mailed check,No,19.5,31.55,Yes,0.1919246318234584,Low
9415-ZNBSX,Female,0,Yes,Yes,70,Two year,Bank transfer (automatic),DSL,89.0,6293.2,No,0.014025255661866683,Low
4018-KJYUY,Male,0,No,Yes,22,Month-to-month,Credit card (automatic),No,20.15,432.5,No,0.06341607556118756,Low
0722-TROQR,Female,1,No,No,4,Month-to-month,Electronic check,Fiber optic,74.9,321.75,Yes,0.7722524260792403,High
7571-YXDAD,Female,0,No,No,2,Month-to-month,Credit card (automatic),Fiber optic,74.9,147.15,Yes,0.5838576645773232,Medium
3884-UEBXB,Female,0,Yes,Yes,67,Two year,Bank transfer (automatic),DSL,36.15,2434.45,No,0.005487964627498639,Low
8780-RSYYU,Female,0,No,No,25,Month-to-month,Credit card (automatic),No,19.2,532.1,No,0.08934993816423674,Low
5537-UXXVS,Female,0,Yes,No,20,Month-to-month,Bank transfer (automatic),No,19.25,375.25,No,0.08858210650218268,Low
1791-PQHBB,Female,0,No,Yes,2,Month-to-month,Credit card (automatic),DSL,61.2,125.95,No,0.34232846119847316,Medium
8701-DGLVH,Male,0,No,No,51,Two year,Mailed check,No,20.45,1042.65,No,0.0042257109682825615,Low
8741-LQOBK,Female,0,Yes,Yes,46,Month-to-month,Bank transfer (automatic),DSL,35.05,1620.25,No,0.05767817063910432,Low
3393-FMZPV,Female,0,No,No,25,Month-to-month,Electronic check,Fiber optic,100.25,2387.75,Yes,0.6538406383404761,Medium
8082-GHXOP,Male,0,No,Yes,13,Month-to-month,Mailed check,DSL,44.0,659.35,No,0.2157477226023015,Low
6402-ZFPPI,Female,1,No,No,25,Month-to-month,Mailed check,Fiber optic,102.8,2660.2,Yes,0.5371038812570432,Medium
0980-FEXWF,Male,0,Yes,Yes,26,One year,Mailed check,DSL,50.35,1285.8,No,0.07065385642907385,Low
7486-KSRVI,Male,0,No,No,43,One year,Electronic check,Fiber optic,100.0,4211.55,Yes,0.321062776156542,Medium
3011-WQKSZ,Male,0,No,Yes,19,Month-to-month,Electronic check,No,20.0,377.55,No,0.14185847805863852,Low
8443-WVPSS,Male,0,Yes,No,10,Month-to-month,Electronic check,Fiber optic,99.85,990.9,Yes,0.6079219295798394,Medium
3006-XIMLN,Female,0,No,Yes,2,Month-to-month,Bank transfer (automatic),Fiber optic,94.2,193.8,Yes,0.7329133463539989,High
8218-FFJDS,Female,0,Yes,No,72,Two year,Bank transfer (automatic),DSL,86.4,6058.95,No,0.014545155642799934,Low
1986-PHGZF,Male,1,No,No,18,Month-to-month,Credit card (automatic),DSL,58.4,964.9,No,0.2413220267399475,Low
9965-YOKZB,Male,1,No,No,9,Month-to-month,Electronic check,Fiber optic,83.85,790.15,Yes,0.7756257081040583,High
0504-HHAPI,Female,1,No,No,27,Month-to-month,Credit card (automatic),Fiber optic,88.3,2467.75,Yes,0.48502366248896206,Medium
9360-OMDZZ,Male,0,No,No,24,Month-to-month,Electronic check,Fiber optic,94.1,2322.85,No,0.6938838969043317,Medium
6305-YLBMM,Male,0,No,No,69,One year,Bank transfer (automatic),Fiber optic,104.05,7262.0,Yes,0.1096022120215665,Low
0345-XMMUG,Female,0,Yes,No,46,Two year,Credit card (automatic),Fiber optic,108.9,4854.3,No,0.11103205073550079,Low
8024-XNAFQ,Female,1,No,No,72,Two year,Bank transfer (automatic),Fiber optic,107.4,7748.75,No,0.04923993375316944,Low
3647-GMGDH,Male,0,Yes,No,22,Month-to-month,Credit card (automatic),Fiber optic,94.7,1914.9,Yes,0.532920120185167,Medium
2988-GBIVW,Female,1,Yes,No,70,Month-to-month,Electronic check,Fiber optic,90.85,6470.1,No,0.28471424732443806,Low
2832-SCUCO,Female,0,No,No,2,Month-to-month,Electronic check,No,19.9,57.4,No,0.2566633538930285,Low
7036-ZZKBD,Male,0,Yes,No,31,Month-to-month,Credit card (automatic),DSL,66.4,2019.8,No,0.16022154163879132,Low
3791-LGQCY,Female,1,Yes,No,56,Month-to-month,Bank transfer (automatic),Fiber optic,100.65,5688.05,Yes,0.4728800532062015,Medium
0265-PSUAE,Female,0,Yes,Yes,16,Month-to-month,Bank transfer (automatic),Fiber optic,100.7,1522.7,No,0.39573334384131353,Medium
0463-TXOAK,Male,0,No,Yes,52,Two year,Credit card (automatic),No,25.6,1334.5,No,0.004638301943808556,Low
0594-UFTUL,Male,0,Yes,Yes,13,Month-to-month,Mailed check,No,19.85,252.0,No,0.1362907105217628,Low
9509-MPYOD,Female,0,No,No,35,One year,Mailed check,No,20.75,700.45,No,0.02098309462947314,Low
9128-CPXKI,Female,0,No,No,59,Two year,Electronic check,Fiber optic,95.8,5655.45,No,0.09743815534077845,Low
0129-KPTWJ,Male,0,Yes,No,72,Month-to-month,Electronic check,Fiber optic,94.65,6747.35,No,0.2889951328471079,Low
8166-ZZTFS,Female,1,Yes,No,66,Two year,Bank transfer (automatic),DSL,80.55,5265.1,Yes,0.03974762829914377,Low
5855-EIBDE,Female,0,Yes,No,49,Two year,Credit card (automatic),Fiber optic,106.65,5174.35,No,0.04444623634829401,Low
5365-LLFYV,Female,0,No,No,2,Month-to-month,Mailed check,DSL,45.85,105.6,No,0.4314321761000987,Medium
5956-YHHRX,Male,1,No,No,21,Month-to-month,Electronic check,Fiber optic,104.35,2271.85,No,0.7236754961401876,High
6008-NAIXK,Male,1,No,No,54,One year,Electronic check,DSL,55.45,2966.95,No,0.14319856281271376,Low
2956-GGUCQ,Male,1,Yes,No,24,Month-to-month,Electronic check,Fiber optic,78.85,1772.25,Yes,0.5168780112691659,Medium
1928-BXYIV,Male,0,No,No,1,Month-to-month,Electronic check,DSL,61.15,61.15,No,0.3604645695454756,Medium
5760-FXFVO,Male,0,No,No,6,Month-to-month,Electronic check,Fiber optic,78.95,494.95,No,0.5241538518300641,Medium
6595-COKXZ,Female,0,No,No,1,Month-to-month,Mailed check,DSL,44.45,44.45,Yes,0.43833173795027736,Medium
0961-ZWLVI,Male,0,No,Yes,49,One year,Credit card (automatic),Fiber optic,109.2,5290.45,No,0.17252448493753575,Low
5181-OABFK,Female,0,Yes,Yes,56,Two year,Credit card (automatic),DSL,61.3,3346.8,No,0.009196828673982202,Low
4007-NHVHI,Female,1,No,No,56,Month-to-month,Electronic check,Fiber optic,96.85,5219.65,No,0.34045128235372424,Medium
7816-VGHTO,Female,0,Yes,Yes,6,Two year,Mailed check,DSL,40.55,217.5,No,0.08390524386118252,Low
5871-DGTXZ,Male,0,No,No,32,One year,Mailed check,No,19.8,607.7,No,0.023529554825637868,Low
7550-WIQVA,Male,0,Yes,Yes,50,One year,Electronic check,Fiber optic,108.25,5431.4,No,0.23153836356328406,Low
7544-ZVIKX,Male,0,Yes,Yes,58,One year,Bank transfer (automatic),Fiber optic,105.05,6004.85,No,0.1717551491696019,Low
0016-QLJIS,Female,0,Yes,Yes,65,Two year,Mailed check,DSL,90.45,5957.9,No,0.016084237539420496,Low
7508-DQAKK,Female,0,No,No,64,Two year,Credit card (automatic),DSL,86.4,5442.05,No,0.015918462247449906,Low
5176-OLSKT,Female,0,Yes,No,66,Two year,Bank transfer (automatic),DSL,66.9,4370.25,No,0.008141997306713947,Low
9356-AXGMP,Male,0,Yes,No,38,One year,Electronic check,Fiber optic,110.7,4428.6,No,0.3031700285931007,Medium
3556-BVQGL,Female,0,Yes,No,20,One year,Mailed check,No,20.0,416.45,No,0.06274486689420665,Low
0362-ZBZWJ,Male,0,No,No,36,Month-to-month,Electronic check,Fiber optic,84.9,3067.2,Yes,0.5411718859268694,Medium
8979-CAMGB,Male,1,No,No,64,One year,Electronic check,Fiber optic,102.1,6688.1,No,0.19541497958364445,Low
4211-MMAZN,Male,0,No,No,1,Month-to-month,Mailed check,No,20.25,20.25,Yes,0.19802154998586033,Low
7581-EBBOU,Female,0,No,No,60,One year,Credit card (automatic),DSL,70.15,4224.7,No,0.02865973237579635,Low
4274-OWWYO,Male,0,No,No,1,Month-to-month,Electronic check,Fiber optic,74.35,74.35,Yes,0.6602582754271642,Medium
5073-RZGBK,Female,0,Yes,Yes,50,One year,Bank transfer (automatic),DSL,80.05,4042.2,No,0.038862143030868775,Low
1541-ETJZO,Male,0,No,No,1,Month-to-month,Mailed check,DSL,62.05,62.05,Yes,0.3144525303713632,Medium
2192-CKRLV,Female,0,Yes,No,72,Two year,Electronic check,DSL,49.2,3580.95,No,0.014763710576654899,Low
3154-HMWUU,Male,0,Yes,No,60,Two year,Bank transfer (automatic),No,20.5,1198.8,No,0.003931488106635597,Low
6119-SPUDB,Male,0,No,No,46,Two year,Mailed check,DSL,38.25,1755.35,No,0.012342623219048204,Low
6522-OIQSX,Female,0,Yes,Yes,69,Two year,Credit card (automatic),DSL,54.95,3772.5,No,0.01963324746313422,Low
7813-ZGGAW,Male,1,No,No,31,Month-to-month,Bank transfer (automatic),Fiber optic,96.6,2877.95,No,0.4712255703406578,Medium
8748-HFWBO,Male,0,Yes,Yes,19,One year,Mailed check,No,19.9,357.7,No,0.03958656603612888,Low
1052-QJIBV,Female,0,Yes,Yes,71,Two year,Credit card (automatic),No,19.9,1397.3,No,0.0012369969175036201,Low
1319-YLZJG,Male,0,Yes,No,12,Month-to-month,Electronic check,Fiber optic,84.6,959.9,No,0.46092645658930675,Medium
4106-HADHQ,Male,0,Yes,Yes,39,One year,Credit card (automatic),DSL,80.0,3182.95,Yes,0.04053330497238326,Low
0723-FDLAY,Male,0,No,No,44,One year,Bank transfer (automatic),DSL,85.25,3704.15,No,0.09630983126726915,Low
3050-RLLXC,Female,0,Yes,Yes,56,Two year,Credit card (automatic),DSL,81.25,4620.4,No,0.01025893523434299,Low
9298-WGMRW,Female,0,Yes,No,72,Two year,Bank transfer (automatic),Fiber optic,115.5,8312.75,No,0.056305785815092324,Low
2369-UAPKZ,Male,0,No,No,5,Month-to-month,Mailed check,Fiber optic,104.1,541.9,Yes,0.6075157572488227,Medium
3088-LHEFH,Female,0,No,No,11,Month-to-month,Bank transfer (automatic),Fiber optic,79.0,929.3,No,0.5195932463416971,Medium
2778-OCLGR,Male,1,Yes,No,24,Month-to-month,Bank transfer (automatic),DSL,39.1,971.3,Yes,0.2713892444429479,Low
6583-KQJLK,Female,1,Yes,No,15,Month-to-month,Electronic check,Fiber optic,94.65,1285.05,No,0.6995540586038852,Medium
8544-JNBOX,Male,0,No,No,72,Two year,Mailed check,No,20.8,1521.2,No,0.0020170045150097156,Low
6681-ZSEXG,Male,0,Yes,No,56,Two year,Credit card (automatic),DSL,59.5,3389.25,No,0.014047205574459641,Low
6139-ZZRBQ,Male,1,No,No,64,Two year,Bank transfer (automatic),No,20.05,1198.05,No,0.0038098424674729314,Low
6116-RFVHN,Female,0,Yes,No,34,Month-to-month,Electronic check,Fiber optic,100.45,3414.65,No,0.6357005184949908,Medium
0637-KVDLV,Male,0,No,No,2,Month-to-month,Electronic check,Fiber optic,76.5,162.45,Yes,0.7441435613515948,High
8884-FEEWR,Male,0,No,No,35,One year,Bank transfer (automatic),No,20.6,754.0,No,0.022141613424432053,Low
3125-RAHBV,Male,0,No,No,22,One year,Credit card (automatic),No,20.3,467.15,No,0.03916583105376981,Low
6633-MPWBS,Male,0,No,No,5,Month-to-month,Electronic check,DSL,49.2,216.9,Yes,0.3850294890437052,Medium
0373-AIVNJ,Male,0,No,No,9,One year,Mailed check,DSL,39.55,373.0,No,0.15892773127216808,Low
8785-EPNCG,Male,0,No,No,11,Month-to-month,Credit card (automatic),No,23.15,245.2,Yes,0.15164473873881804,Low
1682-VCOIO,Male,0,No,No,23,One year,Mailed check,No,20.45,481.1,No,0.03812604388261785,Low
5729-KLZAR,Female,0,Yes,Yes,4,Month-to-month,Electronic check,Fiber optic,80.85,302.75,Yes,0.6153190366473068,Medium
2072-ZVJJX,Male,0,Yes,No,68,Two year,Bank transfer (automatic),No,25.25,1728.2,No,0.002606017326920128,Low
8849-AYPTR,Male,0,Yes,No,33,Month-to-month,Electronic check,Fiber optic,91.25,2964.05,No,0.48109302870301157,Medium
9518-IMLHK,Male,0,No,No,31,Month-to-month,Bank transfer (automatic),DSL,72.45,2156.25,No,0.10430122871406254,Low
1582-RAFML,Male,0,No,No,1,Month-to-month,Mailed check,DSL,60.1,60.1,Yes,0.28523961496075656,Low
3646-ITDGM,Female,0,No,No,56,Two year,Bank transfer (automatic),No,19.7,1051.9,No,0.003413915919451443,Low
8740-CRYFY,Male,0,No,No,1,Month-to-month,Electronic check,Fiber optic,78.95,78.95,Yes,0.7361030534456992,High
3569-VLDHH,Male,0,Yes,Yes,66,One year,Electronic check,DSL,75.1,5013.0,No,0.02148497920485455,Low
8224-KDLKN,Male,0,Yes,Yes,72,Two year,Bank transfer (automatic),No,25.0,1738.9,No,0.0017634662152265848,Low
7594-LZNWR,Male,1,No,No,34,Month-to-month,Credit card (automatic),Fiber optic,69.15,2275.1,No,0.28186800518389005,Low
4001-TSBTV,Female,0,Yes,Yes,58,Month-to-month,Electronic check,Fiber optic,91.55,5511.65,No,0.2775521492589006,Low
2962-XPMCQ,Male,0,No,No,2,Month-to-month,Electronic check,DSL,45.15,98.5,Yes,0.5138869969336796,Medium
8727-XDPUD,Male,0,No,No,37,Two year,Credit card (automatic),DSL,35.8,1316.9,No,0.048603949429992126,Low
1043-UXOVO,Female,0,No,No,71,Two year,Credit card (automatic),Fiber optic,113.15,7993.3,No,0.04875647222341388,Low
1064-FBXNK,Male,0,Yes,Yes,1,One year,Credit card (automatic),No,19.85,19.85,No,0.09473454575975587,Low
3996-ZNWYK,Male,1,Yes,Yes,71,Two year,Credit card (automatic),No,19.8,1388.45,No,0.001487691683342177,Low
2878-DHMIN,Male,0,Yes,Yes,35,One year,Electronic check,No,19.9,666.0,No,0.024723795622024793,Low
7762-ONLJY,Female,0,Yes,Yes,6,One year,Mailed check,No,19.7,94.45,No,0.07712470306560644,Low
1678-FYZOW,Female,0,No,No,3,Month-to-month,Electronic check,Fiber optic,79.4,244.65,Yes,0.7284810739894061,High
5795-BKOYE,Female,0,Yes,Yes,69,One year,Bank transfer (automatic),DSL,59.1,4134.7,No,0.009086241942799474,Low
8627-EHGIP,Male,0,No,No,44,One year,Mailed check,DSL,53.95,2375.4,Yes,0.12216787210727802,Low
7402-PWYJJ,Female,0,Yes,No,53,One year,Electronic check,Fiber optic,91.15,4862.5,No,0.21662734771965025,Low
5480-TBGPH,Female,0,Yes,No,24,Month-to-month,Credit card (automatic),Fiber optic,99.3,2431.35,Yes,0.5053158148494147,Medium
0018-NYROU,Female,0,Yes,No,5,Month-to-month,Electronic check,Fiber optic,68.95,351.5,No,0.6713462934188265,Medium
7501-VTYLJ,Female,0,No,Yes,2,Month-to-month,Mailed check,DSL,51.55,106.2,No,0.2792758846936633,Low
7608-RGIRO,Male,0,No,Yes,62,Two year,Mailed check,No,24.4,1413.0,No,0.0037795908556755367,Low
0480-BIXDE,Female,0,Yes,No,19,Month-to-month,Electronic check,Fiber optic,96.8,1743.05,No,0.6644525773281983,Medium
5895-QSXOD,Male,0,No,No,9,Month-to-month,Mailed check,Fiber optic,70.05,657.5,No,0.4627321901815053,Medium
9814-AOUDH,Male,0,No,No,53,Two year,Credit card (automatic),No,19.5,1050.5,No,0.003641948550805333,Low
6175-IRFIT,Male,0,No,No,5,Month-to-month,Mailed check,Fiber optic,78.75,426.35,No,0.549990325552424,Medium
8760-ZRHKE,Female,1,Yes,Yes,71,One year,Electronic check,DSL,69.2,4982.5,No,0.027305917534942124,Low
1622-HSHSF,Female,0,No,No,1,Month-to-month,Mailed check,No,19.55,19.55,No,0.26190212728153944,Low
8854-CCVSQ,Male,0,No,No,18,Month-to-month,Electronic check,Fiber optic,80.65,1451.9,Yes,0.5861296748557453,Medium
6749-UTDVX,Male,0,No,No,72,Two year,Electronic check,Fiber optic,103.65,7634.8,No,0.11958094892287481,Low
5542-DHSXL,Female,0,Yes,No,4,Month-to-month,Mailed check,DSL,54.7,235.05,No,0.2167025583859447,Low
9102-OXKFY,Male,0,No,No,59,Two year,Credit card (automatic),DSL,54.15,3116.15,No,0.012811807133704018,Low
0511-JTEOY,Female,0,No,No,1,Month-to-month,Mailed check,Fiber optic,71.1,71.1,Yes,0.5421516638566187,Medium
5216-WASFJ,Female,1,Yes,No,31,Month-to-month,Electronic check,Fiber optic,84.85,2633.4,No,0.6362221518710713,Medium
7808-DVWEP,Male,0,Yes,No,3,Month-to-month,Bank transfer (automatic),No,20.0,49.65,No,0.19070393913688916,Low
7067-KSAZT,Female,1,Yes,No,65,One year,Electronic check,Fiber optic,106.25,6979.8,Yes,0.31509756283846957,Medium
2284-VFLKH,Male,0,Yes,No,49,One year,Credit card (automatic),Fiber optic,99.25,4920.8,No,0.17304789451397048,Low
0366-NQSHS,Male,0,No,No,2,Month-to-month,Mailed check,No,19.35,46.35,No,0.1889190875987506,Low
6532-YLWSI,Female,0,Yes,No,53,One year,Bank transfer (automatic),No,20.8,1021.8,Yes,0.00865455118281941,Low
3807-BPOMJ,Female,0,Yes,No,55,One year,Electronic check,Fiber optic,94.75,5276.1,No,0.20370562859257424,Low
3892-NXAZG,Male,0,Yes,Yes,72,Two year,Credit card (automatic),Fiber optic,114.05,8289.2,No,0.042897698536896005,Low
4948-WBBKL,Female,1,No,No,36,Month-to-month,Bank transfer (automatic),Fiber optic,74.9,2659.45,No,0.44308385621370316,Medium
4182-BGSIQ,Female,0,Yes,Yes,10,Month-to-month,Bank transfer (automatic),No,19.8,196.75,No,0.16772001863862274,Low
9300-AGZNL,Male,1,No,No,1,Month-to-month,Electronic check,Fiber optic,94.0,94.0,Yes,0.8429249159142521,High
0988-AADSA,Female,0,Yes,Yes,72,Two year,Bank transfer (automatic),DSL,80.85,5824.75,No,0.006448194653852138,Low
9972-NKTFD,Female,0,No,No,28,Month-to-month,Bank transfer (automatic),DSL,54.65,1517.5,No,0.09876343815397096,Low
3717-LNXKW,Male,0,Yes,No,38,Month-to-month,Bank transfer (automatic),Fiber optic,91.7,3479.05,No,0.2964098384634274,Low
5734-EJKXG,Female,0,No,No,61,One year,Electronic check,Fiber optic,118.6,7365.7,No,0.19948923883507863,Low
2207-RYYRL,Male,0,Yes,Yes,52,Two year,Mailed check,No,24.55,1331.05,No,0.0047218646444331346,Low
6729-FZWSY,Male,0,No,No,67,One year,Mailed check,No,19.45,1195.95,No,0.005133199596549173,Low
9695-IDRZR,Female,0,No,Yes,34,Two year,Credit card (automatic),Fiber optic,116.15,3946.9,No,0.09964727442831141,Low
8144-DGHXP,Female,0,No,No,54,Two year,Electronic check,DSL,80.6,4299.95,No,0.020182842389404404,Low
7814-LEEVE,Female,0,Yes,No,1,Month-to-month,Bank transfer (automatic),No,20.3,20.3,No,0.2758182781644526,Low
1112-CUNAO,Female,1,No,No,15,Month-to-month,Electronic check,Fiber optic,89.85,1424.95,Yes,0.6448954751810464,Medium
5175-AOBHI,Female,0,No,No,4,Month-to-month,Mailed check,DSL,46.0,193.6,Yes,0.40972637542347157,Medium
5174-RNGBH,Female,0,No,No,9,Month-to-month,Mailed check,DSL,66.25,620.55,Yes,0.22543905028271696,Low
8631-WUXGY,Female,0,No,Yes,46,Month-to-month,Electronic check,Fiber optic,99.8,4391.25,No,0.395932388242524,Medium
7270-BDIOA,Female,0,No,No,22,Month-to-month,Electronic check,Fiber optic,90.0,1993.8,Yes,0.5716436772365895,Medium
9565-JSNFM,Male,0,No,No,38,One year,Bank transfer (automatic),Fiber optic,70.45,2597.6,Yes,0.18059521822255725,Low
5906-DVAPM,Female,0,Yes,Yes,55,One year,Credit card (automatic),DSL,75.0,4213.9,No,0.029478258433959473,Low
6654-QGBZZ,Female,0,No,No,1,Month-to-month,Mailed check,No,19.9,19.9,No,0.2012082097143453,Low
8348-JLBUG,Male,1,Yes,No,64,One year,Credit card (automatic),Fiber optic,80.3,5017.7,No,0.049383660507773895,Low
0607-DAAHE,Male,0,No,Yes,53,Two year,Bank transfer (automatic),No,19.75,1052.35,Yes,0.0034109948301495143,Low
5641-DMBFJ,Female,0,Yes,No,58,Two year,Electronic check,DSL,84.3,4916.4,No,0.034035370812303914,Low
9200-NLNPD,Male,0,Yes,No,56,One year,Bank transfer (automatic),DSL,54.05,2959.8,No,0.06719271594631153,Low
2664-XJZNO,Male,0,Yes,Yes,72,Two year,Credit card (automatic),Fiber optic,104.9,7559.55,No,0.03248033661724943,Low
9732-KPKBW,Male,0,No,No,1,Month-to-month,Electronic check,DSL,53.95,53.95,Yes,0.33447707086392614,Medium
3339-EAQNV,Male,1,Yes,No,72,One year,Credit card (automatic),Fiber optic,97.25,7133.1,No,0.1776767586240947,Low
0921-OHLVP,Male,0,No,No,22,Month-to-month,Electronic check,Fiber optic,83.05,1799.3,No,0.556929497445899,Medium
3389-YGYAI,Female,1,No,No,8,Month-to-month,Electronic check,Fiber optic,105.5,829.55,Yes,0.7867160386649931,High
9560-ARGQJ,Female,0,No,Yes,16,Month-to-month,Electronic check,Fiber optic,81.0,1312.15,Yes,0.602259205021925,Medium
8350-NYMVI,Female,0,No,No,39,Month-to-month,Bank transfer (automatic),DSL,41.1,1597.05,No,0.0952027350192705,Low
1600-DILPE,Female,0,No,No,12,Month-to-month,Bank transfer (automatic),DSL,45.0,524.35,No,0.3363906404504574,Medium
0536-ESJEP,Male,0,Yes,No,54,Two year,Bank transfer (automatic),DSL,74.55,4191.45,No,0.025389559947843598,Low
4654-GGUII,Female,0,No,No,18,One year,Mailed check,DSL,40.2,711.95,No,0.11517013762018807,Low
6478-HRRCZ,Male,0,Yes,No,32,One year,Mailed check,DSL,70.5,2201.75,No,0.03969152914756901,Low
8510-BBWMU,Female,0,No,No,41,One year,Mailed check,No,19.75,806.95,No,0.021318577064841287,Low
6857-TKDJV,Male,0,Yes,Yes,67,Two year,Bank transfer (automatic),No,24.65,1620.45,No,0.0022751295615420952,Low
2360-RDGRO,Male,0,Yes,No,65,Month-to-month,Electronic check,Fiber optic,104.25,6812.95,No,0.3473115489347159,Medium
0584-BJQGZ,Female,0,No,No,25,Month-to-month,Bank transfer (automatic),DSL,78.35,1837.9,No,0.16435914586676403,Low
5134-IKDAY,Female,0,Yes,Yes,1,Month-to-month,Electronic check,Fiber optic,69.8,69.8,Yes,0.6709187937570169,Medium
1360-XFJMR,Female,0,Yes,No,67,One year,Credit card (automatic),Fiber optic,109.7,7344.45,No,0.1459033378645742,Low
3070-DVEYC,Male,1,No,No,7,Month-to-month,Mailed check,Fiber optic,73.75,545.15,Yes,0.5923972654928379,Medium
5730-RIITO,Female,1,No,No,43,Month-to-month,Credit card (automatic),DSL,33.45,1500.25,No,0.11463926076806606,Low
9058-MJLZC,Female,0,No,No,24,Month-to-month,Electronic check,Fiber optic,94.6,2283.15,No,0.5474239406016178,Medium
5707-ORNDZ,Male,1,No,No,9,Month-to-month,Electronic check,DSL,54.55,494.05,Yes,0.3694882999754459,Medium
0902-XKXPN,Male,0,Yes,Yes,69,Two year,Bank transfer (automatic),No,20.2,1376.5,No,0.001478888387921925,Low
5177-RVZNU,Female,0,No,Yes,37,One year,Bank transfer (automatic),No,20.3,755.4,No,0.01727033178690495,Low
0056-EPFBG,Male,0,Yes,Yes,20,Two year,Credit card (automatic),DSL,39.4,825.4,No,0.049088526293015244,Low
8993-IZEUX,Male,0,No,No,7,Month-to-month,Bank transfer (automatic),Fiber optic,69.15,488.65,No,0.49245972514932856,Medium
8696-JKZNU,Female,1,No,No,37,Month-to-month,Electronic check,Fiber optic,76.25,2841.55,Yes,0.5204663377233327,Medium
5380-AFSSK,Female,0,No,No,5,Month-to-month,Mailed check,Fiber optic,93.9,486.85,Yes,0.7343245369774215,High
8190-ZTQFB,Male,0,No,No,41,One year,Electronic check,DSL,51.35,2075.1,No,0.20895510135547443,Low
0931-MHTEM,Female,0,No,No,54,One year,Credit card (automatic),Fiber optic,100.05,5299.65,No,0.13460105514907608,Low
2055-PDADH,Female,1,No,No,3,Month-to-month,Electronic check,Fiber optic,70.4,204.7,Yes,0.7324474024380843,High
7515-LODFU,Male,1,No,No,69,Two year,Credit card (automatic),No,20.3,1356.3,No,0.001940187861034551,Low
0440-UEDAI,Female,0,No,No,53,One year,Credit card (automatic),Fiber optic,94.45,5042.75,No,0.10881399335237162,Low
1337-BOZWO,Male,0,Yes,Yes,18,One year,Credit card (automatic),DSL,46.4,812.4,No,0.16335979330720457,Low
0868-VJRDR,Male,0,Yes,No,64,Two year,Credit card (automatic),Fiber optic,104.05,6605.55,No,0.039241211658538035,Low
8714-EUHJO,Female,0,Yes,Yes,31,Month-to-month,Electronic check,Fiber optic,91.15,2995.45,Yes,0.5352756351562513,Medium
6344-SFJVH,Female,0,No,No,20,Month-to-month,Credit card (automatic),DSL,24.9,505.95,No,0.27569828593098744,Low
3950-VPYJB,Male,0,Yes,Yes,57,One year,Mailed check,DSL,59.6,3509.4,No,0.009851010406690206,Low
8041-TMEID,Male,1,Yes,No,63,Two year,Credit card (automatic),Fiber optic,108.5,6991.9,No,0.06962795949535307,Low
7321-ZNSLA,Male,0,Yes,Yes,13,Two year,Mailed check,DSL,40.55,590.35,No,0.04489776837892991,Low
6941-KXRRV,Female,1,Yes,No,48,One year,Bank transfer (automatic),DSL,58.95,2789.7,No,0.0732435263191234,Low
3721-CNEYS,Female,0,No,No,2,Month-to-month,Electronic check,Fiber optic,70.95,137.95,Yes,0.6980774942217276,Medium
8727-JQFHV,Male,0,Yes,Yes,57,Two year,Mailed check,No,20.75,1123.15,No,0.0026172171297264768,Low
9475-NNDGC,Male,0,Yes,No,71,One year,Bank transfer (automatic),Fiber optic,113.15,7953.25,No,0.1523047184765602,Low
1355-KUSBG,Female,0,Yes,Yes,7,Month-to-month,Electronic check,DSL,48.8,349.8,No,0.3994135987152889,Medium
3688-FTHLT,Female,0,No,No,16,Month-to-month,Bank transfer (automatic),DSL,63.05,1067.05,No,0.4303990328928907,Medium
0899-LIIBW,Male,0,Yes,No,34,Month-to-month,Electronic check,Fiber optic,100.85,3527.3,No,0.5565856690735181,Medium
2568-OIADY,Female,0,Yes,No,37,Month-to-month,Electronic check,Fiber optic,99.5,3762.0,Yes,0.6182090393533863,Medium
1384-RCUXW,Male,0,No,No,16,Month-to-month,Mailed check,Fiber optic,80.55,1248.9,No,0.5095609167970241,Medium
5825-XJOCM,Male,0,No,Yes,48,One year,Bank transfer (automatic),DSL,64.4,3035.35,No,0.03687555545161669,Low
6848-YLDFR,Male,0,Yes,Yes,58,One year,Credit card (automatic),DSL,75.2,4300.8,No,0.035392433861956285,Low
8125-QPFJD,Female,0,Yes,No,72,Two year,Bank transfer (automatic),DSL,84.9,6065.3,No,0.016240596935508566,Low
2320-YKQBO,Female,0,No,No,7,Month-to-month,Mailed check,No,19.3,144.95,No,0.1545961919232907,Low
1193-RTSLK,Female,0,No,No,38,Month-to-month,Credit card (automatic),Fiber optic,83.9,3233.6,Yes,0.20679838147413884,Low
2302-ANTDP,Female,1,Yes,No,48,Month-to-month,Electronic check,Fiber optic,117.45,5438.9,Yes,0.3318874073808994,Medium
5923-GXUOC,Male,0,No,No,10,Month-to-month,Electronic check,Fiber optic,104.4,1081.45,Yes,0.5941297375293974,Medium
4973-RLZVI,Female,0,No,No,30,One year,Credit card (automatic),DSL,74.65,2308.6,No,0.042680887265755973,Low
7869-ZYDST,Male,0,Yes,No,31,Month-to-month,Credit card (automatic),DSL,59.05,1882.8,No,0.2572212858453779,Low
4501-UYKBC,Female,1,No,No,46,One year,Credit card (automatic),DSL,69.1,3255.35,No,0.0852198905963006,Low
1215-EXRMO,Male,0,Yes,No,50,Two year,Mailed check,No,20.55,1067.65,No,0.004531763777085416,Low
2305-MRGLV,Male,0,Yes,No,28,Month-to-month,Bank transfer (automatic),Fiber optic,76.55,2065.4,No,0.24515025888071193,Low
8404-VIOMB,Female,0,No,No,66,Two year,Bank transfer (automatic),DSL,62.5,4136.4,No,0.015144253529858407,Low
5233-GEEAX,Male,1,No,No,8,Month-to-month,Electronic check,DSL,29.4,221.9,Yes,0.6266567434592071,Medium
2359-KLTEK,Female,0,Yes,Yes,41,Month-to-month,Bank transfer (automatic),Fiber optic,94.9,3848.0,No,0.39636528628791706,Medium
5304-EFJLP,Male,1,Yes,No,72,Two year,Bank transfer (automatic),Fiber optic,111.65,8022.85,No,0.09022796171805166,Low
2673-ZALNP,Female,0,No,No,7,One year,Mailed check,No,19.9,173.15,No,0.08621233638839639,Low
9184-GALIL,Female,0,Yes,Yes,38,Month-to-month,Mailed check,No,20.45,781.25,No,0.030028634209815504,Low
4393-RYCRE,Male,0,No,No,44,One year,Electronic check,Fiber optic,106.05,4510.8,No,0.231326240471872,Low
9746-MDMBK,Male,0,Yes,Yes,47,One year,Bank transfer (automatic),Fiber optic,113.45,5317.8,No,0.15017191920521933,Low
3162-ZJZFU,Male,0,Yes,Yes,53,Month-to-month,Electronic check,Fiber optic,92.55,4779.45,No,0.22605319454588357,Low
8404-GFGCZ,Male,0,Yes,No,4,Month-to-month,Electronic check,DSL,65.6,250.1,No,0.5046826336094336,Medium
8875-AKBYH,Male,1,No,No,20,Month-to-month,Electronic check,Fiber optic,84.35,1745.2,No,0.7082450400497466,High
4432-ADRLB,Male,0,No,No,2,Month-to-month,Mailed check,DSL,44.65,74.9,Yes,0.33975330794830777,Medium
0533-UCAAU,Male,1,Yes,No,57,One year,Credit card (automatic),DSL,71.1,4140.1,No,0.07190057871140598,Low
1394-SUIUH,Female,1,Yes,No,44,Month-to-month,Electronic check,Fiber optic,85.15,3670.5,No,0.21921839823033995,Low
3521-MNKLV,Male,0,No,No,24,Month-to-month,Mailed check,DSL,49.7,1167.8,No,0.20979747716705116,Low
2533-TIBIX,Male,0,Yes,Yes,15,Month-to-month,Bank transfer (automatic),DSL,30.2,469.65,No,0.30470133854989906,Medium
8993-PHFWD,Female,0,No,No,3,Month-to-month,Electronic check,DSL,25.25,58.9,Yes,0.5717029167736728,Medium
1565-RHDJD,Female,0,No,Yes,4,Month-to-month,Bank transfer (automatic),Fiber optic,84.05,333.55,Yes,0.49345408654396594,Medium
7137-RYLPP,Male,1,Yes,No,37,Month-to-month,Electronic check,Fiber optic,85.7,3171.15,Yes,0.586243332731609,Medium
3765-JXVKY,Female,0,No,No,1,Month-to-month,Electronic check,Fiber optic,74.7,74.7,Yes,0.6660622453099458,Medium
5092-STPKP,Female,0,No,No,24,Month-to-month,Credit card (automatic),DSL,56.35,1381.2,No,0.08969990660088388,Low
7330-WZLNC,Female,0,No,No,5,Month-to-month,Electronic check,Fiber optic,90.8,455.5,Yes,0.7332201960746182,High
0114-PEGZZ,Female,0,No,No,33,Month-to-month,Electronic check,Fiber optic,107.55,3645.5,No,0.5455211229378066,Medium
3359-DSRKA,Female,0,Yes,Yes,58,Two year,Mailed check,No,19.85,1158.85,No,0.0035769165836627586,Low
8639-NHQEI,Female,0,Yes,Yes,72,Two year,Bank transfer (automatic),Fiber optic,95.9,6954.15,No,0.04023223087822333,Low
7161-DFHUF,Female,0,Yes,No,71,Two year,Mailed check,No,23.85,1672.1,No,0.002038547002536151,Low
3957-LXOLK,Female,1,No,No,28,Month-to-month,Electronic check,Fiber optic,106.15,3152.5,Yes,0.7041034946420228,High
3720-DBRWL,Male,0,Yes,No,51,Two year,Credit card (automatic),DSL,83.85,4307.1,No,0.01876565783782526,Low
6635-MYYYZ,Female,0,No,No,30,One year,Bank transfer (automatic),DSL,85.35,2530.4,Yes,0.060162183615047216,Low
8565-WUXZU,Male,1,Yes,No,72,Two year,Credit card (automatic),Fiber optic,84.8,6141.65,No,0.018233651715269004,Low
5281-BUZGT,Male,1,No,No,36,Month-to-month,Electronic check,Fiber optic,90.85,3186.7,Yes,0.5022710801491816,Medium
4994-OBRSZ,Male,0,No,Yes,14,Two year,Bank transfer (automatic),DSL,76.1,1054.8,No,0.032688795273559536,Low
0562-FGDCR,Female,0,Yes,Yes,72,Two year,Mailed check,DSL,74.55,5430.65,No,0.005525942374604832,Low
2436-QBZFP,Female,0,Yes,Yes,22,Month-to-month,Electronic check,DSL,39.2,849.9,No,0.32394734947381987,Medium
3420-YJLQT,Female,0,No,No,2,Month-to-month,Electronic check,Fiber optic,79.55,151.75,No,0.6338850506350523,Medium
6040-CGACY,Female,0,No,No,15,Month-to-month,Mailed check,No,19.6,299.4,No,0.10709564672904871,Low
6582-PLFUU,Male,0,Yes,Yes,51,Two year,Credit card (automatic),No,19.55,1086.75,No,0.0035579614185327984,Low
8242-PDSGJ,Male,0,Yes,No,70,Two year,Credit card (automatic),DSL,39.15,2692.75,No,0.005629231850714713,Low
0264-CNITK,Female,0,Yes,Yes,71,Two year,Bank transfer (automatic),No,20.1,1389.6,No,0.0013490030093597828,Low
0089-IIQKO,Female,0,Yes,Yes,39,Month-to-month,Credit card (automatic),Fiber optic,99.95,3767.4,No,0.37820170998332237,Medium
7839-NUIAA,Female,0,Yes,Yes,61,Month-to-month,Electronic check,DSL,59.8,3641.5,No,0.04205582984120849,Low
6075-QMNRR,Female,0,No,No,52,Month-to-month,Bank transfer (automatic),DSL,49.75,2535.55,No,0.05675257309241454,Low
5378-IKEEG,Female,0,No,No,1,Month-to-month,Electronic check,DSL,35.75,35.75,Yes,0.7183833718625072,High
5966-EMAZU,Male,0,Yes,No,64,One year,Mailed check,Fiber optic,108.5,6880.85,No,0.12230717063985952,Low
0440-EKDCF,Male,0,Yes,No,62,Two year,Credit card (automatic),DSL,60.15,3753.2,No,0.008531515806096592,Low
4774-HHGGS,Male,0,Yes,No,30,Two year,Mailed check,No,19.05,637.55,No,0.012642848455615006,Low
2718-GAXQD,Female,1,Yes,Yes,4,Month-to-month,Electronic check,DSL,46.0,181.6,Yes,0.4269482668249951,Medium
2055-BFOCC,Male,1,Yes,No,63,One year,Bank transfer (automatic),DSL,84.0,5329.55,No,0.03609262529396281,Low
8180-AKMJV,Female,0,No,No,1,Month-to-month,Credit card (automatic),DSL,44.55,44.55,No,0.432274873525767,Medium
4298-OYIFC,Male,0,Yes,No,15,Month-to-month,Electronic check,Fiber optic,103.45,1539.8,No,0.6611335119289353,Medium
5566-SOEZD,Male,0,Yes,Yes,27,One year,Credit card (automatic),Fiber optic,80.65,2209.75,No,0.14143705747595844,Low
9842-EFSYY,Female,0,No,Yes,4,Month-to-month,Mailed check,DSL,57.2,223.75,No,0.4589755881988127,Medium
2272-WUSPA,Female,0,Yes,No,72,Two year,Electronic check,Fiber optic,110.75,7751.7,No,0.08956150246501596,Low
4584-LBNMK,Male,1,Yes,No,45,One year,Credit card (automatic),No,24.7,1174.35,No,0.020091286263936265,Low
3898-GUYTS,Female,1,No,No,45,Month-to-month,Electronic check,Fiber optic,97.05,4385.05,No,0.3311626900673348,Medium
0930-EHUZA,Female,0,No,No,36,One year,Mailed check,DSL,76.35,2606.35,No,0.04809275575971352,Low
6413-XKKPU,Male,0,Yes,Yes,17,Month-to-month,Electronic check,Fiber optic,89.4,1539.45,Yes,0.4844159815313142,Medium
9975-SKRNR,Male,0,No,No,1,Month-to-month,Mailed check,No,18.9,18.9,No,0.19617896770736282,Low
3703-KBKZP,Male,1,No,No,16,Month-to-month,Bank transfer (automatic),Fiber optic,74.45,1261.35,No,0.6184428236720534,Medium
1449-XQEMT,Male,0,No,No,3,Month-to-month,Mailed check,No,19.8,58.15,Yes,0.23811167220382123,Low
2626-URJFX,Male,0,Yes,Yes,4,Month-to-month,Electronic check,DSL,50.9,225.6,Yes,0.5175491965393181,Medium
4973-MGTON,Female,0,Yes,No,71,Two year,Credit card (automatic),DSL,84.4,5969.3,No,0.010116365599541844,Low
3682-YEUWS,Male,0,Yes,Yes,10,Month-to-month,Mailed check,No,24.4,253.9,No,0.19278935156139212,Low
1223-UNPKS,Male,0,Yes,Yes,20,Two year,Mailed check,No,20.05,400.0,No,0.01817288055980757,Low
2612-RRIDN,Male,0,No,No,4,Month-to-month,Electronic check,Fiber optic,81.0,340.85,Yes,0.7208567837727651,High
4735-ASGMA,Male,0,No,No,26,Month-to-month,Electronic check,Fiber optic,98.35,2515.3,Yes,0.6684268339154378,Medium
3446-QDSZF,Female,0,No,No,4,Month-to-month,Credit card (automatic),DSL,55.5,227.35,No,0.3675281555901738,Medium
3669-LVWZB,Male,0,No,No,5,Month-to-month,Mailed check,DSL,51.0,305.95,Yes,0.6043422966805373,Medium
6892-EZDTG,Female,0,Yes,No,4,Month-to-month,Electronic check,Fiber optic,91.65,365.4,Yes,0.7409328169221057,High
5117-IFGPS,Male,1,Yes,No,29,Month-to-month,Electronic check,Fiber optic,84.3,2357.75,No,0.6369232904042982,Medium
7379-FNIUJ,Male,0,No,No,2,Month-to-month,Electronic check,Fiber optic,100.2,198.5,No,0.5715602166763778,Medium
1627-AFWVJ,Female,0,No,No,29,Two year,Mailed check,No,19.4,554.25,No,0.0133647884915403,Low
9725-SCPZG,Male,0,No,Yes,1,Month-to-month,Electronic check,Fiber optic,90.85,90.85,Yes,0.747829173259161,High
5884-GCYMI,Male,0,No,No,1,Month-to-month,Mailed check,Fiber optic,69.4,69.4,Yes,0.5327981469050892,Medium
3217-FZDMN,Female,1,No,No,8,Month-to-month,Credit card (automatic),Fiber optic,94.45,742.95,Yes,0.6936322207806271,Medium
4486-EFAEB,Male,0,No,No,13,Month-to-month,Electronic check,No,20.4,251.65,No,0.20988177546079018,Low
0060-FUALY,Female,0,Yes,No,59,Month-to-month,Electronic check,Fiber optic,94.75,5597.65,No,0.2777083352543658,Low
7853-GVUDZ,Female,0,Yes,Yes,1,Month-to-month,Credit card (automatic),No,20.15,20.15,Yes,0.22967069359183262,Low
7480-QNVZJ,Male,1,No,No,50,Month-to-month,Electronic check,Fiber optic,95.7,4816.7,Yes,0.5741143163531082,Medium
6954-OOYZZ,Male,0,Yes,No,18,Month-to-month,Bank transfer (automatic),DSL,44.35,768.05,No,0.2722989644002383,Low
7088-FBAWU,Female,0,Yes,Yes,17,Month-to-month,Mailed check,DSL,74.55,1215.8,No,0.1802467704707131,Low
8313-AFGBW,Male,0,Yes,No,47,Two year,Electronic check,DSL,73.6,3522.65,No,0.04105345594048848,Low
3943-KDREE,Female,0,No,No,26,Month-to-month,Bank transfer (automatic),Fiber optic,74.95,1834.95,Yes,0.47241536080130103,Medium
9239-ZBZZV,Female,0,No,No,6,Month-to-month,Electronic check,DSL,47.95,305.1,Yes,0.6998950215591758,Medium
3097-IDVPU,Male,0,Yes,Yes,19,Month-to-month,Credit card (automatic),DSL,50.1,910.45,No,0.20754536531538287,Low
4398-HSCJH,Female,0,No,No,3,Month-to-month,Electronic check,DSL,63.6,155.65,Yes,0.5188583547553886,Medium
2197-OMWGI,Female,1,Yes,Yes,68,Two year,Electronic check,DSL,53.0,3656.25,No,0.03539233678182801,Low
2303-PJYHN,Female,0,Yes,No,2,Month-to-month,Bank transfer (automatic),No,19.85,52.0,No,0.20362421404317566,Low
9795-VOWON,Male,0,No,No,7,One year,Credit card (automatic),DSL,24.35,150.85,No,0.33910875096313065,Medium
1237-WIYYZ,Female,0,No,No,18,Month-to-month,Mailed check,No,19.55,389.25,No,0.1273691604870352,Low
1987-AUELQ,Female,0,Yes,No,71,Two year,Credit card (automatic),No,25.05,1873.7,No,0.002140013807076749,Low
7852-LECYP,Male,1,Yes,No,13,Month-to-month,Credit card (automatic),Fiber optic,93.8,1261.0,No,0.4607752140328522,Medium
4430-UZIPO,Male,0,No,No,3,Month-to-month,Mailed check,DSL,36.85,108.7,Yes,0.4318202145780509,Medium
4822-LPTYJ,Male,0,Yes,No,72,Two year,Bank transfer (automatic),Fiber optic,103.75,7346.2,No,0.08426408601411332,Low
8165-CBKXO,Male,0,Yes,Yes,66,Two year,Credit card (automatic),DSL,56.75,3708.4,No,0.022718611504189034,Low
6527-PZFPV,Male,0,Yes,Yes,24,One year,Credit card (automatic),No,20.8,469.65,No,0.04223011642044716,Low
4855-SNKMY,Female,0,No,No,1,Month-to-month,Electronic check,DSL,44.1,44.1,Yes,0.5278857316153189,Medium
9593-CVZKR,Female,0,Yes,Yes,56,Two year,Mailed check,No,24.45,1385.85,No,0.005473874835721791,Low
8595-SIZNC,Female,1,Yes,No,22,One year,Bank transfer (automatic),No,25.6,548.8,No,0.06867389406159469,Low
8008-HAWED,Male,0,No,No,14,Month-to-month,Electronic check,DSL,50.75,712.75,Yes,0.6232784609681148,Medium
7124-UGSUR,Female,1,Yes,No,61,One year,Credit card (automatic),Fiber optic,104.4,6405.0,Yes,0.2448567381382088,Low
1862-SKORY,Female,1,Yes,No,40,Month-to-month,Electronic check,DSL,39.3,1637.4,Yes,0.30233342149366604,Medium
5236-XMZJY,Female,0,No,No,42,Month-to-month,Bank transfer (automatic),DSL,59.65,2536.55,No,0.05757554257321611,Low
4827-DPADN,Female,0,Yes,Yes,72,Two year,Bank transfer (automatic),DSL,83.3,6042.7,No,0.013648936558049241,Low
2694-CIUMO,Female,0,No,No,12,Month-to-month,Credit card (automatic),Fiber optic,79.55,958.25,No,0.4929601148516731,Medium
5846-ABOBJ,Male,0,Yes,No,71,Two year,Bank transfer (automatic),No,24.45,1730.65,No,0.002170273714752807,Low
1439-LCGVL,Female,0,Yes,No,26,One year,Mailed check,No,19.2,459.6,No,0.03237252470750846,Low
0909-SDHNU,Female,0,No,Yes,7,Month-to-month,Mailed check,DSL,29.8,201.95,No,0.30423790100498743,Medium
4647-XXZAM,Female,0,Yes,Yes,6,Month-to-month,Mailed check,DSL,45.5,285.2,No,0.27730953387854823,Low
1502-XFCVR,Female,0,No,No,58,One year,Electronic check,Fiber optic,106.45,6145.85,Yes,0.18508067342764786,Low
7740-KKCXF,Male,0,Yes,No,51,Month-to-month,Credit card (automatic),DSL,30.05,1529.45,No,0.08909981244759299,Low
5360-XGYAZ,Male,0,Yes,Yes,72,Two year,Bank transfer (automatic),DSL,65.65,4664.5,No,0.010854198482531136,Low
9692-TUSXH,Female,0,No,No,18,Month-to-month,Electronic check,Fiber optic,96.05,1740.7,Yes,0.5949866725388352,Medium
7912-SYRQT,Female,0,No,No,7,Month-to-month,Bank transfer (automatic),Fiber optic,75.1,552.95,Yes,0.647232349476269,Medium
3557-HTYWR,Female,0,No,No,47,Two year,Mailed check,DSL,74.05,3496.3,No,0.015233121446254686,Low
4816-JBHOV,Male,1,No,No,2,Month-to-month,Electronic check,DSL,44.7,93.7,Yes,0.5650540619558054,Medium
8920-NAVAY,Male,1,No,No,62,One year,Bank transfer (automatic),Fiber optic,110.75,7053.35,No,0.21730712240806932,Low
1699-TLDLZ,Female,0,Yes,Yes,16,Two year,Mailed check,No,19.7,301.55,No,0.02266378564734008,Low
5600-PDUJF,Male,0,No,No,6,Month-to-month,Credit card (automatic),DSL,49.5,312.7,No,0.29265058938609595,Low
8292-TYSPY,Male,0,No,No,19,Month-to-month,Credit card (automatic),DSL,55.0,1046.5,Yes,0.18724903912200558,Low
0567-XRHCU,Female,0,Yes,Yes,69,Two year,Credit card (automatic),DSL,43.95,2960.1,No,0.010043658241237487,Low
1867-BDVFH,Male,0,Yes,Yes,11,Month-to-month,Electronic check,Fiber optic,74.35,834.2,Yes,0.6404586287158182,Medium
2067-QYTCF,Female,0,Yes,No,64,Month-to-month,Electronic check,Fiber optic,111.15,6953.4,No,0.3456536522736859,Medium
2359-QWQUL,Female,0,Yes,No,39,One year,Credit card (automatic),Fiber optic,104.7,4134.85,Yes,0.16819153884599666,Low
9103-TCIHJ,Female,0,No,No,15,Month-to-month,Mailed check,DSL,55.7,899.8,Yes,0.27766222208974595,Low
7407-SUJIZ,Male,0,No,No,25,Month-to-month,Mailed check,No,20.6,541.5,No,0.06598221560498371,Low
9150-KPBJQ,Female,0,No,No,6,Two year,Credit card (automatic),No,19.65,116.85,No,0.042972777838180334,Low
0052-DCKON,Male,0,Yes,No,66,One year,Bank transfer (automatic),Fiber optic,115.8,7942.15,No,0.10047498943060844,Low
3654-ARMGP,Female,0,No,No,61,Two year,Credit card (automatic),DSL,88.65,5321.25,No,0.02046982234369754,Low
9699-UBQFS,Female,1,Yes,No,43,Month-to-month,Electronic check,Fiber optic,94.5,4156.8,No,0.4357159589308061,Medium
9367-TCUYN,Female,0,No,No,12,Month-to-month,Mailed check,No,20.1,223.6,No,0.12312058684856123,Low
1261-FWTTE,Male,1,No,No,23,Month-to-month,Bank transfer (automatic),DSL,34.65,768.45,No,0.4396616344936364,Medium
3528-HFRIQ,Male,1,Yes,No,71,Month-to-month,Bank transfer (automatic),DSL,52.3,3765.05,No,0.10069475635196129,Low
0708-SJDIS,Female,0,No,No,34,Month-to-month,Mailed check,DSL,65.0,2157.5,No,0.13965290816578757,Low
4140-WJAWW,Female,0,No,No,5,Month-to-month,Credit card (automatic),No,19.85,108.05,Yes,0.16612762874493367,Low
2073-QBVBI,Female,0,Yes,No,41,One year,Mailed check,DSL,35.45,1391.65,No,0.04218894733638942,Low
6928-ONTRW,Female,0,Yes,Yes,72,Two year,Credit card (automatic),No,19.7,1379.8,No,0.001157601543815425,Low
3320-VEOYC,Male,1,No,No,14,Month-to-month,Electronic check,Fiber optic,95.6,1273.3,No,0.7857872256497772,High
5231-FIQPA,Female,0,No,No,41,Two year,Mailed check,No,19.85,810.45,No,0.010142454194781056,Low
6617-WLBQC,Female,0,Yes,Yes,23,One year,Credit card (automatic),Fiber optic,81.85,1810.85,No,0.16937760867183613,Low
2599-CIPQE,Male,0,Yes,Yes,71,Two year,Credit card (automatic),Fiber optic,109.3,7782.85,No,0.022078250071474435,Low
6653-CBBOM,Female,0,No,No,1,Month-to-month,Electronic check,Fiber optic,70.3,70.3,Yes,0.7048276779254976,High
8774-GSBUN,Male,0,Yes,No,72,Two year,Mailed check,No,25.4,1797.1,No,0.0019794915350720924,Low
7326-RIGQZ,Male,0,Yes,Yes,6,Month-to-month,Electronic check,Fiber optic,69.8,377.85,No,0.6204817114177974,Medium
1401-FTHFQ,Male,0,Yes,Yes,23,One year,Credit card (automatic),No,20.0,445.3,No,0.04407890615184891,Low
3247-ZVOUO,Male,1,Yes,No,10,Month-to-month,Electronic check,Fiber optic,85.55,851.75,Yes,0.7050574270735207,High
0254-FNMCI,Female,0,No,No,72,Two year,Electronic check,Fiber optic,109.9,7624.2,No,0.04810474792037347,Low
1848-LBZHY,Female,0,Yes,No,7,Month-to-month,Bank transfer (automatic),DSL,50.3,355.1,No,0.30255270869598117,Medium
6101-IMRMM,Male,0,No,Yes,6,Month-to-month,Mailed check,Fiber optic,94.5,575.45,Yes,0.5429060960433393,Medium
8118-TJAFG,Male,0,Yes,Yes,9,Month-to-month,Electronic check,Fiber optic,101.5,906.85,No,0.5814443616927093,Medium
5429-LWCMV,Female,0,No,No,12,Month-to-month,Electronic check,Fiber optic,89.15,1057.55,No,0.6868968817926895,Medium
7298-IZWLY,Female,0,No,No,1,Month-to-month,Mailed check,No,19.4,19.4,No,0.26165211714997766,Low
9758-MFWGD,Female,1,Yes,Yes,48,One year,Bank transfer (automatic),DSL,29.9,1388.75,No,0.04527516074343841,Low
3955-JBZZM,Male,0,No,No,20,Month-to-month,Electronic check,Fiber optic,78.8,1641.3,No,0.5130187046889951,Medium
1268-ASBGA,Female,1,Yes,No,16,Month-to-month,Credit card (automatic),Fiber optic,85.35,1375.15,Yes,0.6597060211602532,Medium
8943-URTMR,Female,0,No,No,2,Month-to-month,Mailed check,Fiber optic,79.65,152.7,Yes,0.6584258290105761,Medium
4815-TUMEQ,Female,0,No,No,10,One year,Mailed check,No,19.3,185.2,No,0.10030868723641187,Low
4713-LZDRV,Female,1,No,No,2,Month-to-month,Electronic check,Fiber optic,79.6,195.05,Yes,0.7780289355556658,High
9909-IDLEK,Male,0,Yes,Yes,20,Month-to-month,Mailed check,Fiber optic,96.8,1826.7,No,0.3334278193993841,Medium
4092-OFQZS,Male,0,Yes,No,20,One year,Mailed check,No,20.65,417.5,No,0.0444984126544315,Low
1561-BWHIN,Male,0,Yes,Yes,19,One year,Mailed check,No,19.8,344.5,No,0.039395581920521824,Low
4325-NFSKC,Male,1,No,No,19,Month-to-month,Electronic check,Fiber optic,90.6,1660.0,Yes,0.6287381308998148,Medium
9927-DSWDF,Male,0,Yes,No,22,Month-to-month,Electronic check,Fiber optic,104.6,2180.55,No,0.4262331885853189,Medium
9500-LTVBP,Female,0,No,No,35,Month-to-month,Credit card (automatic),Fiber optic,80.05,2835.9,No,0.24364785705870878,Low
7252-NTGSS,Female,0,No,No,1,Month-to-month,Mailed check,DSL,45.15,45.15,No,0.35719232002195606,Medium
8149-AIQCG,Male,0,No,No,39,Month-to-month,Credit card (automatic),Fiber optic,73.15,2730.85,No,0.32740553976848674,Medium
1360-JYXKQ,Female,1,Yes,No,54,One year,Electronic check,Fiber optic,99.1,5437.1,No,0.25456801350714575,Low
2955-PSXOE,Female,0,No,No,1,Month-to-month,Bank transfer (automatic),No,20.2,20.2,Yes,0.2751956180451702,Low
7762-URZQH,Male,0,Yes,No,66,Two year,Credit card (automatic),Fiber optic,106.05,6981.35,Yes,0.08006329614815864,Low
0899-WZRSD,Male,0,No,No,56,Month-to-month,Mailed check,Fiber optic,105.35,5794.45,No,0.2496431970580349,Low
3255-GRXMG,Male,0,No,Yes,18,Month-to-month,Credit card (automatic),DSL,45.65,747.2,No,0.22711613465609856,Low
4828-FAZPK,Female,0,Yes,Yes,16,Month-to-month,Credit card (automatic),Fiber optic,79.95,1267.95,No,0.4707972260390687,Medium
6094-ZIVKX,Female,0,No,No,68,One year,Credit card (automatic),DSL,54.45,3674.95,No,0.014565863581619964,Low
6925-BAYGL,Female,1,Yes,No,53,Two year,Credit card (automatic),No,25.1,1275.6,No,0.0063166390384713465,Low
3262-EIDHV,Female,0,Yes,Yes,72,Two year,Credit card (automatic),DSL,84.7,5893.9,No,0.008582824512353225,Low
7354-OIJLX,Male,0,No,No,9,Month-to-month,Electronic check,Fiber optic,75.85,724.65,No,0.6957246861482357,Medium
1376-HHBDV,Female,0,No,No,30,Month-to-month,Mailed check,DSL,48.8,1536.75,No,0.13047636145082941,Low
6907-NZZIJ,Female,0,No,No,36,Month-to-month,Electronic check,Fiber optic,99.15,3615.6,Yes,0.5907157124065171,Medium
6133-OZILE,Female,0,No,No,18,Month-to-month,Electronic check,DSL,35.2,607.3,No,0.3754182168217095,Medium
4135-FRWKJ,Female,1,Yes,Yes,55,One year,Electronic check,DSL,76.25,4154.55,No,0.04202969909236082,Low
2911-UREFD,Female,0,Yes,No,39,Month-to-month,Electronic check,DSL,55.9,2184.35,Yes,0.22635505270023426,Low
3744-ZRRDZ,Male,0,No,No,21,Month-to-month,Electronic check,Fiber optic,82.35,1852.85,Yes,0.5774402883092784,Medium
5673-TIYIB,Male,0,No,No,2,Month-to-month,Credit card (automatic),DSL,40.4,77.15,Yes,0.4214528496603985,Medium
6551-ZCOTS,Male,1,No,No,33,One year,Bank transfer (automatic),No,24.9,847.8,No,0.0547663982976306,Low
7191-ADRGF,Male,0,Yes,No,44,Two year,Bank transfer (automatic),DSL,54.3,2390.45,No,0.04734263947964378,Low
5018-LXQQG,Female,0,Yes,Yes,30,Month-to-month,Bank transfer (automatic),DSL,66.3,1923.5,No,0.08560248553907214,Low
6892-BOGQE,Female,0,Yes,No,71,Two year,Bank transfer (automatic),No,20.9,1493.2,No,0.0023156917192521114,Low
1602-IJQQE,Female,0,No,No,4,Month-to-month,Electronic check,Fiber optic,75.35,338.1,Yes,0.6621615685209914,Medium
4628-WQCQQ,Male,0,No,Yes,35,One year,Electronic check,Fiber optic,85.15,3030.6,Yes,0.28456183475992786,Low
1746-TGTWV,Male,0,Yes,No,1,Month-to-month,Credit card (automatic),Fiber optic,75.35,75.35,No,0.515982857622332,Medium
5995-SNNEW,Male,1,Yes,No,23,Month-to-month,Electronic check,Fiber optic,104.45,2184.85,No,0.6941902711475627,Medium
8050-WYBND,Female,0,No,Yes,22,One year,Credit card (automatic),DSL,49.45,1031.4,No,0.2542330756138542,Low
2821-WARNZ,Female,0,No,Yes,49,One year,Credit card (automatic),No,19.45,921.3,No,0.008216881239025626,Low
4879-GZLFH,Female,0,Yes,Yes,42,Month-to-month,Electronic check,Fiber optic,92.15,3875.4,No,0.4518012215199656,Medium
1644-IRKSF,Female,0,Yes,Yes,33,One year,Electronic check,Fiber optic,93.8,3124.5,Yes,0.3630876709890902,Medium
8314-HTWVE,Female,0,Yes,Yes,7,Two year,Mailed check,No,19.85,144.15,No,0.036252383977731034,Low
9402-ROUMJ,Female,0,Yes,Yes,67,One year,Bank transfer (automatic),Fiber optic,100.25,6689.0,No,0.07924391721355654,Low
2507-QZPQS,Male,0,No,No,15,Month-to-month,Electronic check,Fiber optic,95.7,1451.1,No,0.5004003500534666,Medium
7159-NOKYQ,Male,0,Yes,No,67,Two year,Electronic check,Fiber optic,93.15,6368.2,No,0.09173231757470751,Low
5707-ZMDJP,Male,0,Yes,Yes,53,Two year,Mailed check,DSL,69.7,3729.6,No,0.010705572376523084,Low
8779-YIQQA,Male,0,Yes,Yes,21,One year,Mailed check,No,19.8,350.1,No,0.03521318202320995,Low
7136-IHZJA,Female,0,Yes,Yes,40,Month-to-month,Mailed check,DSL,71.35,2847.2,No,0.07185598922047004,Low
8966-OIQHG,Female,0,Yes,Yes,22,One year,Bank transfer (automatic),No,20.75,452.35,No,0.03753715383845926,Low
7074-STDCN,Male,0,No,No,39,Month-to-month,Electronic check,DSL,40.6,1494.5,No,0.2249156923593446,Low
3705-PSNGL,Male,0,No,No,45,One year,Electronic check,No,20.4,930.45,Yes,0.02462724610546685,Low
8739-QOTTN,Female,0,Yes,No,2,Month-to-month,Mailed check,No,20.35,41.85,No,0.19388603733149706,Low
1399-OUPJN,Female,0,Yes,Yes,57,Two year,Bank transfer (automatic),No,19.75,1272.05,No,0.0029621936537262876,Low
0277-BKSQP,Male,0,Yes,Yes,8,Month-to-month,Electronic check,DSL,54.4,475.1,No,0.46189957378159957,Medium
6502-HCJTI,Male,1,Yes,No,7,Month-to-month,Credit card (automatic),Fiber optic,94.7,673.1,Yes,0.5899497194373985,Medium
2606-RMDHZ,Male,0,No,No,6,Month-to-month,Credit card (automatic),DSL,30.5,208.7,Yes,0.4798259434853492,Medium
5774-XZTQC,Female,0,Yes,Yes,7,Month-to-month,Mailed check,No,20.45,150.75,No,0.136893314776675,Low
2676-SSLTO,Male,0,No,No,49,Two year,Bank transfer (automatic),DSL,66.15,3199.0,No,0.031931282079309384,Low
6266-QHOJZ,Female,0,No,No,65,One year,Electronic check,Fiber optic,89.85,5844.65,No,0.07781697217056392,Low
7269-JISCY,Female,0,No,No,55,One year,Bank transfer (automatic),DSL,45.05,2462.6,No,0.025885541703536494,Low
0363-SVHYR,Male,0,Yes,Yes,71,Two year,Bank transfer (automatic),DSL,86.85,6263.8,No,0.008943787935344848,Low
8547-NSBBO,Male,0,No,No,35,Month-to-month,Mailed check,Fiber optic,96.75,3403.4,No,0.22748941014647764,Low
8258-GSTJK,Male,1,No,No,3,Month-to-month,Electronic check,Fiber optic,77.0,237.75,Yes,0.7769496356402392,High
6861-OKBCE,Female,0,No,Yes,11,Month-to-month,Credit card (automatic),No,20.1,221.35,Yes,0.11044151831146953,Low
9940-RHLFB,Female,0,No,No,1,Month-to-month,Electronic check,Fiber optic,75.3,75.3,Yes,0.6159386497782665,Medium
6591-QGOYB,Male,0,No,No,17,Month-to-month,Bank transfer (automatic),Fiber optic,106.65,1672.1,No,0.38683399270499874,Medium
9070-BCKQP,Female,0,Yes,No,72,Two year,Credit card (automatic),Fiber optic,110.15,7881.2,No,0.053627957343934135,Low
6421-SZVEM,Female,0,Yes,Yes,28,One year,Bank transfer (automatic),Fiber optic,82.85,2320.8,No,0.20328905932716346,Low
1328-EUZHC,Female,0,Yes,No,18,Two year,Mailed check,No,20.1,370.5,No,0.02410008294858076,Low
2995-UPRYS,Female,1,Yes,No,40,One year,Credit card (automatic),Fiber optic,99.2,4062.2,Yes,0.23263564144456886,Low
8878-RYUKI,Female,0,No,No,52,Month-to-month,Electronic check,DSL,59.45,3043.7,No,0.14130066253413492,Low
9633-DENPU,Female,0,Yes,No,47,Month-to-month,Bank transfer (automatic),DSL,58.6,2723.4,No,0.11412968964499867,Low
7811-JIVPF,Female,0,No,No,23,Month-to-month,Credit card (automatic),DSL,49.7,1081.25,No,0.162091942023321,Low
7113-HIPFI,Male,0,Yes,Yes,66,Two year,Mailed check,DSL,65.85,4097.05,No,0.003155434795304358,Low
8541-QVFKM,Female,0,No,No,8,Month-to-month,Electronic check,Fiber optic,73.5,632.2,No,0.7027024602962483,High
6686-YPGHK,Male,1,No,No,47,Month-to-month,Mailed check,Fiber optic,85.5,4042.3,Yes,0.21252222505547538,Low
1383-EZRWL,Female,0,No,No,7,Month-to-month,Mailed check,No,20.05,164.85,Yes,0.15624593112449478,Low
9258-CNWAC,Female,0,Yes,Yes,71,Two year,Credit card (automatic),Fiber optic,113.65,8166.8,No,0.031955661937367125,Low
5371-VYLSX,Female,1,No,No,50,Month-to-month,Electronic check,Fiber optic,83.4,4113.7,No,0.2921853833985888,Low
6374-AFWOX,Male,0,Yes,No,46,Two year,Mailed check,DSL,65.65,3047.15,No,0.008561113871529014,Low
4759-TRPLW,Male,0,No,No,1,Month-to-month,Electronic check,Fiber optic,70.4,70.4,Yes,0.6230745717500549,Medium
5317-FLPJF,Female,0,No,No,66,Two year,Bank transfer (automatic),DSL,61.35,4193.4,No,0.018921445177090063,Low
7621-VPNET,Female,0,Yes,No,42,Month-to-month,Credit card (automatic),Fiber optic,85.9,3729.75,No,0.27661322324496157,Low
6034-YMTOB,Female,0,No,No,5,Month-to-month,Mailed check,Fiber optic,75.65,399.45,No,0.5006770795455658,Medium
8563-IIOXK,Male,0,Yes,Yes,7,One year,Electronic check,DSL,49.75,331.3,Yes,0.19757821476061507,Low
4903-CNOZC,Male,0,No,No,29,One year,Credit card (automatic),DSL,70.9,1964.6,No,0.10490499147745576,Low
4353-HYOJD,Female,0,Yes,Yes,27,Month-to-month,Mailed check,DSL,49.85,1336.15,No,0.1142867239205003,Low
8020-BWHYL,Female,1,No,No,15,Month-to-month,Credit card (automatic),Fiber optic,75.3,1147.45,Yes,0.5079630545187875,Medium
7267-FRMJW,Female,0,Yes,Yes,25,Two year,Mailed check,No,20.1,486.05,No,0.014278760783193956,Low
2982-VPSGI,Female,0,Yes,No,11,Month-to-month,Electronic check,Fiber optic,94.0,1078.9,Yes,0.7713353950625441,High
4188-FRABG,Male,0,Yes,No,57,Month-to-month,Electronic check,Fiber optic,103.05,5925.75,No,0.23145003284274832,Low
8199-ZLLSA,Male,0,No,No,67,One year,Bank transfer (automatic),Fiber optic,118.35,7804.15,Yes,0.126695670387027,Low
4128-ETESU,Female,1,Yes,No,47,Month-to-month,Electronic check,Fiber optic,99.7,4747.2,No,0.5178266133063226,Medium
0620-DLSLK,Female,0,No,No,13,Month-to-month,Mailed check,Fiber optic,81.9,1028.9,No,0.5751925429466297,Medium
4625-EWPTF,Male,0,No,No,8,Month-to-month,Electronic check,DSL,30.45,226.45,Yes,0.4920358688572615,Medium
5980-NOPLP,Female,0,Yes,No,44,Month-to-month,Electronic check,Fiber optic,96.1,4364.1,Yes,0.5809618287620724,Medium
3850-OKINF,Male,0,Yes,Yes,71,One year,Electronic check,DSL,66.2,4692.55,No,0.03353620361367775,Low
6892-XPFPU,Male,1,Yes,No,24,Month-to-month,Electronic check,Fiber optic,104.25,2433.9,Yes,0.6980999767567458,Medium
8010-EZLOU,Male,1,No,No,15,Month-to-month,Electronic check,Fiber optic,80.2,1217.25,Yes,0.6589138699215328,Medium
1156-ZFYDO,Female,0,No,No,1,Month-to-month,Electronic check,No,19.75,19.75,No,0.26552617028481634,Low
3295-YVUSR,Male,1,No,No,2,Month-to-month,Mailed check,Fiber optic,72.6,154.3,No,0.7071160714995611,High
8016-NCFVO,Male,1,No,No,55,Month-to-month,Electronic check,Fiber optic,116.5,6382.55,No,0.3773524024749182,Medium
4119-ZYPZY,Male,1,No,No,71,Two year,Electronic check,Fiber optic,106.8,7623.2,No,0.11655384487957789,Low
5549-ZGHFB,Male,0,Yes,Yes,50,Two year,Mailed check,No,24.95,1261.45,No,0.005213363440809758,Low
7577-SWIFR,Male,0,No,No,1,Month-to-month,Electronic check,Fiber optic,89.25,89.25,No,0.7736896095098922,High
0303-WMMRN,Male,0,No,No,5,Month-to-month,Mailed check,No,19.25,86.05,No,0.21804367614441844,Low
6408-OTUBZ,Female,0,No,No,66,One year,Bank transfer (automatic),Fiber optic,104.55,6779.05,No,0.0828605492362289,Low
5204-HMGYF,Female,0,Yes,Yes,49,One year,Mailed check,DSL,87.2,4345.0,No,0.04109511317439045,Low
1078-TDCRN,Female,1,Yes,No,3,Month-to-month,Electronic check,DSL,30.75,82.85,No,0.6645272053829073,Medium
3727-OVPRY,Male,0,Yes,Yes,66,One year,Credit card (automatic),No,25.7,1714.55,No,0.006886194120468547,Low
3797-FKOGQ,Male,0,No,Yes,11,Month-to-month,Electronic check,Fiber optic,86.2,893.2,No,0.6133137825690032,Medium
7622-NXQZR,Male,0,No,No,28,Month-to-month,Credit card (automatic),DSL,30.1,810.85,No,0.19877670982537593,Low
6196-HBOBZ,Male,0,Yes,No,65,Two year,Electronic check,Fiber optic,99.35,6347.55,No,0.0701591704515071,Low
3970-XGJDU,Female,0,No,No,62,Two year,Credit card (automatic),No,19.2,1123.65,No,0.0031576365105397534,Low
7017-VFULY,Female,0,Yes,No,2,Month-to-month,Bank transfer (automatic),No,20.1,43.15,No,0.20350387369733602,Low
5562-YJQGT,Female,0,No,No,2,Month-to-month,Credit card (automatic),No,20.35,35.1,No,0.18925406663908204,Low
8807-OPMBM,Female,0,Yes,Yes,55,Two year,Credit card (automatic),No,25.65,1388.0,No,0.005720572102212199,Low
5439-WIKXB,Male,1,Yes,No,41,Month-to-month,Electronic check,Fiber optic,94.55,3851.45,No,0.5250069879408787,Medium
9874-QLCLH,Female,0,Yes,Yes,17,Month-to-month,Electronic check,Fiber optic,104.2,1743.5,Yes,0.613409980811744,Medium
8294-UIMBA,Female,0,No,No,30,One year,Bank transfer (automatic),Fiber optic,94.4,2638.1,No,0.2682914891232752,Low
8109-YUOHE,Male,0,No,No,17,One year,Mailed check,DSL,56.1,946.95,No,0.07467964688994157,Low
5840-NVDCG,Female,0,Yes,Yes,16,Two year,Bank transfer (automatic),DSL,68.25,1114.85,No,0.03133431860738871,Low
8092-NLTGF,Male,0,No,No,72,Two year,Bank transfer (automatic),No,24.75,1777.6,No,0.0020770633128140447,Low
5928-QLDHB,Male,0,No,No,9,Month-to-month,Electronic check,Fiber optic,76.25,684.85,No,0.6937408468733535,Medium
9840-EFJQB,Female,0,No,No,1,Month-to-month,Electronic check,Fiber optic,74.35,74.35,No,0.5846123163385704,Medium
0696-UKTOX,Male,0,No,Yes,23,Month-to-month,Electronic check,DSL,54.15,1312.45,No,0.13435055913779043,Low
4801-KFYKL,Male,0,No,Yes,8,Month-to-month,Bank transfer (automatic),No,19.45,159.2,No,0.13362580444486025,Low
3472-OAOOR,Male,0,Yes,Yes,19,Month-to-month,Mailed check,DSL,34.95,610.2,No,0.2214037219430342,Low
6135-OZQVA,Female,0,No,No,7,Month-to-month,Electronic check,DSL,53.65,404.35,No,0.4268135326365359,Medium
8062-YBDOE,Male,1,No,No,1,Month-to-month,Electronic check,Fiber optic,69.65,69.65,Yes,0.7413941901476775,High
2252-JHJGE,Male,0,No,No,61,One year,Electronic check,Fiber optic,104.0,6363.45,No,0.1732043164151217,Low
4188-PCPIG,Female,0,Yes,No,57,Two year,Credit card (automatic),DSL,70.35,4124.65,No,0.011225632689785355,Low
6000-APYLU,Male,0,No,No,9,Month-to-month,Electronic check,Fiber optic,80.8,713.1,Yes,0.6857999431932231,Medium
7105-BENQF,Male,0,No,Yes,15,One year,Mailed check,DSL,64.85,950.75,No,0.09589909012184226,Low
7721-DVEKZ,Female,0,No,No,1,Month-to-month,Mailed check,No,19.65,19.65,No,0.2008618825069487,Low
3566-VVORZ,Female,0,Yes,No,12,Month-to-month,Bank transfer (automatic),DSL,45.9,505.95,No,0.26478949341455504,Low
9507-HSMMZ,Male,0,No,No,54,Two year,Mailed check,No,20.0,1149.65,No,0.0036494156676456883,Low
2480-SQIOB,Male,0,Yes,Yes,4,Month-to-month,Electronic check,DSL,44.8,169.65,No,0.36761658291640487,Medium
0947-IDHRQ,Female,0,No,No,7,Month-to-month,Mailed check,Fiber optic,80.3,526.7,Yes,0.618905727463773,Medium
7813-TKCVO,Female,0,Yes,No,20,One year,Mailed check,No,20.35,393.15,No,0.0450422532941083,Low
0128-MKWSG,Female,0,No,Yes,26,Month-to-month,Mailed check,DSL,45.8,1147.0,No,0.1393462038034825,Low
3672-YITQD,Male,1,Yes,No,36,Month-to-month,Electronic check,Fiber optic,84.1,3021.6,Yes,0.5884480116770484,Medium
4350-ZTLPI,Female,0,Yes,No,53,One year,Bank transfer (automatic),Fiber optic,108.95,5718.2,No,0.2017814050462844,Low
9048-JVYVF,Male,0,No,No,3,Month-to-month,Electronic check,DSL,69.35,191.35,Yes,0.5069331563228895,Medium
0361-HJRDX,Female,0,No,No,68,Two year,Credit card (automatic),DSL,64.35,4539.6,No,0.010123700818330986,Low
5727-MYATE,Male,0,Yes,Yes,72,Two year,Credit card (automatic),DSL,90.8,6397.6,No,0.011733833895849938,Low
3823-KYNQY,Male,0,No,No,12,One year,Credit card (automatic),No,24.95,280.4,No,0.0808740928961277,Low
8988-ECPJR,Female,1,Yes,Yes,34,Month-to-month,Mailed check,Fiber optic,79.6,2718.3,Yes,0.38077904131838625,Medium
7570-WELNY,Female,0,Yes,No,68,Two year,Bank transfer (automatic),Fiber optic,84.7,5711.05,No,0.03318032918081067,Low
3021-VLNRJ,Female,0,No,Yes,50,One year,Credit card (automatic),DSL,70.8,3478.15,No,0.028034896241288597,Low
3776-EKTKM,Female,1,No,No,1,Month-to-month,Electronic check,DSL,36.45,36.45,Yes,0.7602221992996359,High
2080-CAZNM,Female,1,No,No,41,Month-to-month,Electronic check,Fiber optic,104.4,4133.95,No,0.5976383340454798,Medium
1028-FFNJK,Male,1,Yes,No,30,Month-to-month,Electronic check,Fiber optic,101.5,2917.65,No,0.6248551288369644,Medium
6907-FLBER,Male,0,No,No,1,Month-to-month,Electronic check,DSL,54.3,54.3,No,0.45303838538212277,Medium
3001-UNBTL,Male,1,Yes,Yes,29,Month-to-month,Electronic check,Fiber optic,103.95,2964.8,No,0.6837130574547203,Medium
5982-PSMKW,Female,0,Yes,Yes,23,Two year,Credit card (automatic),DSL,91.1,2198.3,No,0.05490436647707345,Low
3507-GASNP,Male,0,No,Yes,60,Two year,Mailed check,No,19.95,1189.9,No,0.0022195996331733107,Low
7096-ZNBZI,Female,0,Yes,No,72,Two year,Credit card (automatic),No,26.45,1914.5,No,0.0020674755965047523,Low
1902-XBTFB,Male,0,No,Yes,22,Month-to-month,Electronic check,Fiber optic,89.4,2001.5,Yes,0.5031908335011823,Medium
1676-MQAOA,Male,0,No,No,72,Two year,Bank transfer (automatic),DSL,75.1,5336.35,No,0.00686985088407803,Low
0786-IVLAW,Female,1,No,No,66,One year,Bank transfer (automatic),Fiber optic,108.1,7238.6,No,0.2000086098217352,Low
7566-DSRLQ,Female,0,Yes,No,72,Two year,Electronic check,Fiber optic,110.15,7998.8,No,0.09806774649986907,Low
0643-OKLRP,Female,1,Yes,No,47,Month-to-month,Electronic check,Fiber optic,80.35,3825.85,Yes,0.27893084964375986,Low
7245-JMTTQ,Female,0,No,No,51,One year,Electronic check,Fiber optic,111.5,5703.25,No,0.2804680627956667,Low
6050-IJRHS,Female,0,Yes,Yes,70,One year,Electronic check,Fiber optic,106.5,7397.0,No,0.2133688865111461,Low
6202-JVYEU,Male,0,No,No,9,One year,Electronic check,No,19.9,164.6,No,0.14227179819272356,Low
8591-TKMZH,Male,0,Yes,Yes,59,Two year,Mailed check,Fiber optic,111.1,6555.2,No,0.05778284165474732,Low
0734-OXWBT,Male,0,No,Yes,3,Month-to-month,Mailed check,DSL,70.7,225.65,No,0.3069519040706247,Medium
4282-ACRXS,Male,1,Yes,No,38,Month-to-month,Electronic check,DSL,24.85,955.75,No,0.27611480562007723,Low
0365-TRTPY,Female,0,No,No,37,Month-to-month,Bank transfer (automatic),Fiber optic,91.2,3382.3,No,0.22500643596002287,Low
7349-ALMUX,Male,0,No,No,37,Two year,Bank transfer (automatic),DSL,65.6,2313.8,No,0.012206873136634402,Low
9381-NDKME,Female,1,Yes,No,24,Month-to-month,Credit card (automatic),DSL,40.65,933.3,Yes,0.41162962662497876,Medium
6502-KUGLL,Female,0,Yes,Yes,14,Month-to-month,Bank transfer (automatic),DSL,59.45,780.85,No,0.10201467748077012,Low
1841-YSJGV,Male,0,Yes,No,72,Two year,Credit card (automatic),Fiber optic,109.95,7852.4,No,0.046230645844611694,Low
2794-XIMMO,Male,0,Yes,No,53,One year,Electronic check,DSL,60.45,3184.25,Yes,0.09571034671532483,Low
8382-SHQEH,Female,0,Yes,No,8,Month-to-month,Electronic check,Fiber optic,84.9,764.95,Yes,0.7528829406889866,High
3511-BFTJW,Male,0,Yes,Yes,72,Two year,Credit card (automatic),DSL,38.5,2763.0,No,0.0037678415285133777,Low
7668-XCFYV,Female,1,Yes,No,17,Month-to-month,Electronic check,Fiber optic,92.55,1614.7,No,0.7739588403351684,High
2983-ZANRP,Female,0,Yes,Yes,2,Month-to-month,Bank transfer (automatic),Fiber optic,73.55,145.4,Yes,0.5473435900010941,Medium
7845-URHJN,Female,0,Yes,No,8,Month-to-month,Bank transfer (automatic),No,20.15,156.25,Yes,0.15667455507687306,Low
3034-ZBEQN,Female,0,Yes,No,48,One year,Mailed check,DSL,34.7,1604.5,Yes,0.040970713348306195,Low
5018-HEKFO,Female,0,No,No,10,Month-to-month,Mailed check,No,24.5,270.15,No,0.22282522574305808,Low
2923-ARZLG,Male,0,Yes,Yes,0,One year,Mailed check,No,19.7,1397.475,No,0.1995276590806934,Low
3976-NLDEZ,Male,0,No,No,1,Month-to-month,Mailed check,No,20.6,20.6,No,0.19850137858072467,Low
2282-YGNOR,Female,0,No,No,29,One year,Credit card (automatic),DSL,58.0,1734.5,No,0.037032462674096205,Low
5336-UFNZP,Female,1,Yes,Yes,65,One year,Electronic check,Fiber optic,107.45,7047.5,No,0.2888741201708798,Low
6854-EXGSF,Female,0,No,No,8,Month-to-month,Bank transfer (automatic),DSL,65.5,573.15,No,0.3066564195239626,Medium
1241-EZFMJ,Male,0,Yes,No,61,Two year,Bank transfer (automatic),No,25.45,1538.6,No,0.0037145114097438528,Low
9233-PSYHO,Female,1,No,No,45,One year,Bank transfer (automatic),Fiber optic,100.15,4459.8,No,0.3702897221041847,Medium
5376-PCKNB,Male,0,Yes,Yes,72,One year,Credit card (automatic),Fiber optic,104.45,7459.0,No,0.1380646295778327,Low
8044-BGWPI,Male,0,Yes,Yes,12,Month-to-month,Electronic check,No,21.15,306.05,No,0.19835001209995215,Low
4060-LDNLU,Male,0,No,No,7,Month-to-month,Electronic check,Fiber optic,96.2,639.7,No,0.7231374912087738,High
3589-PPVKW,Male,0,No,No,9,Month-to-month,Mailed check,DSL,44.4,348.15,No,0.3434339694736985,Medium
8327-LZKAS,Female,1,Yes,No,43,One year,Electronic check,Fiber optic,107.55,4533.9,Yes,0.3911736274559099,Medium
5887-IKKYO,Male,0,Yes,Yes,58,Two year,Bank transfer (automatic),Fiber optic,94.35,5563.65,No,0.04705486001010971,Low
1075-BGWOH,Male,1,Yes,No,16,Month-to-month,Electronic check,Fiber optic,98.75,1587.55,Yes,0.7710711454956799,High
1755-RMCXH,Male,0,Yes,Yes,2,Month-to-month,Mailed check,No,20.3,40.25,No,0.16730637569766518,Low
0302-JOIVN,Female,0,Yes,No,8,Month-to-month,Electronic check,Fiber optic,101.15,842.9,Yes,0.6271533044618417,Medium
3858-XHYJO,Female,0,Yes,No,40,One year,Bank transfer (automatic),Fiber optic,105.75,4228.55,No,0.22079180271384605,Low
4299-SIMNS,Male,0,No,No,9,Month-to-month,Electronic check,Fiber optic,81.15,784.45,No,0.609703247730463,Medium
7025-IWFHT,Male,0,No,No,41,One year,Electronic check,Fiber optic,89.55,3729.75,No,0.19752426799996048,Low
6261-LHRTG,Female,0,No,No,26,Month-to-month,Credit card (automatic),DSL,54.75,1406.9,No,0.175540534288977,Low
7841-FCRQD,Female,0,Yes,No,33,One year,Credit card (automatic),DSL,53.75,1857.3,No,0.05616835876351338,Low
2056-EVGZL,Male,0,Yes,Yes,68,One year,Credit card (automatic),Fiber optic,105.75,7322.5,No,0.06983456120319911,Low
8777-MBMTS,Female,1,Yes,No,65,Two year,Credit card (automatic),Fiber optic,105.85,6725.5,No,0.06779118654872385,Low
7753-USQYQ,Male,0,No,No,55,One year,Electronic check,DSL,64.2,3627.3,No,0.04762995956136853,Low
5366-IJEQJ,Male,0,No,No,20,Month-to-month,Electronic check,Fiber optic,88.7,1761.45,Yes,0.6505096603807031,Medium
7661-CPURM,Male,0,No,No,19,One year,Credit card (automatic),Fiber optic,87.7,1725.95,No,0.2864214709953533,Low
6233-HXJMX,Female,0,No,No,45,Month-to-month,Credit card (automatic),Fiber optic,89.3,4192.15,No,0.3933247215554673,Medium
5902-WBLSE,Female,0,Yes,Yes,70,Two year,Credit card (automatic),No,20.15,1411.2,No,0.0018652872391669636,Low
1981-INRFU,Female,0,No,No,2,Month-to-month,Electronic check,Fiber optic,79.75,164.5,Yes,0.7356516438606655,High
4971-PUYQO,Female,0,No,No,27,Month-to-month,Mailed check,Fiber optic,94.55,2724.6,Yes,0.6065539532627569,Medium
3239-TPHPZ,Female,0,Yes,No,12,Two year,Electronic check,No,20.05,264.55,No,0.06464977466549489,Low
5115-GZDEL,Male,0,No,Yes,72,Two year,Credit card (automatic),DSL,67.2,4671.7,No,0.007155912771919478,Low
3338-CVVEH,Male,0,No,No,12,Month-to-month,Electronic check,Fiber optic,94.55,1173.55,No,0.6943439972571946,Medium
8485-GJCDN,Female,1,No,No,5,Month-to-month,Mailed check,Fiber optic,69.05,318.5,Yes,0.6343987400769607,Medium
2615-YVMYX,Male,1,Yes,No,71,Month-to-month,Electronic check,Fiber optic,107.5,7713.55,No,0.33656823756661997,Medium
2851-STERV,Male,1,No,No,35,One year,Electronic check,DSL,73.0,2471.25,No,0.15850387686028114,Low
4393-GEADV,Male,0,Yes,Yes,70,Two year,Credit card (automatic),Fiber optic,114.75,7842.3,No,0.030209240484371735,Low
8486-AYEQH,Female,0,No,No,31,Month-to-month,Electronic check,Fiber optic,76.05,2227.8,No,0.5071103197628255,Medium
1527-SXDPN,Male,0,Yes,Yes,52,Two year,Bank transfer (automatic),Fiber optic,96.25,4990.25,Yes,0.07767682134594492,Low
6029-WTIPC,Male,1,No,No,37,Month-to-month,Electronic check,Fiber optic,101.1,3744.05,Yes,0.6627802553507772,Medium
8634-CILSZ,Male,0,No,No,69,One year,Bank transfer (automatic),Fiber optic,104.7,7220.35,Yes,0.14080025636414437,Low
5419-JKZNQ,Male,1,Yes,No,30,Month-to-month,Mailed check,Fiber optic,77.9,2351.45,No,0.4072814935293969,Medium
2495-KZNFB,Female,0,No,No,33,Month-to-month,Electronic check,Fiber optic,90.65,2989.6,No,0.4861500294380807,Medium
1409-PHXTF,Male,1,Yes,No,54,Two year,Electronic check,Fiber optic,110.45,6077.75,No,0.17156524249115263,Low
4560-WQAQW,Female,0,No,No,59,One year,Bank transfer (automatic),DSL,68.7,4070.95,No,0.02402450827315651,Low
9591-YVTEB,Male,1,No,No,55,Month-to-month,Electronic check,DSL,44.85,2479.05,No,0.13250454382591745,Low
9309-BZGNT,Male,1,Yes,No,69,One year,Credit card (automatic),DSL,29.8,2134.3,No,0.028160056266458837,Low
4274-DRSQT,Female,0,No,No,66,One year,Bank transfer (automatic),Fiber optic,88.9,6000.1,No,0.13882956652788123,Low
2027-DNKIV,Male,0,Yes,Yes,37,One year,Mailed check,DSL,58.75,2203.1,No,0.03287191378953033,Low
8075-GXIUB,Male,1,Yes,No,9,One year,Credit card (automatic),No,19.85,183.15,No,0.0902010448058276,Low
2885-HIJDH,Male,0,Yes,Yes,69,Two year,Bank transfer (automatic),DSL,86.9,6194.1,No,0.012208716880801888,Low
5424-RLQLC,Male,0,No,No,10,Month-to-month,Mailed check,DSL,59.65,638.95,No,0.3538743031492841,Medium
6682-QJDGB,Male,0,No,Yes,40,Month-to-month,Mailed check,DSL,55.25,2139.2,Yes,0.06660981763148735,Low
6507-DTJZV,Male,0,No,Yes,13,Month-to-month,Credit card (automatic),DSL,66.4,831.75,No,0.29801717035541997,Low
8780-IXSTS,Female,0,No,No,6,Month-to-month,Electronic check,Fiber optic,90.1,521.3,Yes,0.7245182331015765,High
7673-BQGKU,Female,0,Yes,Yes,69,Two year,Bank transfer (automatic),No,20.15,1337.5,No,0.0014939189772083328,Low
6723-WSNTY,Female,1,Yes,No,66,One year,Credit card (automatic),Fiber optic,108.1,7181.95,No,0.17342241260723357,Low
9530-EHPOH,Male,0,No,No,11,Month-to-month,Electronic check,DSL,53.75,608.0,Yes,0.3808358510396337,Medium
2725-IWWBA,Male,0,Yes,Yes,46,One year,Mailed check,DSL,56.9,2560.1,No,0.0153424664904691,Low
0345-HKJVM,Female,0,No,No,6,Month-to-month,Electronic check,Fiber optic,89.3,577.6,Yes,0.6827875003112781,Medium
1061-PNTHC,Female,0,Yes,Yes,56,Month-to-month,Mailed check,Fiber optic,109.6,5953.0,No,0.2242641008196514,Low
0394-YONDK,Male,0,Yes,Yes,70,Two year,Credit card (automatic),No,25.15,1790.15,No,0.001850659922014651,Low
6574-MCOEH,Female,0,Yes,Yes,33,One year,Electronic check,DSL,79.15,2531.4,No,0.16459099818461465,Low
7399-QHBJS,Female,0,Yes,Yes,72,Two year,Credit card (automatic),DSL,66.75,4760.3,No,0.0036829781909275988,Low
3049-SOLAY,Female,0,Yes,No,3,Month-to-month,Electronic check,Fiber optic,95.2,292.85,Yes,0.8098311810424228,High
0997-YTLNY,Female,0,No,Yes,19,Month-to-month,Mailed check,DSL,48.8,953.65,No,0.12934537019151057,Low
3317-HRTNN,Female,1,No,No,5,Month-to-month,Electronic check,DSL,45.7,198.0,Yes,0.6930479107343333,Medium
9479-HYNYL,Female,0,Yes,No,71,Two year,Credit card (automatic),DSL,80.7,5705.05,No,0.014004037764854269,Low
3235-ETOOB,Male,0,Yes,No,8,Month-to-month,Electronic check,Fiber optic,74.5,609.9,Yes,0.5493762803707851,Medium
9708-KFDBY,Male,0,No,No,1,Month-to-month,Credit card (automatic),No,20.55,20.55,No,0.1944075492888672,Low
8058-INTPH,Female,0,No,No,1,Month-to-month,Electronic check,Fiber optic,79.65,79.65,Yes,0.7416981030338663,High
3642-GKTCT,Female,0,No,No,61,One year,Mailed check,Fiber optic,115.1,6993.65,No,0.13014507258197933,Low
0774-RMNUW,Female,0,Yes,Yes,71,Two year,Bank transfer (automatic),DSL,59.7,4122.65,No,0.007374495019707319,Low
1334-PDUKM,Female,0,Yes,No,68,One year,Credit card (automatic),Fiber optic,86.45,5762.95,No,0.06479313052960706,Low
0756-MPZRL,Male,0,No,No,46,One year,Credit card (automatic),DSL,33.7,1537.85,No,0.03507118522639827,Low
2242-MFOTG,Male,0,No,No,33,One year,Bank transfer (automatic),Fiber optic,80.1,2603.3,No,0.15114787302483718,Low
2927-CVULT,Female,0,Yes,Yes,53,Two year,Bank transfer (automatic),Fiber optic,104.05,5566.4,No,0.05097032956064715,Low
2144-BFDSO,Female,1,Yes,No,50,Month-to-month,Bank transfer (automatic),Fiber optic,108.75,5431.9,No,0.31530729923888184,Medium
8745-PVESG,Female,0,No,No,57,One year,Credit card (automatic),DSL,41.1,2258.25,No,0.022974492580301157,Low
7647-GYYKX,Female,0,Yes,Yes,54,Two year,Bank transfer (automatic),No,20.35,1092.35,No,0.004735617718301578,Low
5647-FXOTP,Female,1,Yes,No,60,Month-to-month,Electronic check,Fiber optic,105.9,6401.25,No,0.5020199663095077,Medium
5569-OUICF,Female,1,Yes,No,28,Month-to-month,Credit card (automatic),Fiber optic,101.3,2812.2,Yes,0.5567961519815576,Medium
8821-XNHVZ,Female,0,Yes,Yes,1,Month-to-month,Mailed check,Fiber optic,80.05,80.05,Yes,0.6322571410569031,Medium
2082-OJVTK,Male,0,Yes,Yes,29,Month-to-month,Electronic check,Fiber optic,89.2,2698.35,Yes,0.5617634616883372,Medium
9700-ISPUP,Female,0,Yes,Yes,10,Month-to-month,Electronic check,DSL,65.5,616.9,No,0.32400376221332605,Medium
9839-ETQOE,Male,0,No,Yes,43,Month-to-month,Electronic check,DSL,40.45,1912.85,No,0.12429290893108742,Low
6078-VESFR,Male,1,Yes,No,13,Month-to-month,Bank transfer (automatic),Fiber optic,70.45,849.1,No,0.488506879659074,Medium
9027-TMATR,Female,0,Yes,No,43,Two year,Electronic check,DSL,78.8,3460.3,No,0.04046523698255491,Low
5940-NFXKV,Male,0,Yes,Yes,19,Month-to-month,Electronic check,Fiber optic,83.65,1465.75,Yes,0.6217378367969899,Medium
1941-HOSAM,Male,0,Yes,Yes,1,Month-to-month,Electronic check,Fiber optic,90.1,90.1,No,0.7470341269956458,High
9110-HSGTV,Female,0,No,No,69,Two year,Credit card (automatic),DSL,82.45,5555.3,No,0.012158722691337148,Low
0704-VCUMB,Female,0,Yes,No,61,Two year,Credit card (automatic),No,20.25,1278.8,No,0.0025202702306060076,Low
6171-ZTVYB,Male,0,Yes,No,43,Month-to-month,Bank transfer (automatic),DSL,66.25,2907.35,No,0.055939006497797567,Low
8053-WWDRO,Female,0,Yes,No,6,Month-to-month,Bank transfer (automatic),No,19.5,146.3,Yes,0.1717337819565734,Low
9564-KCLHR,Male,0,No,No,1,Month-to-month,Mailed check,DSL,51.25,51.25,Yes,0.27377536715124856,Low
1935-IMVBB,Male,0,Yes,No,56,Month-to-month,Mailed check,Fiber optic,89.7,4952.95,No,0.23526466526134976,Low
2535-PBCGC,Female,0,Yes,No,70,Two year,Bank transfer (automatic),DSL,64.55,4504.9,No,0.009750740602443981,Low
2082-CEFLT,Male,0,No,No,1,Month-to-month,Electronic check,DSL,45.6,45.6,Yes,0.5253860225959182,Medium
1470-PSXNM,Male,0,Yes,Yes,49,One year,Electronic check,Fiber optic,93.65,4520.15,No,0.22748448751214237,Low
1213-NGCUN,Female,0,No,No,6,Month-to-month,Bank transfer (automatic),DSL,49.65,267.35,Yes,0.3132009277769995,Medium
2498-XLDZR,Female,0,Yes,Yes,32,Two year,Mailed check,DSL,73.6,2316.85,No,0.016168558804694044,Low
9866-OCCKE,Female,1,Yes,No,72,Two year,Mailed check,Fiber optic,109.75,8075.35,No,0.07075548532967069,Low
5338-YHWYT,Male,0,No,Yes,37,Two year,Credit card (automatic),DSL,61.45,2302.35,No,0.010154115323739676,Low
7718-UPSKJ,Female,0,Yes,No,69,One year,Credit card (automatic),Fiber optic,106.4,7251.9,No,0.07660492315401071,Low
8731-WBBMB,Female,0,Yes,No,26,Month-to-month,Bank transfer (automatic),DSL,81.9,2078.55,No,0.17329096719899262,Low
1448-CYWKC,Female,0,Yes,Yes,58,One year,Credit card (automatic),Fiber optic,105.2,6225.4,No,0.2031614556549284,Low
7901-IIDQV,Male,0,No,No,24,One year,Bank transfer (automatic),DSL,54.6,1242.25,No,0.08748898892293061,Low
2690-DVRVK,Male,0,Yes,Yes,5,One year,Electronic check,No,20.55,99.45,No,0.11159132150648571,Low
5688-KZTSN,Male,0,Yes,Yes,15,Month-to-month,Electronic check,No,20.0,288.05,Yes,0.16945900483589524,Low
1270-XKUCC,Female,0,Yes,Yes,30,Two year,Mailed check,No,19.7,599.25,No,0.011011193312219315,Low
0334-ZFJSR,Female,0,Yes,No,55,One year,Credit card (automatic),DSL,66.05,3462.1,No,0.022848383390254738,Low
2894-QOJRX,Female,0,Yes,No,25,Month-to-month,Bank transfer (automatic),DSL,34.0,853.0,Yes,0.3690283882655168,Medium
5747-PMBSQ,Male,1,Yes,No,10,Month-to-month,Mailed check,Fiber optic,92.5,934.1,Yes,0.4995294809460823,Medium
5583-EJXRD,Male,0,Yes,Yes,44,Two year,Credit card (automatic),DSL,54.05,2375.2,No,0.020389937648118923,Low
4565-EVZMJ,Female,0,No,No,47,One year,Mailed check,DSL,58.9,2813.05,No,0.023575046377612964,Low
3143-JQEGI,Female,0,Yes,Yes,13,Month-to-month,Electronic check,Fiber optic,88.35,1222.8,Yes,0.597779598679487,Medium
6386-SZZKH,Female,0,Yes,Yes,49,Two year,Bank transfer (automatic),Fiber optic,107.95,5293.2,Yes,0.10026416492426644,Low
3327-YBAKM,Female,0,Yes,No,64,One year,Mailed check,Fiber optic,96.9,6314.35,No,0.08886235980986346,Low
9441-QHEVC,Male,0,No,No,1,Month-to-month,Mailed check,No,19.1,19.1,No,0.19645112285158586,Low
6705-LNMDD,Male,0,No,No,20,Month-to-month,Mailed check,DSL,50.0,1003.05,No,0.1409759873123465,Low
2580-ASVVY,Female,0,Yes,No,37,Two year,Electronic check,DSL,45.4,1593.1,No,0.03715376575006096,Low
3370-GQEAL,Male,0,Yes,Yes,30,Month-to-month,Electronic check,Fiber optic,85.45,2509.95,No,0.4593331962332319,Medium
5032-USPKF,Female,0,No,No,38,One year,Bank transfer (automatic),DSL,84.1,3187.65,No,0.0826401750690528,Low
2982-IHMFT,Female,1,No,No,1,Month-to-month,Mailed check,Fiber optic,74.45,74.45,Yes,0.7218179022798696,High
3521-SYVOR,Female,0,No,No,37,Month-to-month,Electronic check,DSL,64.75,2345.2,Yes,0.28987339373298004,Low
4254-QPEDE,Female,0,Yes,No,52,Two year,Credit card (automatic),DSL,66.25,3330.1,No,0.017933101490854347,Low
6283-GITPX,Male,0,No,Yes,71,Two year,Credit card (automatic),DSL,76.9,5522.7,No,0.006158096035943723,Low
9526-JAWYF,Male,0,No,No,26,Month-to-month,Electronic check,Fiber optic,89.8,2335.3,Yes,0.42458103912867673,Medium
0771-CHWSK,Male,0,No,No,66,Two year,Credit card (automatic),DSL,74.6,4798.4,No,0.013998196801141534,Low
9788-HNGUT,Male,0,Yes,No,72,Two year,Credit card (automatic),Fiber optic,116.95,8594.4,No,0.05584032015498861,Low
9495-REDIY,Male,0,No,Yes,25,One year,Credit card (automatic),DSL,40.65,970.55,No,0.13796593891207704,Low
5375-XLDOF,Male,0,Yes,Yes,69,Two year,Bank transfer (automatic),Fiber optic,114.35,7665.8,No,0.0458241908840721,Low
1172-VIYBP,Male,0,Yes,Yes,53,Two year,Bank transfer (automatic),DSL,69.7,3686.05,No,0.014822036532551878,Low
5649-VUKMC,Female,0,No,No,12,One year,Mailed check,Fiber optic,95.5,1115.15,Yes,0.3776293410407111,Medium
6559-PDZLR,Male,0,No,No,26,Month-to-month,Electronic check,Fiber optic,98.65,2537.0,No,0.523566590931366,Medium
8992-OBVDG,Male,0,No,No,21,Month-to-month,Mailed check,DSL,61.65,1393.6,No,0.22996986344047232,Low
4273-MBHYA,Female,0,No,Yes,1,Month-to-month,Electronic check,Fiber optic,89.35,89.35,No,0.7497154278070486,High
4724-WXVWF,Male,0,No,No,48,Month-to-month,Electronic check,Fiber optic,95.4,4445.3,No,0.2930528376633939,Low
5701-GUXDC,Female,0,Yes,No,26,One year,Credit card (automatic),DSL,35.4,978.6,No,0.0914343180445142,Low
1460-UZPRJ,Male,0,Yes,No,60,Two year,Mailed check,No,19.95,1258.15,No,0.0026561554268860954,Low
6082-GLJIX,Male,0,No,No,18,Month-to-month,Mailed check,No,19.25,331.35,No,0.08997057128002954,Low
5143-EGQFK,Female,1,No,No,10,Month-to-month,Electronic check,DSL,29.65,291.4,Yes,0.5311072045333568,Medium
4919-IKATY,Male,0,Yes,Yes,5,Month-to-month,Electronic check,Fiber optic,84.5,453.75,Yes,0.5880824858781444,Medium
2495-TTHBQ,Female,0,No,Yes,4,One year,Mailed check,No,20.4,84.75,No,0.11737067939765287,Low
0485-ZBSLN,Male,0,Yes,Yes,65,Two year,Credit card (automatic),No,24.75,1715.1,No,0.0024197119454848815,Low
3810-PJUHR,Male,0,Yes,Yes,70,Two year,Mailed check,No,25.35,1715.15,No,0.0018567207447463209,Low
9050-QLROH,Male,0,No,No,18,Month-to-month,Credit card (automatic),Fiber optic,90.7,1597.25,Yes,0.5809508354283335,Medium
0847-HGRML,Male,0,No,Yes,62,Two year,Bank transfer (automatic),No,20.0,1250.1,No,0.002139805746327631,Low
8232-CTLKO,Female,0,Yes,Yes,66,Two year,Electronic check,DSL,59.75,3996.8,No,0.013761838075533895,Low
9227-YBAXE,Female,0,Yes,Yes,65,Two year,Bank transfer (automatic),DSL,82.5,5215.1,No,0.013942866470836677,Low
6168-WFVVF,Female,1,No,No,3,Month-to-month,Electronic check,Fiber optic,70.3,235.5,Yes,0.7342034287108807,High
9860-LISIZ,Female,0,No,No,34,Month-to-month,Mailed check,No,20.35,673.2,No,0.04229381156656508,Low
0112-QAWRZ,Male,0,Yes,Yes,16,Month-to-month,Bank transfer (automatic),Fiber optic,90.8,1442.2,No,0.5791999707021348,Medium
0877-SDMBN,Female,0,No,No,54,One year,Bank transfer (automatic),Fiber optic,103.95,5639.05,Yes,0.2121754946904934,Low
2786-GCDPI,Female,1,No,No,50,Month-to-month,Electronic check,Fiber optic,104.95,5222.35,No,0.5036331213535647,Medium
4043-MKDTV,Male,0,Yes,No,71,Two year,Electronic check,Fiber optic,105.25,7291.75,No,0.06616871789865043,Low
8065-YKXKD,Female,0,No,No,10,Month-to-month,Electronic check,Fiber optic,74.75,799.65,Yes,0.6911617902284363,Medium
9637-EIHEQ,Female,0,No,No,1,Month-to-month,Electronic check,DSL,50.8,50.8,Yes,0.4382709981704469,Medium
9229-RQABD,Male,0,No,No,18,One year,Mailed check,No,23.75,424.5,No,0.061561497635989997,Low
8313-KTIHG,Male,0,No,No,4,Month-to-month,Electronic check,DSL,61.3,249.4,No,0.45154287856738956,Medium
5320-BRKGK,Female,0,Yes,Yes,58,Two year,Mailed check,DSL,75.8,4415.75,No,0.010408279630855997,Low
6284-KMNUF,Female,0,Yes,No,56,One year,Electronic check,Fiber optic,98.0,5270.6,No,0.23170457175497086,Low
9689-PTNPG,Male,0,No,No,2,Month-to-month,Electronic check,Fiber optic,80.25,144.55,Yes,0.7307287900479679,High
9465-RWMXL,Male,0,Yes,No,32,Month-to-month,Electronic check,Fiber optic,78.9,2447.95,Yes,0.4867152978947747,Medium
6229-UOLQL,Male,0,Yes,Yes,56,One year,Mailed check,DSL,52.0,2884.9,No,0.027367478655282176,Low
2362-IBOOY,Male,0,No,No,36,Month-to-month,Electronic check,Fiber optic,84.75,3050.15,Yes,0.5395136133110204,Medium
3137-LUPIX,Female,0,No,No,4,Month-to-month,Mailed check,DSL,64.4,253.0,No,0.4234388822783408,Medium
0843-WTBXE,Male,0,No,No,53,Month-to-month,Bank transfer (automatic),Fiber optic,85.45,4517.25,Yes,0.2627684423256273,Low
6143-JQKEA,Male,0,No,No,10,Month-to-month,Credit card (automatic),DSL,45.8,436.2,No,0.33335756193241134,Medium
8676-OOQEJ,Male,0,No,No,4,Month-to-month,Electronic check,DSL,30.5,118.4,No,0.462965389898449,Medium
5515-IDEJJ,Male,0,Yes,Yes,1,Month-to-month,Mailed check,No,19.9,19.9,Yes,0.17429869643519005,Low
9701-CDXHR,Female,0,Yes,No,51,Month-to-month,Mailed check,Fiber optic,69.15,3649.6,No,0.1592028680059109,Low
7450-NWRTR,Male,1,No,No,12,Month-to-month,Electronic check,Fiber optic,99.45,1200.15,Yes,0.79104863399635,High
8124-NZVGJ,Female,0,No,No,6,One year,Mailed check,DSL,49.25,255.6,No,0.3731649027831172,Medium
2162-FRZAA,Male,0,Yes,Yes,63,Two year,Bank transfer (automatic),DSL,39.35,2395.05,No,0.006425681849814627,Low
5376-DEQCP,Female,0,No,No,1,Month-to-month,Electronic check,Fiber optic,70.6,70.6,Yes,0.7053656957638859,High
5118-MUEYH,Female,0,Yes,No,48,Month-to-month,Credit card (automatic),Fiber optic,105.1,5083.55,No,0.34756791075328086,Medium
9095-HFAFX,Female,0,No,No,5,Month-to-month,Credit card (automatic),Fiber optic,81.0,389.6,Yes,0.6317917418618161,Medium
5627-TVBPP,Female,0,No,Yes,35,One year,Credit card (automatic),No,20.1,644.5,No,0.024082883220776355,Low
2379-ENZGV,Male,0,No,No,6,Month-to-month,Electronic check,Fiber optic,84.85,523.5,Yes,0.6687628587890166,Medium
3936-QQFLL,Male,0,No,No,2,Month-to-month,Mailed check,No,19.75,39.3,No,0.18908416912022102,Low
2589-AYCRP,Female,0,No,No,50,One year,Bank transfer (automatic),No,19.75,989.05,No,0.01010222884244428,Low
4067-HLYQI,Female,0,No,No,33,Month-to-month,Bank transfer (automatic),Fiber optic,70.4,2406.1,No,0.3591374645797454,Medium
5124-EOGYE,Male,0,No,No,31,Two year,Mailed check,No,20.45,638.55,No,0.012039729328955818,Low
5057-RKGLH,Female,0,Yes,Yes,9,Two year,Mailed check,No,20.35,191.1,No,0.0329398230455334,Low
0292-WEGCH,Female,0,Yes,Yes,54,Month-to-month,Electronic check,DSL,86.2,4524.05,No,0.15236491198875282,Low
8910-ICHIU,Female,0,No,No,46,One year,Credit card (automatic),Fiber optic,95.65,4664.2,No,0.13746667820547337,Low
4097-YODCF,Male,0,No,Yes,34,One year,Electronic check,Fiber optic,103.8,3470.8,No,0.305562285272731,Medium
9715-WZCLW,Male,0,Yes,Yes,71,Two year,Electronic check,Fiber optic,97.2,6910.3,No,0.07544482864847163,Low
9786-YWNHU,Female,0,Yes,Yes,63,Two year,Mailed check,DSL,63.55,4014.2,No,0.0036825693882022196,Low
6407-GSJNL,Female,0,No,No,51,Two year,Bank transfer (automatic),No,24.95,1288.0,No,0.0062852482982529816,Low
6005-OBZPH,Female,1,No,No,26,Month-to-month,Electronic check,Fiber optic,89.15,2277.65,Yes,0.6332775458656117,Medium
4049-ZPALD,Female,0,Yes,No,64,Two year,Bank transfer (automatic),Fiber optic,99.0,6375.8,No,0.06522081211923324,Low
7932-WPTDS,Female,1,Yes,No,1,Month-to-month,Electronic check,DSL,24.8,24.8,Yes,0.7214969071574004,High
3733-UOCWF,Male,1,Yes,No,61,One year,Bank transfer (automatic),Fiber optic,85.55,5251.75,No,0.10659207142524707,Low
6833-JMZYP,Female,0,No,No,15,Month-to-month,Credit card (automatic),Fiber optic,94.0,1505.45,No,0.6060203482965307,Medium
2722-VOJQL,Male,0,No,No,64,One year,Credit card (automatic),Fiber optic,105.65,6903.1,Yes,0.15531671134962088,Low
1310-QRITU,Female,0,No,No,18,Month-to-month,Electronic check,DSL,50.3,913.3,No,0.40913454065423727,Medium
8961-QDZZJ,Female,0,Yes,Yes,57,One year,Electronic check,Fiber optic,95.0,5535.8,No,0.20969852530247393,Low
9715-SBVSU,Male,0,Yes,Yes,14,Two year,Bank transfer (automatic),DSL,61.4,815.55,No,0.061529359049689175,Low
8490-BXHEO,Male,1,No,No,18,Month-to-month,Credit card (automatic),Fiber optic,80.55,1411.65,No,0.5393251246123176,Medium
7173-TETGO,Female,1,Yes,No,72,Two year,Bank transfer (automatic),Fiber optic,78.5,5602.25,No,0.026306387192540002,Low
7929-SKFGK,Male,0,Yes,No,70,Two year,Credit card (automatic),Fiber optic,114.3,8244.3,No,0.03959571201764084,Low
2300-RQGOI,Female,0,No,No,38,Two year,Mailed check,No,20.05,741.5,No,0.008415220760200298,Low
3563-SVYLG,Male,0,Yes,Yes,68,Two year,Credit card (automatic),DSL,62.65,4375.8,No,0.0029087248059976147,Low
5228-EXCET,Male,0,No,No,13,Month-to-month,Electronic check,Fiber optic,80.85,1008.7,Yes,0.6543918681077648,Medium
6435-VWCCY,Male,1,Yes,No,65,Two year,Credit card (automatic),Fiber optic,92.7,5968.4,No,0.05512448634280674,Low
4998-IKFSE,Female,0,No,No,30,Month-to-month,Electronic check,Fiber optic,100.45,3096.9,No,0.5852435529020791,Medium
8630-QSGXK,Male,0,Yes,No,51,Two year,Bank transfer (automatic),DSL,75.2,3901.25,No,0.04251887124979803,Low
2455-USLMV,Female,0,No,No,31,Month-to-month,Credit card (automatic),Fiber optic,84.75,2613.4,No,0.33090034752231134,Medium
7394-FKDNK,Female,0,Yes,No,9,Month-to-month,Electronic check,Fiber optic,89.45,853.1,Yes,0.6638107274460262,Medium
9488-FVZCC,Female,0,Yes,Yes,72,Two year,Bank transfer (automatic),DSL,79.5,5661.7,No,0.00853541208821531,Low
6331-LWDTQ,Male,0,No,No,10,Month-to-month,Credit card (automatic),DSL,72.15,794.25,Yes,0.5141932192578014,Medium
5995-WWKKG,Female,0,No,No,37,One year,Electronic check,No,19.8,695.05,No,0.03687966655418595,Low
1597-FZREH,Female,0,No,No,2,Month-to-month,Electronic check,DSL,76.4,160.8,Yes,0.4298496223271438,Medium
7879-CGSFV,Male,0,No,No,55,One year,Mailed check,Fiber optic,100.9,5552.05,No,0.13823052981537587,Low
9921-EZKBY,Male,0,No,Yes,33,Month-to-month,Bank transfer (automatic),Fiber optic,95.3,3275.15,No,0.37734537652068695,Medium
7432-FFVAR,Female,0,Yes,Yes,46,One year,Bank transfer (automatic),Fiber optic,90.95,4236.6,No,0.10262402367957445,Low
7246-ZGQDF,Female,0,No,Yes,1,Month-to-month,Electronic check,DSL,54.5,54.5,No,0.23831042373982086,Low
7000-WCEVQ,Female,1,No,No,20,Month-to-month,Mailed check,DSL,61.6,1174.35,Yes,0.41447663823182274,Medium
0727-IWKVK,Male,0,Yes,No,9,Month-to-month,Electronic check,Fiber optic,79.9,741.7,Yes,0.5881725833929813,Medium
5959-BELXA,Male,1,No,No,32,Month-to-month,Credit card (automatic),Fiber optic,96.15,3019.25,Yes,0.6003737699498334,Medium
4456-RHSNB,Female,0,Yes,Yes,19,Month-to-month,Bank transfer (automatic),DSL,49.6,962.9,No,0.23775437277450534,Low
3512-IZIKN,Female,0,Yes,No,70,Two year,Credit card (automatic),DSL,65.3,4759.75,Yes,0.005400805381618149,Low
2481-SBOYW,Female,0,No,Yes,61,Two year,Credit card (automatic),No,25.0,1498.35,No,0.004129167610483226,Low
7109-MFBYV,Male,0,No,No,26,Month-to-month,Electronic check,DSL,45.45,1233.15,No,0.20643407434594468,Low
1833-TCXKK,Male,0,Yes,No,45,Month-to-month,Bank transfer (automatic),Fiber optic,107.75,4882.8,No,0.47317845556126453,Medium
1832-PEUTS,Male,0,Yes,Yes,62,Two year,Credit card (automatic),Fiber optic,89.1,5411.65,No,0.06463932930461065,Low
6141-OOXUQ,Male,0,No,No,1,Month-to-month,Mailed check,No,19.65,19.65,Yes,0.19720101995154776,Low
8660-BUETV,Female,0,No,No,3,Month-to-month,Mailed check,DSL,44.75,148.05,No,0.337047338928106,Medium
0580-PIQHM,Female,0,Yes,Yes,41,One year,Bank transfer (automatic),Fiber optic,101.6,3930.55,No,0.1705633109098263,Low
5696-CEIQJ,Male,0,Yes,Yes,67,Two year,Bank transfer (automatic),Fiber optic,103.15,6895.5,No,0.03369207159750065,Low
7503-ZGUZJ,Male,0,No,No,1,Month-to-month,Mailed check,Fiber optic,84.65,84.65,Yes,0.7131799440505029,High
1696-HXOWK,Female,0,Yes,No,71,One year,Mailed check,Fiber optic,95.65,6856.95,No,0.06651564856803677,Low
3026-ATZYV,Female,0,Yes,Yes,37,One year,Bank transfer (automatic),DSL,75.1,2658.8,No,0.054796091363795554,Low
4012-YCFAI,Male,0,Yes,No,60,Two year,Mailed check,DSL,61.35,3766.2,No,0.007061757770107664,Low
2506-TNFCO,Female,1,Yes,No,1,Month-to-month,Electronic check,Fiber optic,69.55,69.55,Yes,0.7460369836431472,High
9970-QBCDA,Female,0,No,No,6,Month-to-month,Credit card (automatic),No,19.7,129.55,No,0.1588375782298365,Low
8718-PTMEZ,Female,0,No,No,13,Month-to-month,Electronic check,DSL,31.05,347.25,Yes,0.4911943285248142,Medium
9496-IVVRP,Female,0,Yes,Yes,11,Month-to-month,Bank transfer (automatic),DSL,51.0,581.7,No,0.18308669034655758,Low
2207-OBZNX,Male,0,No,No,7,Month-to-month,Mailed check,DSL,51.0,354.05,Yes,0.2855710233179403,Low
2657-VPXTA,Female,0,Yes,Yes,10,Month-to-month,Electronic check,Fiber optic,88.85,929.45,No,0.6963876608446539,Medium
6551-VLJMV,Male,0,Yes,No,34,Two year,Credit card (automatic),No,20.05,679.0,No,0.009965043029951328,Low
1221-GHZEP,Female,0,No,No,62,Two year,Mailed check,DSL,65.1,3846.75,No,0.00943085848391069,Low
9289-LBQVU,Male,0,Yes,No,64,One year,Mailed check,DSL,70.15,4480.7,No,0.03328765462416734,Low
6142-VSJQO,Female,0,Yes,Yes,1,Month-to-month,Bank transfer (automatic),DSL,44.35,44.35,Yes,0.41569869339337073,Medium
3458-IDMFK,Male,0,No,No,25,Two year,Mailed check,No,20.75,499.4,No,0.023011013685420276,Low
6933-FHBZC,Female,0,No,No,26,One year,Mailed check,DSL,56.05,1553.2,No,0.10529655170013373,Low
0221-NAUXK,Male,0,No,Yes,10,One year,Bank transfer (automatic),No,19.95,219.5,No,0.09159154896117111,Low
9770-KXGQU,Female,0,No,No,53,One year,Mailed check,Fiber optic,98.6,5311.85,No,0.10511683519865776,Low
6437-UKHMV,Female,0,No,No,7,Month-to-month,Electronic check,Fiber optic,79.7,586.05,Yes,0.7029612024890167,High
6538-POCHL,Male,0,No,No,33,Month-to-month,Credit card (automatic),Fiber optic,79.0,2576.8,No,0.29374440296883014,Low
6726-NNFWD,Female,1,Yes,No,71,Two year,Credit card (automatic),Fiber optic,89.45,6435.25,No,0.037807639112405006,Low
3002-WQZWT,Female,0,No,No,29,Month-to-month,Electronic check,Fiber optic,74.2,1993.25,No,0.5141789540886816,Medium
4277-UDIEF,Male,0,Yes,Yes,24,Month-to-month,Bank transfer (automatic),DSL,81.0,1923.85,No,0.16632200140896636,Low
1208-NBVFH,Male,0,Yes,Yes,20,Month-to-month,Electronic check,DSL,49.6,939.8,No,0.2780810011101939,Low
4912-PIGUY,Female,0,No,No,1,Month-to-month,Electronic check,Fiber optic,84.6,84.6,No,0.7851652009558038,High
1114-CENIM,Male,0,No,Yes,54,Month-to-month,Credit card (automatic),DSL,55.0,3092.65,Yes,0.07243658009936961,Low
6060-DRTNL,Female,1,No,No,5,Month-to-month,Mailed check,Fiber optic,84.85,415.55,Yes,0.672951072852468,Medium
2725-TTRIQ,Female,0,Yes,Yes,72,Two year,Bank transfer (automatic),DSL,84.2,5986.55,No,0.013509513591909727,Low
3374-TTZTK,Male,0,Yes,No,52,Two year,Electronic check,Fiber optic,106.3,5487.0,No,0.07359092962397508,Low
8990-ZXLSU,Female,0,No,No,9,Month-to-month,Electronic check,Fiber optic,69.05,651.5,No,0.5562636403264196,Medium
2275-RBYQS,Female,0,No,No,1,Month-to-month,Mailed check,DSL,45.4,45.4,No,0.4403499679520145,Medium
8473-VUVJN,Male,1,No,No,1,Month-to-month,Electronic check,Fiber optic,73.65,73.65,Yes,0.7835110292747952,High
6289-CPNLD,Male,0,Yes,Yes,33,One year,Mailed check,DSL,73.9,2405.05,Yes,0.09175386026354922,Low
5536-SLHPM,Female,0,Yes,No,55,Month-to-month,Electronic check,Fiber optic,77.75,4458.15,Yes,0.3185112494642112,Medium
4419-UJMUS,Male,0,Yes,Yes,69,Two year,Electronic check,Fiber optic,99.35,6856.45,No,0.08623921806242704,Low
7794-JASDG,Male,0,No,No,1,Month-to-month,Mailed check,DSL,50.75,50.75,No,0.3406070794293951,Medium
7609-YBPXG,Male,0,No,No,54,Two year,Bank transfer (automatic),DSL,87.1,4735.2,No,0.02156487267898719,Low
5519-TEEUH,Male,0,No,Yes,33,One year,Mailed check,No,20.15,682.15,No,0.027422941137917246,Low
7856-GANIL,Male,1,Yes,No,45,One year,Bank transfer (automatic),Fiber optic,98.7,4525.8,No,0.21536880072357423,Low
0804-XBFBV,Female,0,No,Yes,11,Month-to-month,Electronic check,DSL,25.2,321.05,No,0.435964735515547,Medium
2676-OXPPQ,Male,0,No,No,6,Month-to-month,Bank transfer (automatic),DSL,55.7,335.65,No,0.27279892991507426,Low
3703-TTEPD,Male,0,No,No,21,Month-to-month,Bank transfer (automatic),DSL,65.35,1424.4,No,0.17354284670576361,Low
2799-TSLAG,Female,0,Yes,Yes,65,Two year,Bank transfer (automatic),No,25.3,1748.55,No,0.0038714732117018096,Low
0196-VULGZ,Female,1,Yes,No,6,Month-to-month,Electronic check,Fiber optic,84.35,474.9,Yes,0.7936158398968048,High
8837-VVWLQ,Female,0,No,No,8,Month-to-month,Electronic check,Fiber optic,84.95,668.4,Yes,0.520587388710722,Medium
2696-NARTR,Male,0,No,No,11,Month-to-month,Electronic check,Fiber optic,73.85,926.25,Yes,0.5349711729043197,Medium
2208-NKVVH,Male,0,Yes,Yes,43,Two year,Mailed check,No,24.25,1077.95,No,0.007382011450132816,Low
7614-QVWQL,Male,0,Yes,Yes,49,One year,Bank transfer (automatic),DSL,51.8,2541.25,Yes,0.09716278645745871,Low
1976-CFOCS,Female,1,Yes,No,1,Month-to-month,Electronic check,DSL,46.0,46.0,Yes,0.49900843466131095,Medium
4631-OACRM,Male,1,No,No,15,Month-to-month,Electronic check,Fiber optic,79.4,1156.1,Yes,0.6827303850011005,Medium
7139-JZFVG,Male,0,Yes,Yes,60,Two year,Bank transfer (automatic),DSL,60.5,3694.45,No,0.006099991542077897,Low
4987-GQWPO,Male,0,No,No,17,Month-to-month,Credit card (automatic),DSL,25.1,382.8,No,0.2996664100334291,Low
3755-JBMNH,Male,1,Yes,No,16,Month-to-month,Bank transfer (automatic),Fiber optic,71.8,1167.8,Yes,0.5584499826259517,Medium
1757-TCATG,Male,0,Yes,Yes,35,One year,Bank transfer (automatic),No,20.05,746.75,No,0.018918378793870858,Low
6345-ULYRW,Male,1,Yes,No,44,One year,Mailed check,Fiber optic,88.4,3912.9,Yes,0.19809570505695068,Low
4776-XSKYQ,Female,0,Yes,Yes,12,One year,Credit card (automatic),DSL,30.25,368.85,No,0.14946505179820951,Low
8048-DSDFQ,Male,0,No,No,1,Month-to-month,Mailed check,No,20.2,20.2,No,0.1979530743954573,Low
5753-QQWPW,Female,0,No,No,28,One year,Electronic check,DSL,59.9,1654.7,No,0.06931203209860641,Low
6010-DDPPW,Male,0,Yes,No,70,Two year,Bank transfer (automatic),No,25.15,1940.85,No,0.0024756263224672516,Low
1809-DMJHQ,Female,0,No,Yes,5,Month-to-month,Mailed check,DSL,46.0,221.7,Yes,0.28557049712368554,Low
6693-FRIRW,Male,0,No,No,18,Month-to-month,Credit card (automatic),Fiber optic,101.3,1794.65,No,0.4549399455029022,Medium
6586-MYGKD,Male,0,Yes,No,70,Two year,Credit card (automatic),DSL,76.95,5289.8,No,0.013208554939647307,Low
3173-NVMPX,Female,0,Yes,Yes,9,Month-to-month,Mailed check,DSL,55.3,501.2,No,0.3409842464953196,Medium
0248-PGHBZ,Female,1,No,No,67,Two year,Bank transfer (automatic),Fiber optic,92.45,6140.85,No,0.03183533384998344,Low
0623-GDISB,Female,0,No,No,1,Month-to-month,Bank transfer (automatic),DSL,48.45,48.45,No,0.35540077031863615,Medium
2892-GESUL,Female,0,Yes,Yes,18,Two year,Mailed check,No,19.35,309.25,No,0.020176015910119242,Low
6923-EFPNL,Male,0,No,No,4,Month-to-month,Credit card (automatic),DSL,51.75,201.1,Yes,0.37506030228065523,Medium
7472-EQOAV,Male,1,Yes,Yes,71,One year,Bank transfer (automatic),Fiber optic,86.7,6179.35,No,0.05268753272003662,Low
9574-RKJIF,Male,0,Yes,Yes,30,Month-to-month,Electronic check,Fiber optic,94.4,2838.7,Yes,0.4254980450654375,Medium
2043-WVTQJ,Male,0,Yes,No,1,Month-to-month,Mailed check,DSL,55.7,55.7,No,0.2579189237466915,Low
8034-RYTVV,Female,0,No,No,55,One year,Credit card (automatic),Fiber optic,84.25,4589.85,No,0.10203318269802873,Low
3863-QSTYI,Male,0,No,No,59,Month-to-month,Electronic check,DSL,64.65,3735.45,No,0.08266314850390034,Low
2619-WFQWU,Female,0,No,No,1,Month-to-month,Mailed check,Fiber optic,70.15,70.15,Yes,0.6239826936361512,Medium
5044-LRQAQ,Female,0,Yes,No,7,Month-to-month,Bank transfer (automatic),Fiber optic,69.2,477.55,No,0.583610117472933,Medium
1716-LSAMB,Male,0,Yes,Yes,45,Two year,Bank transfer (automatic),DSL,54.65,2553.7,No,0.008820772592146428,Low
1333-PBMXB,Female,0,Yes,Yes,54,One year,Bank transfer (automatic),No,24.75,1342.15,No,0.01369254753611845,Low
6546-OPBBH,Male,0,Yes,Yes,51,One year,Mailed check,No,23.95,1216.35,No,0.014324829170224044,Low
5985-BEHZK,Female,1,Yes,No,72,One year,Credit card (automatic),Fiber optic,105.0,7578.05,No,0.14877002121714597,Low
9127-QRZMH,Male,0,Yes,No,44,One year,Bank transfer (automatic),DSL,59.85,2603.95,No,0.02755834791801475,Low
5919-VCZYM,Male,0,No,No,2,Month-to-month,Mailed check,No,20.05,42.7,No,0.1896329096776133,Low
9644-KVCNC,Female,0,No,No,66,One year,Bank transfer (automatic),Fiber optic,92.15,6056.9,No,0.16009199675392888,Low
2137-DQMEV,Male,0,Yes,Yes,68,One year,Mailed check,DSL,44.8,2983.65,No,0.014241976851242845,Low
8174-LNWMW,Female,0,No,No,31,Two year,Credit card (automatic),No,20.9,689.35,No,0.012248221818987262,Low
9279-CJEOJ,Female,1,No,No,21,Month-to-month,Bank transfer (automatic),Fiber optic,95.4,2025.1,No,0.6996599225394438,Medium
7964-VEXDG,Male,0,No,Yes,21,Month-to-month,Electronic check,Fiber optic,80.35,1747.2,No,0.38561814556944973,Medium
2404-JIBFC,Female,0,Yes,Yes,55,Two year,Bank transfer (automatic),DSL,85.1,4657.95,No,0.024117902346066776,Low
0778-NELLA,Male,0,No,No,9,Month-to-month,Credit card (automatic),DSL,34.7,296.1,Yes,0.5314918340160277,Medium
8029-XYPWT,Male,1,Yes,No,71,Two year,Bank transfer (automatic),Fiber optic,115.05,8016.6,No,0.06480031046371042,Low
4614-NUVZD,Female,0,No,No,1,Month-to-month,Electronic check,Fiber optic,81.1,81.1,Yes,0.7461452908731465,High
4632-PAOYU,Male,0,Yes,Yes,22,One year,Mailed check,No,19.95,433.5,No,0.034162814921696684,Low
3803-KMQFW,Female,0,Yes,Yes,1,Month-to-month,Mailed check,No,20.55,20.55,Yes,0.1784488693931671,Low
6804-GDMOI,Female,0,No,No,61,Two year,Electronic check,Fiber optic,106.6,6428.4,Yes,0.13216916237017676,Low
2990-OGYTD,Female,0,Yes,No,67,Two year,Bank transfer (automatic),DSL,86.15,5883.85,No,0.01843428806593479,Low
6646-JPPHA,Female,1,No,No,14,Month-to-month,Electronic check,Fiber optic,78.85,1043.8,No,0.42212045394207587,Medium
9572-MTILT,Male,0,Yes,No,59,Month-to-month,Electronic check,Fiber optic,106.75,6252.9,Yes,0.2344111498532375,Low
7658-UYUQS,Male,1,Yes,No,21,Month-to-month,Bank transfer (automatic),Fiber optic,86.55,1857.25,No,0.4859263407417116,Medium
7880-XSOJX,Male,0,No,No,4,Month-to-month,Mailed check,DSL,42.4,146.4,No,0.25631678578910827,Low
9611-CTWIH,Female,0,No,No,3,Month-to-month,Electronic check,Fiber optic,89.45,240.45,Yes,0.7656100290203379,High
4589-IUAJB,Male,0,Yes,No,70,Two year,Bank transfer (automatic),No,24.25,1724.15,No,0.0022937284673010556,Low
0329-GTIAJ,Female,0,No,No,3,Month-to-month,Electronic check,Fiber optic,97.9,315.3,Yes,0.6552446935418388,Medium
8746-BFOAJ,Male,1,No,No,21,One year,Bank transfer (automatic),No,20.5,429.55,No,0.05457056861538236,Low
8457-XIGKN,Male,0,No,No,20,Month-to-month,Credit card (automatic),No,19.6,356.15,No,0.10896286639035786,Low
6072-NUQCB,Male,0,Yes,Yes,22,One year,Bank transfer (automatic),No,20.25,488.25,No,0.03697464735878201,Low
6629-CZTTH,Male,0,No,No,1,Month-to-month,Mailed check,DSL,55.7,55.7,Yes,0.4851907177489363,Medium
8838-GPHZP,Female,0,No,No,63,Two year,Mailed check,No,20.6,1298.7,No,0.003265529536023245,Low
8750-QWZAJ,Female,0,Yes,Yes,70,Two year,Bank transfer (automatic),No,19.8,1378.75,No,0.0014226551979351818,Low
5364-EVNIB,Male,0,No,No,13,Month-to-month,Electronic check,Fiber optic,79.8,973.45,Yes,0.5474618863908,Medium
6918-UMQCG,Female,0,No,No,5,Month-to-month,Electronic check,Fiber optic,80.2,384.25,No,0.6396866852663539,Medium
0675-NCDYU,Female,0,Yes,Yes,72,Two year,Credit card (automatic),Fiber optic,116.4,8543.25,No,0.04825994340318243,Low
6339-DKLMK,Female,0,No,No,13,Month-to-month,Electronic check,DSL,31.65,389.95,No,0.4958395640908579,Medium
1346-PJWTK,Male,0,Yes,No,61,Month-to-month,Credit card (automatic),Fiber optic,94.15,5731.85,No,0.11405321631299965,Low
5088-QZLRL,Male,0,No,No,1,Month-to-month,Electronic check,No,20.65,20.65,No,0.262571999112169,Low
8023-QHAIO,Female,1,Yes,No,56,Month-to-month,Bank transfer (automatic),Fiber optic,76.85,4275.75,No,0.2147325748878077,Low
4397-FRLTA,Female,0,No,No,4,Month-to-month,Mailed check,No,20.15,84.5,No,0.1774603279559822,Low
3057-VJJQE,Male,0,No,No,35,Two year,Mailed check,DSL,55.25,1924.1,No,0.02614189109733453,Low
5087-SUURX,Female,0,Yes,No,18,Month-to-month,Electronic check,DSL,39.05,669.85,Yes,0.5166243350825094,Medium
2302-OUZXB,Male,0,Yes,No,72,Two year,Bank transfer (automatic),DSL,82.15,5784.3,No,0.019056430357713077,Low
8133-ANHHJ,Female,1,No,No,49,One year,Bank transfer (automatic),Fiber optic,103.0,5166.2,No,0.11425001039972467,Low
2270-CHBFN,Female,0,Yes,No,44,Month-to-month,Credit card (automatic),Fiber optic,95.1,4060.55,No,0.1736689443831451,Low
0013-EXCHZ,Female,1,Yes,No,3,Month-to-month,Mailed check,Fiber optic,83.9,267.4,Yes,0.6141938406346243,Medium
5982-FPVQN,Female,0,Yes,Yes,37,Month-to-month,Electronic check,Fiber optic,95.15,3532.85,No,0.47381074423858205,Medium
9107-UKCKY,Male,0,Yes,No,61,One year,Electronic check,DSL,79.8,4914.8,No,0.10117529595553627,Low
4654-ULTTN,Male,0,Yes,No,70,Two year,Credit card (automatic),DSL,74.8,5315.8,No,0.010745671746451918,Low
5550-VFRLC,Female,1,No,No,1,Month-to-month,Electronic check,Fiber optic,69.85,69.85,Yes,0.7460995798523594,High
5546-BYZSM,Female,0,No,No,41,Month-to-month,Electronic check,No,20.45,775.6,No,0.041562509389570554,Low
1492-KGETH,Male,0,Yes,Yes,70,One year,Bank transfer (automatic),DSL,78.35,5445.95,No,0.013030351976853032,Low
4929-BSTRX,Female,0,No,No,1,Month-to-month,Mailed check,DSL,53.55,53.55,Yes,0.48358781366275366,Medium
4163-HFTUK,Male,0,No,No,51,One year,Electronic check,No,19.1,1007.8,No,0.012544059231065672,Low
8215-NGSPE,Female,0,Yes,Yes,42,Two year,Mailed check,No,20.0,833.55,No,0.005876971433100443,Low
2225-ZRGSG,Female,0,Yes,Yes,70,Two year,Bank transfer (automatic),Fiber optic,93.9,6579.05,Yes,0.015484271514428665,Low
8859-YSTWS,Male,0,No,No,48,One year,Bank transfer (automatic),No,19.95,1004.5,No,0.011174687742964422,Low
5271-YNWVR,Male,0,Yes,Yes,68,Two year,Electronic check,Fiber optic,113.15,7856.0,Yes,0.06750206586449456,Low
7601-DHFWZ,Female,0,No,No,48,Two year,Credit card (automatic),No,24.0,1183.05,No,0.006596457112375484,Low
2657-ALMWY,Female,1,Yes,No,26,Month-to-month,Electronic check,Fiber optic,84.95,2169.75,Yes,0.4864917321151472,Medium
6330-JKLPC,Male,0,Yes,No,11,Month-to-month,Bank transfer (automatic),Fiber optic,80.5,896.9,Yes,0.5710060654398551,Medium
4667-OHGKG,Male,0,No,No,1,Month-to-month,Mailed check,No,19.3,19.3,Yes,0.2570751941142953,Low
1998-VHJHK,Female,0,No,No,27,One year,Mailed check,No,19.15,501.35,No,0.03088561106350354,Low
1707-HABPF,Female,1,No,No,46,One year,Bank transfer (automatic),Fiber optic,91.3,4126.35,No,0.21400971451403306,Low
1660-HSOOQ,Male,0,No,No,1,Month-to-month,Mailed check,DSL,49.65,49.65,Yes,0.420297888421318,Medium
7253-UVNDW,Female,0,No,No,46,Two year,Credit card (automatic),DSL,54.35,2460.15,Yes,0.012424180011955594,Low
0487-VVUVK,Male,0,Yes,Yes,25,Month-to-month,Mailed check,No,19.15,477.6,No,0.07652176069259078,Low
7228-OMTPN,Male,0,No,No,4,Month-to-month,Electronic check,Fiber optic,88.45,370.65,Yes,0.7567062412014094,High
5063-IUOKK,Male,0,No,No,13,Two year,Mailed check,No,19.75,265.75,No,0.03027370828485825,Low
4508-OEBEY,Male,0,Yes,No,31,One year,Credit card (automatic),DSL,75.5,2424.45,No,0.0578777786866938,Low
0027-KWYKW,Female,0,Yes,Yes,23,Month-to-month,Electronic check,Fiber optic,83.75,1849.95,No,0.5976148010450714,Medium
2308-STERM,Female,0,No,No,2,Month-to-month,Mailed check,No,19.4,61.05,No,0.19325655338713263,Low
5982-XMDEX,Female,0,No,No,65,Two year,Bank transfer (automatic),No,26.5,1698.55,No,0.003178588557274197,Low
6284-AHOOQ,Male,1,No,No,22,Month-to-month,Bank transfer (automatic),Fiber optic,90.5,1910.6,Yes,0.5384539238349985,Medium
6051-PTVNS,Female,0,Yes,Yes,55,One year,Credit card (automatic),No,19.15,998.1,No,0.00591594317710745,Low
2344-JMOGN,Male,0,Yes,No,9,Month-to-month,Mailed check,Fiber optic,94.85,890.6,Yes,0.46295773123664125,Medium
3799-ISUZQ,Male,0,Yes,Yes,7,Month-to-month,Bank transfer (automatic),Fiber optic,69.95,529.5,Yes,0.5452329765889772,Medium
2877-VDUER,Female,0,Yes,Yes,35,One year,Mailed check,DSL,40.9,1383.6,No,0.07182376593639432,Low
9152-AMKAK,Male,0,No,No,6,Two year,Mailed check,DSL,80.25,493.4,No,0.0913631257757525,Low
1794-HBQTJ,Female,0,No,No,1,Month-to-month,Credit card (automatic),DSL,48.6,48.6,Yes,0.33588831560705124,Medium
9432-VOFYX,Male,0,No,No,17,Month-to-month,Electronic check,Fiber optic,70.8,1207.0,No,0.5662934897809699,Medium
8049-WJCLQ,Male,0,Yes,Yes,10,Month-to-month,Mailed check,DSL,60.2,563.5,No,0.26923409086589173,Low
6586-PSJOX,Male,0,No,Yes,15,One year,Credit card (automatic),DSL,55.2,864.55,No,0.0783502797318947,Low
2460-FPSYH,Female,1,No,No,40,Month-to-month,Electronic check,DSL,55.8,2109.35,Yes,0.29307364876420017,Low
9705-ZJBCG,Female,0,Yes,Yes,13,One year,Bank transfer (automatic),DSL,54.15,701.05,No,0.06641338574444389,Low
4818-DRBQT,Male,0,Yes,No,29,Month-to-month,Bank transfer (automatic),Fiber optic,80.15,2265.25,Yes,0.41426381569025206,Medium
1320-HTRDR,Female,0,No,No,3,Month-to-month,Electronic check,Fiber optic,75.5,220.6,Yes,0.7391617864124416,High
6847-KJLTS,Female,1,Yes,No,58,Month-to-month,Bank transfer (automatic),Fiber optic,100.4,5749.8,No,0.37017098622892974,Medium
9670-BPNXF,Female,0,No,No,45,One year,Credit card (automatic),DSL,62.55,2796.45,No,0.02644672900243101,Low
3913-FCUUW,Female,0,Yes,Yes,72,Two year,Bank transfer (automatic),DSL,70.45,5165.7,No,0.006043382064382852,Low
3301-VKTGC,Male,0,Yes,Yes,68,One year,Bank transfer (automatic),Fiber optic,85.5,5696.6,No,0.05771325803052524,Low
1493-AMTIE,Male,0,No,No,1,Month-to-month,Bank transfer (automatic),No,20.2,20.2,Yes,0.2706387834611925,Low
9555-SAHUZ,Female,0,Yes,Yes,38,Month-to-month,Electronic check,DSL,54.5,2076.05,No,0.07545309374094297,Low
0816-TSPHQ,Male,0,No,No,2,Month-to-month,Mailed check,No,20.75,44.2,No,0.19060172645633736,Low
9932-WBWIK,Male,0,No,No,11,Month-to-month,Mailed check,No,20.35,215.25,No,0.12701956231709519,Low
4619-EVPHY,Female,1,Yes,No,20,One year,Bank transfer (automatic),Fiber optic,91.0,1859.5,No,0.48589169582225555,Medium
5286-YHCVC,Male,0,Yes,No,72,Two year,Bank transfer (automatic),Fiber optic,104.8,7470.1,No,0.08805748568334408,Low
6424-ELEYH,Female,0,Yes,No,3,Month-to-month,Credit card (automatic),Fiber optic,74.75,229.5,Yes,0.6575427449265446,Medium
4391-RESHN,Male,0,No,No,23,Month-to-month,Mailed check,Fiber optic,104.05,2470.1,Yes,0.5327853122273609,Medium
9115-YQHGA,Male,0,No,No,40,Month-to-month,Electronic check,DSL,51.1,2092.9,No,0.12716427974694658,Low
4462-CYWMH,Male,1,Yes,No,62,Month-to-month,Bank transfer (automatic),Fiber optic,89.8,5629.55,No,0.3054277172145193,Medium
8963-MQVYN,Female,0,No,Yes,22,Month-to-month,Electronic check,No,20.55,469.85,No,0.12780029718037247,Low
2458-EOMRE,Female,0,No,No,11,Month-to-month,Bank transfer (automatic),DSL,64.05,733.95,No,0.23760992889218752,Low
9334-GWGOW,Male,1,Yes,No,7,Month-to-month,Electronic check,Fiber optic,74.85,485.25,No,0.7454490031639186,High
6821-BUXUX,Female,0,No,No,13,Month-to-month,Electronic check,Fiber optic,96.65,1244.5,Yes,0.5971125255359995,Medium
5028-HTLJB,Male,1,No,No,1,Month-to-month,Mailed check,No,20.05,20.05,Yes,0.23343304300113202,Low
9801-GDWGV,Female,0,No,No,39,Month-to-month,Electronic check,Fiber optic,103.45,3994.45,Yes,0.5622425525370651,Medium
6542-LWGXJ,Male,0,Yes,No,3,Month-to-month,Mailed check,DSL,25.0,78.25,No,0.47740758605426553,Medium
5567-GZKQY,Male,0,No,No,58,Two year,Credit card (automatic),No,20.3,1131.5,No,0.0028007966325090694,Low
1222-LRYKO,Male,0,No,Yes,6,Month-to-month,Mailed check,No,26.35,184.05,No,0.17519534868888664,Low
2320-JRSDE,Female,0,Yes,Yes,1,Month-to-month,Electronic check,No,19.9,19.9,Yes,0.30487027368543546,Medium
2087-QAREY,Female,0,Yes,No,22,Month-to-month,Mailed check,DSL,54.7,1178.75,No,0.20497927519890438,Low
0601-WZHJF,Male,0,Yes,No,14,Month-to-month,Electronic check,DSL,46.35,667.7,Yes,0.5509906311388485,Medium
4423-JWZJN,Male,0,Yes,Yes,64,One year,Credit card (automatic),Fiber optic,90.25,5629.15,No,0.09192725332723935,Low
5143-WMWOG,Male,0,No,No,1,Month-to-month,Electronic check,No,19.95,19.95,Yes,0.26140467929712957,Low
6490-FGZAT,Male,0,No,No,6,Month-to-month,Mailed check,No,20.65,109.3,No,0.1593699833354178,Low
5393-RXQSZ,Male,0,No,No,1,Month-to-month,Electronic check,Fiber optic,79.6,79.6,Yes,0.6674298456766464,Medium
7452-FOLON,Male,0,No,Yes,39,One year,Bank transfer (automatic),No,25.45,958.45,No,0.02029852295325695,Low
2320-TZRRH,Female,0,No,No,20,One year,Mailed check,No,19.5,403.15,No,0.04477922017753246,Low
0231-LXVAP,Male,0,No,No,1,Month-to-month,Electronic check,Fiber optic,75.9,75.9,Yes,0.6172994552883753,Medium
9444-JTXHZ,Male,0,Yes,No,1,Month-to-month,Electronic check,Fiber optic,76.2,76.2,Yes,0.6128718075199723,Medium
4942-VZZOM,Male,0,Yes,No,64,One year,Credit card (automatic),DSL,66.15,4392.5,No,0.036443817449386254,Low
5510-BOIUJ,Male,0,No,Yes,1,Month-to-month,Mailed check,No,19.25,19.25,Yes,0.17316994393967958,Low
7502-BNYGS,Female,0,Yes,No,46,Month-to-month,Credit card (automatic),DSL,69.1,3168.0,No,0.1500518569601382,Low
4291-HYEBC,Female,1,Yes,Yes,28,One year,Electronic check,DSL,39.1,1096.6,No,0.24585102130310277,Low
6147-CBCRA,Female,0,Yes,No,33,Month-to-month,Mailed check,No,20.05,669.45,No,0.0446958600744993,Low
6047-SUHPR,Male,0,Yes,Yes,39,One year,Electronic check,DSL,59.8,2343.85,No,0.03805702152644496,Low
4471-KXAUH,Female,0,Yes,No,42,Month-to-month,Electronic check,Fiber optic,84.3,3588.4,Yes,0.34716600581136603,Medium
9752-ZNQUT,Female,0,No,No,1,Month-to-month,Electronic check,DSL,48.6,48.6,No,0.48314533046654934,Medium
7638-QVMVY,Female,0,No,No,7,Month-to-month,Electronic check,Fiber optic,79.0,522.95,Yes,0.6975222044748942,Medium
1576-PFZIW,Male,1,Yes,No,70,Two year,Credit card (automatic),Fiber optic,105.35,7511.9,No,0.044542754354321444,Low
5666-MBJPT,Male,0,No,No,65,Two year,Bank transfer (automatic),No,25.1,1725.0,No,0.004369925716544914,Low
7312-XSBAT,Male,0,No,No,1,Month-to-month,Electronic check,DSL,49.75,49.75,No,0.3424770194721793,Medium
3096-GKWEB,Male,0,Yes,No,18,Month-to-month,Electronic check,Fiber optic,94.75,1691.9,No,0.7271310878010179,High
2371-JQHZZ,Male,0,Yes,No,24,Month-to-month,Electronic check,Fiber optic,93.0,2248.05,No,0.6873234371156909,Medium
0674-GCDXG,Male,0,No,No,63,Two year,Bank transfer (automatic),DSL,71.9,4479.2,No,0.013210911663256978,Low
1121-QSIVB,Female,0,No,Yes,44,One year,Mailed check,DSL,77.55,3471.1,No,0.11313735053492034,Low
4396-KLSEH,Male,0,No,No,4,Month-to-month,Electronic check,No,19.85,63.0,No,0.29782680921748894,Low
3244-DCJWY,Female,0,No,No,1,Month-to-month,Electronic check,Fiber optic,70.25,70.25,Yes,0.7047379527888994,High
2824-MYYBN,Female,0,Yes,Yes,37,Month-to-month,Electronic check,Fiber optic,95.25,3314.15,No,0.5605786668140167,Medium
0875-CABNR,Female,1,No,No,10,Month-to-month,Credit card (automatic),Fiber optic,84.6,865.55,Yes,0.6346573468550187,Medium
6345-HOVES,Male,0,No,No,34,Month-to-month,Bank transfer (automatic),DSL,25.05,852.7,No,0.21883833085647958,Low
8318-LCNBW,Male,0,Yes,No,35,One year,Credit card (automatic),DSL,53.15,1930.9,No,0.1013159624662322,Low
6469-QJKZW,Female,0,Yes,No,4,Month-to-month,Electronic check,No,20.15,91.4,No,0.2374733508614757,Low
0147-ESWWR,Female,1,Yes,No,39,Month-to-month,Electronic check,Fiber optic,101.25,3949.15,No,0.5810327456529515,Medium
1217-VASWC,Male,1,Yes,No,43,One year,Bank transfer (automatic),Fiber optic,100.55,4304.0,No,0.28986181421533375,Low
7812-FZHPE,Female,0,Yes,Yes,17,Month-to-month,Mailed check,No,24.1,409.9,Yes,0.10699941281137654,Low
6370-ZVHDV,Female,0,Yes,No,61,Two year,Bank transfer (automatic),No,25.3,1554.9,No,0.0038154404194733374,Low
5915-DGNVC,Female,0,Yes,No,49,One year,Electronic check,DSL,71.8,3472.05,No,0.0536281766748847,Low
6260-XLACS,Male,0,No,No,4,One year,Mailed check,No,19.7,117.8,No,0.0974839866840681,Low
3566-CAAYU,Female,0,Yes,Yes,64,Two year,Electronic check,DSL,49.85,3210.35,No,0.013187972869769759,Low
4983-CCWMC,Male,0,No,No,3,Month-to-month,Mailed check,Fiber optic,69.6,207.4,No,0.5997224978801863,Medium
9103-CXVOK,Male,0,Yes,Yes,1,Month-to-month,Electronic check,No,19.75,19.75,No,0.23251869454536095,Low
2896-TBNBE,Male,0,Yes,No,40,One year,Electronic check,Fiber optic,80.8,3132.75,No,0.15051630415438524,Low
4797-AXPXK,Female,0,No,Yes,1,Month-to-month,Electronic check,DSL,60.0,60.0,Yes,0.27155052725838286,Low
5229-PRWKT,Male,0,No,No,8,Month-to-month,Electronic check,Fiber optic,86.55,649.65,Yes,0.7437987149162306,High
6982-UQZLY,Female,1,Yes,No,1,Month-to-month,Mailed check,No,20.85,20.85,Yes,0.30762796466182707,Medium
2522-WLNSF,Female,1,Yes,No,34,One year,Bank transfer (automatic),DSL,64.2,2106.3,No,0.07342986247752284,Low
3841-CONLJ,Female,0,Yes,No,1,Month-to-month,Electronic check,DSL,35.0,35.0,No,0.6450637726869626,Medium
5057-LCOUI,Female,0,No,No,39,Month-to-month,Electronic check,DSL,50.75,2011.4,Yes,0.36832026823243424,Medium
0193-ESZXP,Female,1,Yes,No,58,One year,Credit card (automatic),Fiber optic,105.5,6205.5,Yes,0.12262852537861682,Low
4475-NVTLU,Male,0,Yes,Yes,45,Two year,Electronic check,No,19.2,903.7,No,0.007012565484427755,Low
4369-HTUIF,Male,1,No,No,6,Month-to-month,Bank transfer (automatic),Fiber optic,85.15,503.6,Yes,0.5947188567068551,Medium
9386-LDCZR,Male,0,No,No,43,One year,Credit card (automatic),Fiber optic,90.65,3882.3,No,0.07628728915539867,Low
9585-KKMFD,Male,0,Yes,Yes,41,Two year,Mailed check,No,20.0,879.8,No,0.008712905735592313,Low
5399-ZIMKF,Male,0,No,No,5,Month-to-month,Electronic check,Fiber optic,74.65,383.65,No,0.6291869269731596,Medium
0336-KXKFK,Male,0,No,No,72,Two year,Credit card (automatic),DSL,61.2,4390.25,No,0.012710504254134988,Low
5619-XZZKR,Male,0,No,No,4,One year,Mailed check,No,19.95,68.2,No,0.09628339691301578,Low
3948-FVVRP,Male,0,Yes,Yes,9,Month-to-month,Mailed check,DSL,54.8,452.8,No,0.15932437538984395,Low
5327-XOKKY,Male,1,Yes,No,72,Two year,Credit card (automatic),DSL,73.45,5329.0,No,0.030149194598093454,Low
0983-TATYJ,Female,0,Yes,No,33,One year,Mailed check,DSL,51.45,1758.9,No,0.06731886392027962,Low
1813-JYWTO,Female,0,Yes,No,72,Two year,Bank transfer (automatic),Fiber optic,80.45,5737.6,No,0.022678878928339263,Low
0156-FVPTA,Male,0,Yes,No,22,Month-to-month,Electronic check,DSL,54.2,1152.7,Yes,0.1712917029907187,Low
1984-FCOWB,Female,0,Yes,No,70,One year,Electronic check,Fiber optic,109.5,7674.55,Yes,0.18953308580552955,Low
0654-HMSHN,Male,0,Yes,Yes,21,Month-to-month,Electronic check,Fiber optic,104.4,2157.95,Yes,0.553812934773794,Medium
6719-OXYBR,Male,0,No,No,15,Month-to-month,Electronic check,Fiber optic,85.3,1219.85,No,0.5429548966282275,Medium
3312-ZWLGF,Male,1,Yes,No,29,Month-to-month,Electronic check,Fiber optic,79.3,2414.55,No,0.5015879216796851,Medium
6476-YHMGA,Female,0,Yes,Yes,15,Month-to-month,Bank transfer (automatic),DSL,76.5,1155.6,No,0.19681628849308302,Low
5287-QWLKY,Male,1,Yes,Yes,71,Month-to-month,Credit card (automatic),Fiber optic,105.1,7548.1,Yes,0.23149852140797347,Low
0795-XCCTE,Male,1,No,No,72,Two year,Bank transfer (automatic),No,25.4,1809.35,No,0.002604763694698769,Low
0168-XZKBB,Female,0,Yes,No,19,Month-to-month,Electronic check,Fiber optic,86.85,1564.4,No,0.673278877538487,Medium
3785-NRHYR,Male,0,No,No,1,Month-to-month,Mailed check,No,19.65,19.65,No,0.19720101995154776,Low
5196-SGOAK,Female,0,No,No,1,Month-to-month,Electronic check,Fiber optic,75.7,75.7,Yes,0.6679778384154798,Medium
4537-DKTAL,Female,0,No,No,2,Month-to-month,Electronic check,DSL,45.55,84.4,No,0.4333208147201597,Medium
7072-MBHEV,Female,1,Yes,Yes,11,Month-to-month,Credit card (automatic),Fiber optic,78.1,864.85,No,0.591222009386722,Medium
5602-BVFMK,Female,0,No,No,12,One year,Mailed check,No,19.3,228.75,No,0.06636208955096291,Low
6297-NOOPG,Female,0,Yes,No,70,Two year,Electronic check,Fiber optic,110.5,7752.05,No,0.10190771893515266,Low
1891-UAWWU,Female,1,Yes,No,20,Month-to-month,Electronic check,Fiber optic,90.8,1951.0,Yes,0.6433765255386534,Medium
8204-TIFGJ,Female,0,No,No,23,Month-to-month,Bank transfer (automatic),No,20.3,470.6,No,0.10658525044623322,Low
8050-DVOJX,Male,1,No,No,49,Two year,Credit card (automatic),DSL,81.35,4060.9,No,0.01835388506780612,Low
6108-OQZDQ,Female,0,Yes,Yes,4,Month-to-month,Electronic check,Fiber optic,97.95,384.5,Yes,0.7441891984388211,High
0363-QJVFX,Male,0,No,No,32,Month-to-month,Credit card (automatic),Fiber optic,108.15,3432.9,Yes,0.3424215649731306,Medium
8903-XEBGX,Male,0,No,Yes,2,Month-to-month,Electronic check,DSL,55.3,108.65,No,0.5254094222047019,Medium
8169-SAEJD,Male,1,Yes,No,69,Two year,Credit card (automatic),DSL,56.55,3952.65,No,0.01492327367916094,Low
9840-DVNDC,Male,0,No,No,6,Month-to-month,Credit card (automatic),Fiber optic,80.5,463.05,Yes,0.6170410058646872,Medium
1089-XZWHH,Female,0,Yes,Yes,24,Two year,Mailed check,No,19.7,494.05,No,0.021237490611491192,Low
2325-WINES,Female,0,No,No,32,One year,Credit card (automatic),Fiber optic,104.05,3416.85,No,0.3593183040766966,Medium
6064-ZATLR,Female,0,No,No,27,Two year,Bank transfer (automatic),DSL,52.85,1498.65,No,0.025803164665458556,Low
3096-JRDSO,Female,1,Yes,No,27,Month-to-month,Bank transfer (automatic),Fiber optic,104.3,2867.75,Yes,0.4933800246003684,Medium
7824-PANSQ,Male,0,No,No,58,Month-to-month,Bank transfer (automatic),Fiber optic,80.65,4807.35,No,0.14228907712150912,Low
8042-JVNFH,Male,0,No,No,1,Month-to-month,Mailed check,Fiber optic,71.35,71.35,Yes,0.6210183211547331,Medium
9648-BCHKM,Female,0,Yes,Yes,18,Two year,Credit card (automatic),No,24.65,471.35,No,0.036666534749402756,Low
2888-ADFAO,Female,0,Yes,Yes,47,Two year,Bank transfer (automatic),No,21.3,1041.8,No,0.007090797086925175,Low
8707-HOEDG,Female,0,Yes,Yes,70,Two year,Electronic check,Fiber optic,110.2,7689.8,No,0.08670721133000613,Low
3374-LXDEV,Female,0,No,No,13,Month-to-month,Electronic check,Fiber optic,89.4,1132.35,Yes,0.44496286559775944,Medium
4072-IPYLT,Female,0,Yes,Yes,36,Month-to-month,Credit card (automatic),DSL,51.05,1815.0,No,0.06480110886153094,Low
7167-PCEYD,Male,0,No,No,67,Two year,Mailed check,No,19.8,1311.3,No,0.002513954089705309,Low
4936-YPJNK,Female,0,No,No,10,Month-to-month,Mailed check,No,19.9,199.45,No,0.18115763453878697,Low
1580-BMCMR,Male,1,No,No,19,Month-to-month,Electronic check,Fiber optic,87.3,1637.3,No,0.5755389041783318,Medium
4817-KEQSP,Female,0,Yes,Yes,71,Two year,Bank transfer (automatic),No,19.85,1326.35,No,0.0013193946438487705,Low
6408-WHTEF,Male,0,Yes,Yes,72,Two year,Mailed check,DSL,89.4,6376.55,No,0.011817262761518392,Low
9251-AWQGT,Female,0,Yes,Yes,48,Two year,Mailed check,No,20.0,935.9,No,0.0042638760310768535,Low
8749-CLJXC,Male,0,No,No,1,Month-to-month,Mailed check,No,20.05,20.05,No,0.19774775463865238,Low
7989-VCQOH,Male,0,Yes,Yes,18,Month-to-month,Electronic check,DSL,83.25,1611.15,No,0.2089555332223155,Low
5049-GLYVG,Male,0,No,No,1,Month-to-month,Mailed check,No,20.6,20.6,Yes,0.19850137858072467,Low
4199-QHJNM,Male,1,Yes,No,67,Two year,Bank transfer (automatic),Fiber optic,102.9,6989.7,No,0.06495651051556846,Low
8882-TLVRW,Male,0,Yes,Yes,69,Two year,Mailed check,DSL,39.1,2779.5,No,0.0038191292038308217,Low
5883-GTGVD,Male,0,No,No,19,Month-to-month,Electronic check,Fiber optic,99.95,1931.75,Yes,0.6943107730971892,Medium
5135-GRQJV,Male,1,Yes,No,72,Two year,Mailed check,Fiber optic,114.5,8331.95,No,0.06327876263692032,Low
2384-OVPSA,Female,1,No,No,38,Two year,Mailed check,No,20.2,735.9,No,0.010370185314051445,Low
1371-WEPDS,Male,1,Yes,No,40,One year,Electronic check,DSL,55.8,2283.3,No,0.10889240260517012,Low
3580-GICBM,Female,0,Yes,Yes,61,Two year,Mailed check,No,24.2,1445.2,No,0.004146416390516799,Low
4817-QRJSX,Female,0,No,No,10,Month-to-month,Credit card (automatic),Fiber optic,81.0,818.05,Yes,0.5639726973055426,Medium
9730-DRTMJ,Male,0,Yes,No,32,One year,Credit card (automatic),DSL,72.8,2333.05,No,0.08321639459495234,Low
4686-UXDML,Female,0,No,No,21,Month-to-month,Credit card (automatic),Fiber optic,99.85,1992.55,No,0.5879199238757938,Medium
3349-ANQNH,Female,1,No,No,59,One year,Electronic check,Fiber optic,99.5,5890.0,No,0.35232523576035685,Medium
2398-YPMUR,Female,1,Yes,No,13,Month-to-month,Electronic check,Fiber optic,70.15,916.75,Yes,0.6552608820890095,Medium
0932-YIXYU,Female,0,No,No,47,Two year,Credit card (automatic),No,20.25,1029.8,No,0.005304385044723119,Low
7480-SPLEF,Male,0,Yes,Yes,69,Two year,Bank transfer (automatic),No,26.0,1796.55,No,0.0030522317602394485,Low
7636-XUHWW,Male,0,No,No,2,Month-to-month,Credit card (automatic),No,19.9,33.7,No,0.2429930949611039,Low
1431-CYWMH,Female,0,Yes,Yes,22,Month-to-month,Bank transfer (automatic),No,19.05,454.05,No,0.07030650891195793,Low
5937-EORGB,Male,1,Yes,No,15,Month-to-month,Electronic check,Fiber optic,96.5,1392.25,No,0.6533987549089243,Medium
6349-JDHQP,Female,0,No,No,53,Two year,Credit card (automatic),No,19.85,1049.6,No,0.003735977372095545,Low
5539-HIVAK,Female,1,Yes,No,28,Month-to-month,Mailed check,No,25.7,734.6,No,0.09206807000411048,Low
5847-MXBEO,Male,0,No,No,22,One year,Mailed check,No,20.3,475.1,No,0.04023457692833914,Low
9985-MWVIX,Female,0,No,No,1,Month-to-month,Mailed check,Fiber optic,70.15,70.15,Yes,0.6239826936361512,Medium
4583-PARNH,Male,1,Yes,No,16,Month-to-month,Electronic check,Fiber optic,91.55,1540.05,No,0.6033663733633046,Medium
1116-FRYVH,Female,0,Yes,Yes,48,Two year,Mailed check,DSL,39.4,1978.65,No,0.009256302201310043,Low
1421-HCERK,Male,1,Yes,No,30,Month-to-month,Bank transfer (automatic),Fiber optic,105.7,3181.8,No,0.3674059907695847,Medium
9633-XQABV,Female,0,No,No,3,Month-to-month,Electronic check,Fiber optic,70.25,229.7,No,0.6904850984574545,Medium
0716-BQNDX,Male,1,No,No,57,Two year,Electronic check,Fiber optic,93.75,5625.55,No,0.06804077520356848,Low
1265-XTECC,Female,1,Yes,No,68,One year,Credit card (automatic),Fiber optic,96.55,6581.9,Yes,0.11902848459822424,Low
1183-CANVH,Female,0,Yes,No,23,One year,Bank transfer (automatic),DSL,60.0,1347.15,No,0.093066004825349,Low
1972-XMUWV,Female,0,Yes,No,65,Two year,Credit card (automatic),DSL,59.8,3808.2,No,0.01122642562328491,Low
8679-LZBMD,Male,0,Yes,No,44,One year,Bank transfer (automatic),Fiber optic,90.65,3974.15,No,0.2610498805755202,Low
3407-JMJQQ,Female,0,Yes,Yes,71,Two year,Bank transfer (automatic),Fiber optic,109.0,7661.8,No,0.059551334964795706,Low
6252-DFGTK,Female,0,Yes,No,37,One year,Credit card (automatic),DSL,68.1,2479.25,No,0.0387989895029276,Low
1539-LNKHM,Female,0,No,No,12,Month-to-month,Mailed check,No,20.4,266.6,No,0.1248789502517559,Low
8645-KOMJQ,Male,0,Yes,Yes,69,Two year,Bank transfer (automatic),DSL,81.95,5601.4,No,0.01709991275003126,Low
0289-IVARM,Female,0,No,No,35,Month-to-month,Electronic check,DSL,60.55,1982.6,No,0.09539051150081466,Low
9761-XUJWD,Male,0,No,No,5,Month-to-month,Bank transfer (automatic),DSL,65.6,339.9,No,0.33254748515760807,Medium
4057-FKCZK,Male,0,Yes,Yes,58,Two year,Bank transfer (automatic),Fiber optic,82.5,4828.05,No,0.05526930715983058,Low
4291-TPNFG,Male,0,Yes,No,72,Two year,Bank transfer (automatic),DSL,82.3,5980.55,No,0.011018346876240025,Low
6087-YPWHO,Male,0,Yes,No,72,Two year,Mailed check,DSL,68.15,4808.7,No,0.004028738046630231,Low
3090-QFUVD,Female,0,No,No,1,Month-to-month,Credit card (automatic),No,20.3,20.3,No,0.19768713586276346,Low
2237-ZFSMY,Female,0,No,No,39,One year,Electronic check,Fiber optic,95.55,3692.85,Yes,0.1759485564834171,Low
1722-LDZJS,Male,0,Yes,Yes,53,One year,Credit card (automatic),No,20.2,1068.15,No,0.006707887875864641,Low
1818-ESQMW,Female,0,No,No,27,Month-to-month,Electronic check,Fiber optic,89.2,2383.6,No,0.4568547178996901,Medium
4871-JTKJF,Female,1,No,No,1,Month-to-month,Electronic check,Fiber optic,69.65,69.65,Yes,0.7457726747565797,High
1415-YFWLT,Female,1,No,No,1,Month-to-month,Electronic check,Fiber optic,89.3,89.3,Yes,0.8121533231562132,High
7401-RUBNK,Female,0,Yes,No,18,Month-to-month,Electronic check,Fiber optic,74.8,1438.05,No,0.38933769597320583,Medium
0506-YLVKJ,Male,0,Yes,Yes,46,Two year,Mailed check,No,20.2,917.45,No,0.006584380194379193,Low
8661-BOYNW,Female,0,Yes,No,72,Two year,Credit card (automatic),DSL,84.4,6096.45,No,0.014983904341140615,Low
6711-VTNRE,Female,0,No,No,36,Month-to-month,Electronic check,Fiber optic,87.55,3078.1,Yes,0.37797875494464245,Medium
4815-GBTCD,Female,0,Yes,No,4,Month-to-month,Electronic check,DSL,25.15,99.95,No,0.6433183917211914,Medium
2805-AUFQN,Female,0,No,No,25,Two year,Credit card (automatic),No,19.8,475.2,No,0.016106212654198343,Low
0980-PVMRC,Female,0,Yes,Yes,40,Month-to-month,Electronic check,DSL,50.85,2036.55,No,0.29610354219942403,Low
7233-DRTRF,Male,0,Yes,No,63,Month-to-month,Electronic check,Fiber optic,102.4,6444.05,No,0.39669140740779946,Medium
3500-RMZLT,Female,1,No,No,15,Month-to-month,Mailed check,Fiber optic,96.3,1426.75,Yes,0.42461120513381445,Medium
3873-NFTGI,Male,0,No,No,14,Month-to-month,Credit card (automatic),DSL,55.5,767.55,No,0.31798514110105597,Medium
1162-ECVII,Male,1,Yes,No,72,Two year,Bank transfer (automatic),Fiber optic,109.75,7932.5,No,0.08663639237121212,Low
7048-GXDAY,Male,0,No,No,39,Month-to-month,Electronic check,Fiber optic,106.4,4040.65,No,0.4795104700618312,Medium
8571-ZCMCX,Female,0,Yes,Yes,47,Two year,Credit card (automatic),DSL,60.0,2768.65,No,0.03453803707878519,Low
1169-WCVAK,Male,0,Yes,No,19,Month-to-month,Credit card (automatic),Fiber optic,88.8,1672.35,No,0.30559554851064097,Medium
4548-SDBKE,Female,0,No,No,5,Month-to-month,Electronic check,Fiber optic,85.2,474.8,Yes,0.7664850643052444,High
8066-POXGX,Female,0,No,No,13,Month-to-month,Electronic check,DSL,35.1,446.1,Yes,0.5896285702176428,Medium
7129-CAKJW,Female,0,No,No,17,Month-to-month,Bank transfer (automatic),Fiber optic,80.05,1345.65,No,0.46692749545672724,Medium
8695-ARGXZ,Male,1,Yes,No,34,Month-to-month,Electronic check,Fiber optic,75.55,2425.4,No,0.5250746058140686,Medium
3570-YUEKJ,Female,0,No,No,42,Month-to-month,Electronic check,DSL,49.55,2077.95,No,0.13709996463200913,Low
4143-OOBWZ,Male,0,Yes,No,5,Month-to-month,Electronic check,Fiber optic,81.3,416.3,Yes,0.6889344067481118,Medium
1555-HAPSU,Female,0,Yes,Yes,71,Two year,Credit card (automatic),No,23.9,1663.5,No,0.0016968233418862338,Low
1697-NVVGY,Male,1,Yes,No,19,Month-to-month,Bank transfer (automatic),DSL,66.4,1286.05,No,0.22027823618045694,Low
7854-EKTJL,Female,0,No,Yes,2,Month-to-month,Electronic check,No,19.6,35.85,Yes,0.2925437791278864,Low
8464-EETCQ,Male,0,No,No,57,Two year,Credit card (automatic),No,18.8,1094.35,No,0.0028999486299312216,Low
2419-FSORS,Male,0,Yes,No,72,Two year,Electronic check,Fiber optic,108.4,7719.5,No,0.08743676022219873,Low
8132-YPVBX,Female,0,No,No,6,Month-to-month,Mailed check,Fiber optic,85.95,514.6,No,0.5938942807316867,Medium
9102-IAYHT,Female,0,Yes,Yes,17,Month-to-month,Electronic check,Fiber optic,85.45,1451.6,Yes,0.6567176979618184,Medium
6754-LZUKA,Male,0,Yes,No,61,Two year,Bank transfer (automatic),DSL,80.9,4932.5,No,0.027336531672347463,Low
3422-LYEPQ,Male,0,Yes,Yes,1,Month-to-month,Electronic check,Fiber optic,71.0,71.0,Yes,0.6681276445818892,Medium
8099-MZPUJ,Male,0,Yes,Yes,48,Two year,Credit card (automatic),Fiber optic,111.8,5443.65,No,0.0494791114044368,Low
0787-LHDYT,Male,0,No,No,16,Month-to-month,Credit card (automatic),No,20.6,330.25,No,0.13416783983147607,Low
2642-DTVCO,Male,1,No,No,9,Month-to-month,Electronic check,Fiber optic,85.05,746.5,Yes,0.774940062488771,High
0374-IOEGQ,Female,0,No,No,3,Month-to-month,Electronic check,DSL,44.6,122.7,No,0.41989911069808905,Medium
4361-JEIVL,Male,0,No,Yes,1,Month-to-month,Electronic check,DSL,44.4,44.4,Yes,0.4838273107060034,Medium
3197-NNYNB,Male,0,No,No,65,Two year,Credit card (automatic),Fiber optic,105.1,6631.85,No,0.06765157733235133,Low
3396-DKDEL,Female,0,Yes,Yes,70,Two year,Credit card (automatic),Fiber optic,115.15,8250.0,No,0.04893380889996397,Low
1752-OZXFY,Male,0,Yes,No,60,One year,Mailed check,DSL,59.8,3561.15,No,0.028506792098360916,Low
9066-QRSDU,Female,0,Yes,No,69,One year,Electronic check,No,26.3,1763.55,No,0.010341421620801332,Low
9112-WSNPU,Female,1,No,No,35,Month-to-month,Electronic check,Fiber optic,70.55,2419.0,No,0.3714847520975069,Medium
9867-NNXLC,Female,0,No,No,22,Month-to-month,Mailed check,No,20.05,470.2,No,0.10610027780567492,Low
5321-NTRKC,Male,0,Yes,Yes,66,Two year,Bank transfer (automatic),DSL,79.85,5234.95,No,0.019150311001722257,Low
1363-TXLSL,Male,1,Yes,No,1,Month-to-month,Electronic check,Fiber optic,70.3,70.3,Yes,0.7428989123504518,High
9507-EXLTT,Female,0,Yes,No,1,Month-to-month,Bank transfer (automatic),Fiber optic,79.35,79.35,Yes,0.6800387412133627,Medium
3161-GETRM,Male,0,Yes,Yes,34,Month-to-month,Credit card (automatic),Fiber optic,90.05,3097.0,No,0.4251512795781657,Medium
0402-OAMEN,Female,0,Yes,Yes,72,Two year,Bank transfer (automatic),No,24.45,1709.1,No,0.0017792108293782328,Low
6933-VLYFX,Male,0,Yes,Yes,31,One year,Electronic check,DSL,59.95,1848.8,No,0.10898621754088204,Low
6754-WKSHP,Male,0,No,Yes,30,One year,Bank transfer (automatic),No,25.35,723.3,No,0.031682286075896175,Low
9846-GKXAS,Female,0,No,No,9,Month-to-month,Bank transfer (automatic),Fiber optic,90.8,809.75,Yes,0.672741743838493,Medium
6017-PPLPX,Male,0,Yes,Yes,20,Month-to-month,Electronic check,Fiber optic,70.45,1470.95,Yes,0.5041569899874705,Medium
4976-LNFVV,Male,1,Yes,No,19,Month-to-month,Credit card (automatic),DSL,34.3,577.15,No,0.35824081229810356,Medium
5055-MGMGF,Female,0,Yes,No,65,Month-to-month,Electronic check,Fiber optic,105.05,6914.95,No,0.36151837051658725,Medium
4641-FROLU,Female,0,Yes,Yes,30,Two year,Mailed check,No,19.3,602.9,No,0.010987696582910511,Low
2862-JVEOY,Male,0,No,No,6,One year,Mailed check,No,19.15,124.4,No,0.08735825421172008,Low
2969-QWUBZ,Female,0,No,No,2,Month-to-month,Electronic check,DSL,51.4,96.8,No,0.6405479422506286,Medium
9822-BIIGN,Male,0,Yes,Yes,53,Month-to-month,Electronic check,DSL,71.85,3827.9,No,0.06907760571885968,Low
2077-MPJQO,Male,1,Yes,No,7,Month-to-month,Electronic check,Fiber optic,75.4,533.05,No,0.7491865959407482,High
1534-OULXE,Female,0,Yes,Yes,61,One year,Bank transfer (automatic),DSL,49.7,2961.4,No,0.017335325683159254,Low
7136-RVDTZ,Male,1,No,No,70,One year,Electronic check,DSL,45.25,3264.45,Yes,0.08223072692302733,Low
2971-SGAFL,Female,0,No,No,13,Month-to-month,Electronic check,DSL,78.75,995.35,No,0.467464643138861,Medium
1480-IVEVR,Male,1,Yes,No,35,One year,Bank transfer (automatic),Fiber optic,81.6,2815.25,No,0.2981424994699237,Low
2905-KFQUV,Female,0,Yes,No,2,Month-to-month,Credit card (automatic),Fiber optic,70.4,154.8,No,0.6113759392913036,Medium
4581-SSPWD,Female,0,No,No,3,Month-to-month,Electronic check,Fiber optic,75.8,246.3,Yes,0.741215186993369,High
3370-HXOPH,Female,0,No,No,3,Month-to-month,Electronic check,Fiber optic,76.1,257.6,No,0.6710001297131538,Medium
9391-YZEJW,Female,0,No,No,62,One year,Bank transfer (automatic),Fiber optic,94.0,5757.2,No,0.21571808918972224,Low
9958-MEKUC,Male,0,Yes,Yes,72,Two year,Credit card (automatic),Fiber optic,103.95,7517.7,No,0.020150539128785543,Low
0281-CNTZX,Male,0,Yes,No,63,Two year,Bank transfer (automatic),No,19.95,1234.8,No,0.003316768529014146,Low
6927-WTFIV,Male,1,No,No,20,Month-to-month,Credit card (automatic),Fiber optic,71.3,1389.2,Yes,0.40830028635602106,Medium
4118-CEVPF,Female,1,No,No,35,One year,Bank transfer (automatic),Fiber optic,110.8,3836.3,No,0.24437053494595312,Low
3398-ZOUAA,Male,1,Yes,No,21,Month-to-month,Electronic check,Fiber optic,69.1,1474.75,Yes,0.5780671220992384,Medium
9114-VEPUF,Male,0,Yes,No,62,One year,Electronic check,Fiber optic,96.1,6001.45,No,0.11638451348288349,Low
7876-BEUTG,Female,0,No,No,15,Month-to-month,Mailed check,DSL,48.8,720.1,No,0.34827938120443197,Medium
2338-BQEZT,Female,0,No,No,55,Month-to-month,Credit card (automatic),DSL,50.55,2832.75,No,0.048593780305041474,Low
9873-MNDKV,Female,0,No,No,11,Month-to-month,Mailed check,DSL,44.65,472.25,No,0.33140852489910116,Medium
0378-NHQXU,Female,0,Yes,Yes,17,Month-to-month,Electronic check,Fiber optic,88.25,1460.65,Yes,0.5554779517932313,Medium
8241-JUIQO,Female,0,No,No,61,One year,Bank transfer (automatic),No,19.45,1336.35,No,0.005895191694227058,Low
2194-IIQOF,Female,0,Yes,No,71,Two year,Credit card (automatic),DSL,89.3,6388.65,No,0.010391526781157134,Low
4512-ZUIYL,Female,0,No,No,2,Month-to-month,Bank transfer (automatic),Fiber optic,70.0,153.05,Yes,0.5470781693071343,Medium
9631-RXVJM,Male,0,No,No,35,Two year,Mailed check,No,19.25,677.9,No,0.009550293316381055,Low
9584-EXCDZ,Female,0,No,No,17,Month-to-month,Bank transfer (automatic),Fiber optic,70.5,1165.6,No,0.40801543293397463,Medium
7969-AULMZ,Female,0,No,No,21,Month-to-month,Electronic check,Fiber optic,97.35,2119.5,Yes,0.7273209904154541,High
5093-FEGLU,Female,0,Yes,No,47,Two year,Bank transfer (automatic),No,19.65,921.55,No,0.0055769210631126396,Low
2621-UDNLU,Female,0,Yes,No,3,Month-to-month,Mailed check,No,20.85,72.0,No,0.186885017862017,Low
7526-IVLYU,Male,0,No,No,3,Month-to-month,Mailed check,No,19.65,68.35,No,0.23847521453554463,Low
2428-HYUNX,Male,1,Yes,No,44,Two year,Credit card (automatic),No,19.35,847.25,No,0.010094576721696894,Low
9214-EKVXR,Female,0,No,No,1,Month-to-month,Mailed check,DSL,44.0,44.0,No,0.43737644180983554,Medium
3410-MHHUM,Female,0,Yes,Yes,44,One year,Electronic check,Fiber optic,94.4,4295.35,No,0.21350801967358185,Low
0568-ONFPC,Male,0,Yes,Yes,5,Month-to-month,Bank transfer (automatic),No,25.9,135.0,Yes,0.24984951408652578,Low
0733-VUNUW,Male,0,No,No,24,Month-to-month,Bank transfer (automatic),DSL,55.65,1400.55,Yes,0.21576504109397762,Low
4550-EVXNY,Female,0,No,Yes,1,Month-to-month,Electronic check,Fiber optic,69.65,69.65,Yes,0.6701343634422278,Medium
2122-YWVYA,Female,0,No,No,18,Month-to-month,Electronic check,Fiber optic,75.4,1380.4,No,0.4700211737696536,Medium
2968-SSGAA,Female,0,No,No,10,Month-to-month,Electronic check,Fiber optic,100.6,1060.2,Yes,0.7731450962069503,High
2296-DKZFP,Female,0,Yes,No,65,Two year,Bank transfer (automatic),DSL,71.0,4386.2,No,0.00825923272649434,Low
4844-JJWUY,Female,1,No,No,1,Month-to-month,Electronic check,Fiber optic,86.0,86.0,Yes,0.7528571867993026,High
6777-TGHTM,Female,0,No,No,53,One year,Credit card (automatic),Fiber optic,106.95,5785.5,Yes,0.21948007465912794,Low
8909-BOLNL,Male,0,No,No,3,One year,Mailed check,No,21.2,52.05,No,0.10203635447205174,Low
6603-YRDCJ,Male,0,Yes,No,33,Two year,Mailed check,DSL,61.05,2018.4,No,0.019699163071126315,Low
3538-WZPHD,Male,0,No,No,3,Month-to-month,Electronic check,DSL,29.6,79.45,Yes,0.6073709107165431,Medium
3229-USWAR,Female,0,No,No,34,One year,Bank transfer (automatic),DSL,79.95,2727.3,No,0.08287296261292978,Low
2138-VFAPZ,Female,0,Yes,Yes,14,Two year,Mailed check,No,19.7,263.65,No,0.03515842950665538,Low
6131-JLWZM,Female,0,No,No,13,Month-to-month,Mailed check,No,20.3,275.4,No,0.15995639702604184,Low
4785-QRJHC,Male,1,Yes,No,46,One year,Bank transfer (automatic),DSL,59.9,2816.65,Yes,0.1148285730266361,Low
0269-XFESX,Male,0,Yes,Yes,23,One year,Mailed check,No,24.35,538.5,No,0.0417852718433799,Low
1709-EJDOX,Female,0,Yes,Yes,47,Two year,Mailed check,No,19.75,948.9,No,0.004531958078461983,Low
4316-XCSLJ,Male,0,No,Yes,17,Month-to-month,Mailed check,DSL,50.3,846.8,No,0.18039668542652093,Low
8610-WFCJF,Female,0,Yes,Yes,49,Month-to-month,Electronic check,Fiber optic,95.6,4783.5,Yes,0.5010638329952958,Medium
9693-XMUOB,Male,1,Yes,No,59,Month-to-month,Electronic check,DSL,50.25,2997.45,No,0.20671431103141996,Low
0383-CLDDA,Female,0,No,No,69,Two year,Credit card (automatic),DSL,85.35,5897.4,No,0.016858380882456905,Low
4905-JEFDW,Male,0,No,No,11,One year,Electronic check,DSL,41.6,470.6,Yes,0.4347565332269087,Medium
2709-UQGNP,Male,0,No,No,10,Month-to-month,Mailed check,DSL,51.65,524.5,No,0.26214579889676404,Low
3549-ZTMNH,Male,0,Yes,Yes,12,Two year,Bank transfer (automatic),No,24.0,269.65,No,0.0512477545817231,Low
7881-INRLC,Male,0,No,No,45,Month-to-month,Credit card (automatic),Fiber optic,100.85,4740.0,Yes,0.44904600909008513,Medium
8033-ATFAS,Female,0,Yes,Yes,39,Month-to-month,Mailed check,DSL,59.85,2341.5,No,0.14396922740107487,Low
1635-NZATJ,Male,1,Yes,No,71,Two year,Credit card (automatic),No,25.45,1789.65,No,0.002522926828539253,Low
0562-HKHML,Male,0,Yes,Yes,71,Two year,Credit card (automatic),No,23.9,1626.4,No,0.0016389153366258243,Low
8277-RVRSV,Female,0,Yes,Yes,33,One year,Credit card (automatic),No,24.15,800.3,No,0.025452785858840046,Low
9943-VSZUV,Male,1,No,No,67,Month-to-month,Mailed check,Fiber optic,75.7,5060.85,No,0.2015264311743427,Low
0117-LFRMW,Male,0,Yes,Yes,37,Month-to-month,Bank transfer (automatic),DSL,40.2,1448.8,Yes,0.08385098095165686,Low
6172-FECYY,Male,0,Yes,Yes,49,Month-to-month,Electronic check,Fiber optic,84.5,4254.85,Yes,0.32309605869175456,Medium
7054-ENNGU,Female,0,Yes,No,9,Month-to-month,Mailed check,DSL,50.85,466.6,No,0.250660721051125,Low
1455-HFBXA,Male,0,Yes,No,52,Two year,Credit card (automatic),Fiber optic,91.6,4627.8,No,0.042344970395774804,Low
9402-CXWPL,Female,0,No,No,70,One year,Electronic check,Fiber optic,98.9,6838.6,No,0.16217179238499194,Low
1628-BIZYP,Male,0,No,No,1,Month-to-month,Electronic check,Fiber optic,85.0,85.0,No,0.7049362436727593,High
1965-AKTSX,Female,1,No,No,14,Month-to-month,Electronic check,Fiber optic,78.95,1101.85,Yes,0.666737034568625,Medium
0082-LDZUE,Male,0,No,No,1,Month-to-month,Mailed check,DSL,44.3,44.3,No,0.4323686608550623,Medium
4786-UKSNZ,Male,0,No,No,1,Month-to-month,Mailed check,No,20.2,20.2,Yes,0.1979530743954573,Low
5343-SGUBI,Female,0,No,No,52,One year,Mailed check,Fiber optic,80.2,4297.6,No,0.14468581305689648,Low
0856-NAOES,Male,0,No,No,6,Month-to-month,Mailed check,DSL,60.9,414.1,No,0.3430295342688031,Medium
1976-AZZPJ,Male,0,Yes,No,7,Month-to-month,Mailed check,DSL,34.2,256.6,No,0.2982028467621766,Low
7248-VZQLC,Female,1,No,No,47,Month-to-month,Bank transfer (automatic),Fiber optic,85.2,3969.35,Yes,0.333969889006517,Medium
6156-UZDLF,Female,0,No,No,26,One year,Credit card (automatic),Fiber optic,87.15,2274.1,No,0.14328777197806716,Low
3099-OONVS,Male,0,Yes,Yes,25,Month-to-month,Electronic check,DSL,54.3,1296.8,No,0.09894676643377835,Low
9500-WBGRP,Male,0,No,No,69,Two year,Mailed check,No,19.1,1268.85,No,0.002191275459599373,Low
5183-KLYEM,Female,0,No,No,72,Two year,Credit card (automatic),Fiber optic,112.75,8192.6,No,0.048801768707765356,Low
5144-PQCDZ,Male,0,No,No,4,Month-to-month,Mailed check,No,19.95,59.25,No,0.22782303717065977,Low
8514-VZHEB,Male,0,Yes,Yes,59,Two year,Mailed check,No,19.5,1147.85,No,0.002319920068995413,Low
6625-IUTTT,Male,0,No,No,67,Two year,Bank transfer (automatic),DSL,65.55,4361.55,No,0.008434799377488257,Low
9355-NPPFS,Female,1,No,No,26,Month-to-month,Electronic check,Fiber optic,78.8,2006.1,No,0.5996666924358564,Medium
0068-FIGTF,Female,0,No,No,27,One year,Mailed check,DSL,78.2,2078.95,No,0.08375738740825413,Low
5965-GGPRW,Male,0,Yes,Yes,72,Two year,Bank transfer (automatic),Fiber optic,105.25,7609.75,No,0.04665711614074291,Low
8035-PWSEV,Female,0,No,No,6,Month-to-month,Electronic check,Fiber optic,89.25,487.05,No,0.614466033072317,Medium
2236-HILPA,Male,0,Yes,Yes,62,Two year,Credit card (automatic),No,20.65,1218.45,No,0.0019559808765879675,Low
1840-BIUOG,Male,0,No,No,20,One year,Electronic check,DSL,68.7,1416.2,No,0.19728158580008978,Low
1356-MKYSK,Male,0,No,No,6,Month-to-month,Credit card (automatic),DSL,78.65,483.3,No,0.22220120631727813,Low
6080-LNESI,Male,0,No,No,51,Two year,Mailed check,No,24.75,1234.6,No,0.005669555177154066,Low
1830-IPXVJ,Female,0,Yes,Yes,61,Two year,Credit card (automatic),No,19.75,1311.6,No,0.002170625900872772,Low
5828-DWPIL,Male,1,Yes,No,62,Month-to-month,Electronic check,Fiber optic,89.1,5618.3,No,0.23422784854588347,Low
8398-TBIYD,Female,0,No,No,72,Two year,Bank transfer (automatic),Fiber optic,84.7,6185.15,No,0.025093312541059034,Low
0011-IGKFF,Male,1,Yes,No,13,Month-to-month,Electronic check,Fiber optic,98.0,1237.85,Yes,0.7022143342925903,High
4192-GORJT,Male,0,Yes,No,5,Month-to-month,Electronic check,Fiber optic,94.45,498.1,Yes,0.7451127249744635,High
6496-SLWHQ,Male,1,No,No,3,Month-to-month,Electronic check,Fiber optic,105.0,294.45,Yes,0.8027534293400709,High
9912-GVSEQ,Female,1,Yes,No,26,Month-to-month,Electronic check,Fiber optic,93.85,2381.55,Yes,0.6308890545390191,Medium
2931-FSOHN,Male,1,No,No,13,Month-to-month,Electronic check,DSL,59.9,788.35,No,0.46109998394377333,Medium
9418-RUKPH,Female,0,Yes,Yes,38,Two year,Mailed check,No,19.95,756.4,No,0.010217208845579107,Low
5383-MMTWC,Female,1,Yes,No,8,Month-to-month,Electronic check,Fiber optic,84.0,613.4,Yes,0.7806923466483311,High
9971-ZWPBF,Male,1,Yes,Yes,34,Month-to-month,Electronic check,Fiber optic,108.9,3625.2,No,0.5227106124884926,Medium
4712-AUQZO,Male,0,No,No,18,Month-to-month,Mailed check,DSL,33.6,550.35,No,0.2144814579467102,Low
9711-FJTBX,Male,0,Yes,Yes,56,One year,Mailed check,Fiber optic,85.85,4793.8,No,0.06315067236468849,Low
2908-ZTPNF,Female,0,No,No,36,Month-to-month,Bank transfer (automatic),DSL,34.85,1267.2,No,0.14307730383175177,Low
7240-ETPTR,Female,0,Yes,No,9,Month-to-month,Electronic check,DSL,48.75,442.2,Yes,0.6730089914711932,Medium
2202-CUYXZ,Male,0,No,No,1,Month-to-month,Electronic check,Fiber optic,84.85,84.85,Yes,0.727345855578099,High
5995-OIGLP,Male,0,No,No,12,Month-to-month,Mailed check,DSL,56.65,654.85,Yes,0.1378269063831074,Low
8421-WZOOW,Female,1,Yes,Yes,57,Month-to-month,Credit card (automatic),Fiber optic,95.3,5567.45,No,0.19110088507217535,Low
6261-RCVNS,Female,0,No,No,42,One year,Credit card (automatic),DSL,73.9,3160.55,Yes,0.02806984679387265,Low
7951-QKZPL,Female,0,Yes,Yes,33,Two year,Mailed check,No,24.5,740.3,Yes,0.017186006144829114,Low
1414-YADCW,Male,0,Yes,No,70,Two year,Bank transfer (automatic),Fiber optic,84.6,5706.2,No,0.011233310082534451,Low
8756-RDDLT,Female,0,No,No,68,Month-to-month,Electronic check,DSL,44.95,3085.35,No,0.049676432675646864,Low
2862-PFNIK,Male,0,No,Yes,1,Month-to-month,Electronic check,DSL,24.7,24.7,No,0.636085911831812,Medium
5816-QVHRX,Female,0,No,No,37,Month-to-month,Credit card (automatic),Fiber optic,100.3,3541.4,No,0.3452830871321595,Medium
4430-YHXGG,Female,0,No,Yes,4,Month-to-month,Mailed check,No,25.45,84.2,No,0.24945426442526367,Low
6888-SBYAI,Male,0,No,No,1,Month-to-month,Mailed check,DSL,50.7,50.7,No,0.34051023262762514,Medium
7395-XWZOY,Male,0,No,No,20,Month-to-month,Credit card (automatic),DSL,55.0,1165.55,No,0.22194405537369608,Low
7169-YWAMK,Male,0,Yes,Yes,72,Two year,Bank transfer (automatic),DSL,68.4,4855.35,No,0.003734175712734546,Low
3640-PHQXK,Female,0,No,No,31,Month-to-month,Electronic check,Fiber optic,89.9,2806.9,Yes,0.5859025408645228,Medium
6877-LGWXO,Male,1,Yes,No,18,Month-to-month,Electronic check,Fiber optic,78.55,1422.65,Yes,0.580110966273758,Medium
6859-RKMZJ,Male,0,Yes,No,11,Month-to-month,Bank transfer (automatic),DSL,55.05,608.15,No,0.394842802769498,Medium
2729-VNVAP,Female,0,Yes,Yes,33,Two year,Credit card (automatic),No,19.8,641.35,No,0.009134000952049172,Low
2957-JIRMN,Female,1,No,No,62,One year,Electronic check,Fiber optic,84.45,4959.15,No,0.17183723184114322,Low
2049-BAFNW,Female,0,No,No,1,Month-to-month,Mailed check,DSL,35.9,35.9,No,0.40433379396688324,Medium
3842-QTGDL,Male,0,Yes,No,16,Month-to-month,Bank transfer (automatic),Fiber optic,80.75,1321.3,No,0.29714890678111877,Low
7163-OCEQI,Male,0,Yes,Yes,22,One year,Mailed check,DSL,78.65,1663.75,No,0.162525255734714,Low
9782-LGXMC,Female,0,Yes,Yes,49,Month-to-month,Bank transfer (automatic),DSL,61.75,3024.15,No,0.032599252320474996,Low
5975-BAICR,Male,0,Yes,Yes,36,One year,Credit card (automatic),DSL,63.7,2188.5,No,0.05845168142436926,Low
8019-ENHXU,Male,0,Yes,No,42,Month-to-month,Electronic check,Fiber optic,99.45,4138.05,Yes,0.3877280698545312,Medium
5167-GBFRE,Male,1,No,No,4,Month-to-month,Bank transfer (automatic),DSL,25.2,102.5,Yes,0.616962026845543,Medium
9033-EOXWV,Female,0,No,No,12,One year,Mailed check,DSL,74.05,872.65,Yes,0.1960124577172663,Low
4673-KKSLS,Female,0,No,No,31,Month-to-month,Electronic check,Fiber optic,87.6,2724.25,No,0.2281407915722994,Low
4853-OITSN,Male,0,Yes,No,5,Month-to-month,Electronic check,Fiber optic,89.15,413.25,No,0.678716567877875,Medium
9800-OUIGR,Male,0,Yes,Yes,66,Two year,Credit card (automatic),No,20.0,1374.2,No,0.0016140085761775303,Low
1324-NLTJE,Female,1,No,No,15,Month-to-month,Credit card (automatic),DSL,55.0,757.1,Yes,0.24218708571997022,Low
2324-EFHVG,Male,0,No,No,64,Two year,Bank transfer (automatic),Fiber optic,104.4,6692.65,No,0.1074220586998225,Low
7094-MSZAO,Male,0,Yes,Yes,10,Month-to-month,Credit card (automatic),No,20.05,218.5,No,0.15401967088706542,Low
1522-VVDMG,Male,0,Yes,Yes,7,Month-to-month,Electronic check,Fiber optic,89.75,608.8,Yes,0.5349228228541587,Medium
6907-CQGPN,Male,0,No,No,29,Month-to-month,Electronic check,DSL,34.3,1004.75,No,0.17770643314438658,Low
0780-XNZFN,Male,0,No,No,57,Two year,Bank transfer (automatic),No,20.65,1125.6,No,0.0032454342935728762,Low
0239-OXEXL,Female,0,No,No,46,Month-to-month,Mailed check,Fiber optic,84.25,3847.6,No,0.1617239149315918,Low
2675-IJRGJ,Male,0,No,No,53,Two year,Bank transfer (automatic),No,19.65,978.0,No,0.0038884394955125685,Low
7049-GKVZY,Female,0,No,No,17,One year,Credit card (automatic),DSL,79.85,1387.35,No,0.084620897529651,Low
8577-QSOCG,Female,0,Yes,Yes,38,Two year,Mailed check,No,20.2,746.05,No,0.01020487824269818,Low
3721-CNZHX,Male,0,No,No,15,One year,Mailed check,No,19.8,304.6,No,0.05645730505669747,Low
0212-ISBBF,Female,0,No,No,22,Month-to-month,Electronic check,DSL,50.35,1098.85,No,0.5125589299820797,Medium
9185-TQCVP,Male,0,Yes,No,14,Month-to-month,Electronic check,Fiber optic,85.15,1139.2,Yes,0.702091798899987,High
3585-YNADK,Female,0,Yes,No,57,One year,Bank transfer (automatic),DSL,74.6,4368.95,No,0.03488978511777272,Low
5271-DBYSJ,Male,1,No,No,11,Month-to-month,Credit card (automatic),Fiber optic,79.15,827.7,No,0.6244030118761781,Medium
1099-GODLO,Female,0,Yes,Yes,1,Two year,Mailed check,No,20.35,20.35,No,0.049241703008042426,Low
6828-HMKWP,Male,0,Yes,Yes,12,Two year,Bank transfer (automatic),No,21.05,262.05,No,0.029609820060670526,Low
5567-WSELE,Male,1,Yes,No,3,Month-to-month,Electronic check,Fiber optic,94.6,279.55,Yes,0.8359137528249965,High
1472-TNCWL,Male,0,No,Yes,36,Month-to-month,Electronic check,Fiber optic,94.7,3512.5,No,0.47992204969065594,Medium
8063-RJYNF,Male,0,No,No,16,Month-to-month,Electronic check,Fiber optic,94.25,1483.25,Yes,0.5946118409200808,Medium
0687-ZVTHB,Male,0,Yes,Yes,65,One year,Credit card (automatic),DSL,72.45,4653.85,Yes,0.01793839868116132,Low
2080-GKCWQ,Male,0,No,No,2,Month-to-month,Electronic check,Fiber optic,74.95,151.75,No,0.5718071484107486,Medium
9661-ACXBS,Female,0,No,No,42,Month-to-month,Electronic check,Fiber optic,105.2,4400.75,Yes,0.4976404870767846,Medium
2193-SFWQW,Male,0,Yes,Yes,72,Two year,Bank transfer (automatic),Fiber optic,111.95,8033.1,No,0.02506946664772068,Low
5656-JAMLX,Male,0,No,No,62,Two year,Bank transfer (automatic),No,19.85,1253.65,No,0.0024998582642743153,Low
3462-BJQQA,Female,0,No,No,6,Month-to-month,Electronic check,Fiber optic,89.75,552.65,No,0.7259287254360451,High
0442-TDYUO,Male,0,Yes,No,48,Two year,Mailed check,No,20.05,1036.0,No,0.007087558828486879,Low
6733-LRIZX,Male,0,No,No,35,Two year,Electronic check,Fiber optic,108.95,4025.5,No,0.17421564104553458,Low
9503-XJUME,Male,0,No,Yes,52,One year,Credit card (automatic),No,19.65,928.4,No,0.006760348904074151,Low
4367-NHWMM,Female,0,No,No,1,Month-to-month,Mailed check,DSL,24.9,24.9,No,0.5930256485500647,Medium
3727-RJMEO,Male,0,Yes,No,6,Month-to-month,Electronic check,Fiber optic,82.85,460.25,Yes,0.7473497273506525,High
3779-OSWCF,Female,0,Yes,No,71,Two year,Credit card (automatic),DSL,93.2,6506.15,No,0.011134618848076549,Low
6736-DHUQI,Female,0,Yes,Yes,67,One year,Bank transfer (automatic),Fiber optic,84.8,5598.3,No,0.032688621450441865,Low
3915-ODIYG,Male,1,No,No,60,One year,Electronic check,DSL,71.75,4374.55,No,0.06867959035045938,Low
1360-RCYRT,Male,0,Yes,Yes,23,Month-to-month,Bank transfer (automatic),DSL,30.35,678.75,No,0.23072739153731572,Low
2724-FJDYW,Male,0,No,Yes,39,One year,Bank transfer (automatic),DSL,54.85,2191.7,No,0.08576381679490998,Low
4451-RWASJ,Male,0,Yes,Yes,15,One year,Mailed check,No,19.5,239.75,No,0.06615134450060735,Low
6646-VRFOL,Male,1,Yes,No,53,Month-to-month,Electronic check,Fiber optic,103.85,5485.5,Yes,0.5226532680321746,Medium
3460-TJBWI,Male,0,Yes,Yes,24,Two year,Mailed check,No,24.2,609.05,No,0.019328957914954304,Low
5917-HBSDW,Female,0,Yes,Yes,37,Month-to-month,Electronic check,No,19.35,683.75,No,0.043375614259711724,Low
5685-IIXLY,Female,0,Yes,Yes,5,Month-to-month,Electronic check,Fiber optic,83.6,404.2,Yes,0.6441586002551346,Medium
5671-UUNXD,Female,1,Yes,No,50,One year,Electronic check,Fiber optic,100.65,5189.75,No,0.35215869434934544,Medium
0956-ACVZC,Female,0,No,No,54,One year,Credit card (automatic),Fiber optic,94.1,5060.9,No,0.1946770838576463,Low
2325-NBPZG,Female,0,No,No,3,Month-to-month,Electronic check,Fiber optic,74.55,233.65,No,0.5975667969084171,Medium
4250-ZBWLV,Male,0,No,No,68,One year,Electronic check,Fiber optic,108.45,7176.55,Yes,0.13320413981744864,Low
4482-FTFFX,Male,0,No,No,5,Month-to-month,Electronic check,DSL,56.15,291.45,No,0.3040779297543992,Medium
8859-DZTGQ,Male,0,No,No,33,Two year,Mailed check,No,20.35,689.75,No,0.010875424577399718,Low
0440-MOGPM,Female,0,No,No,41,One year,Electronic check,DSL,80.55,3263.9,No,0.18249800527655116,Low
0020-JDNXP,Female,0,Yes,Yes,34,One year,Mailed check,DSL,61.25,1993.2,No,0.07165519254585936,Low
3752-CQSJI,Female,0,Yes,Yes,13,Month-to-month,Mailed check,No,20.45,254.5,No,0.13970989480969098,Low
5025-GOOKI,Female,0,No,No,20,Month-to-month,Credit card (automatic),No,18.9,347.65,No,0.1103730504614789,Low
4698-KVLLG,Female,1,No,No,51,Two year,Credit card (automatic),No,19.6,967.9,No,0.005044816390157879,Low
5095-AESKG,Female,0,Yes,No,3,Month-to-month,Credit card (automatic),Fiber optic,91.5,242.95,Yes,0.6665181550663751,Medium
2887-JPYLU,Female,0,No,Yes,41,Month-to-month,Bank transfer (automatic),DSL,45.2,1841.9,No,0.07755706258825491,Low
4770-QAZXN,Female,0,No,No,13,Month-to-month,Credit card (automatic),No,19.45,232.1,No,0.11399374832279781,Low
4896-CPRPF,Male,0,Yes,Yes,35,Two year,Bank transfer (automatic),No,25.45,809.25,No,0.01164239714544437,Low
1871-MOWRM,Male,0,Yes,No,12,Month-to-month,Bank transfer (automatic),Fiber optic,80.85,866.45,Yes,0.2752901364425318,Low
9714-EDSUC,Male,0,No,No,4,Month-to-month,Mailed check,Fiber optic,94.9,360.55,No,0.4107431403851293,Medium
2027-OAQQC,Female,0,No,No,43,Month-to-month,Bank transfer (automatic),DSL,49.05,2076.2,Yes,0.25537145080647367,Low
0282-NVSJS,Female,1,Yes,Yes,12,Month-to-month,Mailed check,DSL,29.3,355.9,No,0.37930818012466316,Medium
9090-SGQXL,Male,1,Yes,No,68,Month-to-month,Electronic check,Fiber optic,105.3,7299.65,Yes,0.4483937685379399,Medium
6595-YGXIT,Male,1,No,No,25,Month-to-month,Electronic check,Fiber optic,88.95,2291.2,Yes,0.6422571330506737,Medium
7353-YOWFP,Female,0,No,No,7,One year,Mailed check,No,20.25,129.15,No,0.08534131599229587,Low
9835-ZIITK,Male,1,Yes,No,66,One year,Electronic check,Fiber optic,110.85,7491.75,Yes,0.2544732709676465,Low
8008-ESFLK,Female,0,Yes,No,53,One year,Electronic check,Fiber optic,110.5,5835.5,No,0.11788147161386929,Low
7537-CBQUZ,Male,1,No,No,63,Month-to-month,Bank transfer (automatic),Fiber optic,109.4,7031.45,No,0.32972153234826473,Medium
1555-DJEQW,Female,0,Yes,Yes,70,Two year,Bank transfer (automatic),Fiber optic,114.2,7723.9,Yes,0.045002425575839826,Low
5649-TJHOV,Male,1,Yes,No,27,Month-to-month,Bank transfer (automatic),DSL,36.5,1032.0,Yes,0.3266526637759851,Medium
0519-XUZJU,Female,0,No,No,1,Month-to-month,Mailed check,Fiber optic,70.75,70.75,Yes,0.54140226573595,Medium
3363-EWLGO,Female,0,No,No,5,Month-to-month,Mailed check,No,19.95,109.6,No,0.16987732963158628,Low
4750-UKWJK,Female,1,Yes,No,37,One year,Mailed check,No,19.6,727.8,No,0.023013924737836176,Low
6338-AVWCY,Male,0,No,No,3,Month-to-month,Mailed check,DSL,40.15,130.75,Yes,0.5996062187336997,Medium
1689-YQBYY,Female,0,No,Yes,12,Month-to-month,Electronic check,Fiber optic,76.6,893.0,No,0.6402155034429574,Medium
4487-ZYJZK,Female,0,Yes,Yes,38,One year,Credit card (automatic),No,19.6,763.1,No,0.01493188263066016,Low
2959-FENLU,Female,0,No,No,9,Month-to-month,Credit card (automatic),Fiber optic,85.3,781.4,No,0.5936410030142959,Medium
0708-LGSMF,Male,0,Yes,No,13,Month-to-month,Electronic check,DSL,65.85,902.25,No,0.4265074260476763,Medium
9253-QXKBE,Male,1,Yes,No,29,Month-to-month,Electronic check,Fiber optic,94.45,2653.65,Yes,0.6993845478907293,Medium
7634-HLQJR,Female,0,Yes,Yes,47,Two year,Credit card (automatic),No,20.05,1016.7,No,0.004525575146611656,Low
0487-RPVUM,Male,0,Yes,No,61,Month-to-month,Bank transfer (automatic),Fiber optic,99.4,5943.65,No,0.1312704248757878,Low
4079-ULGFR,Male,0,No,No,16,Month-to-month,Mailed check,No,20.0,275.7,No,0.09911217317902758,Low
2516-XSJKX,Female,0,Yes,Yes,41,Two year,Electronic check,DSL,78.45,3126.45,No,0.02229229945940774,Low
0057-QBUQH,Female,0,No,Yes,43,Two year,Electronic check,No,25.1,1070.15,No,0.015251170769722731,Low
9445-SZLCH,Female,0,Yes,Yes,36,Month-to-month,Bank transfer (automatic),Fiber optic,97.35,3457.9,Yes,0.41031989477840286,Medium
6599-SFQVE,Female,0,No,No,6,Month-to-month,Electronic check,DSL,55.0,340.4,No,0.5287894846174066,Medium
8331-ZXFOE,Female,0,No,No,58,One year,Credit card (automatic),DSL,71.1,4299.2,No,0.023603187112601766,Low
4003-FUSHP,Male,0,No,No,19,Month-to-month,Credit card (automatic),DSL,61.55,1093.2,No,0.2315770719317288,Low
0356-ERHVT,Male,0,Yes,No,11,Month-to-month,Bank transfer (automatic),DSL,45.9,521.9,No,0.34654702083005073,Medium
7325-ENZFI,Female,0,No,No,39,One year,Bank transfer (automatic),DSL,40.3,1630.4,No,0.05086716446118471,Low
4884-ZTHVF,Female,1,No,No,8,Month-to-month,Electronic check,Fiber optic,87.1,713.6,No,0.7105054841332059,High
3920-HIHMQ,Female,0,No,Yes,26,Month-to-month,Mailed check,DSL,49.5,1265.65,No,0.2220059169186061,Low
3055-OYMSE,Female,1,No,No,53,Month-to-month,Credit card (automatic),Fiber optic,73.8,4003.85,No,0.2108727652354107,Low
0613-WUXUM,Female,0,Yes,Yes,70,Two year,Mailed check,No,19.2,1401.4,No,0.00189246134001421,Low
7568-PODML,Male,0,No,No,1,Month-to-month,Mailed check,DSL,45.3,45.3,Yes,0.6787128099810815,Medium
4458-KVRBJ,Male,0,No,No,59,Two year,Mailed check,No,25.0,1510.5,No,0.003870667050534827,Low
5349-IECLD,Male,0,No,No,2,Month-to-month,Electronic check,Fiber optic,94.95,178.1,Yes,0.6909480538613088,Medium
1397-XKKWR,Male,0,No,No,7,One year,Mailed check,DSL,35.3,264.8,No,0.19786105946363444,Low
3945-GFWQL,Female,0,No,Yes,12,Month-to-month,Electronic check,DSL,44.55,480.6,Yes,0.3652717491055459,Medium
8097-OMULG,Male,0,Yes,Yes,59,One year,Credit card (automatic),DSL,76.75,4541.9,No,0.023755271015723545,Low
6013-BHCAW,Male,0,Yes,Yes,61,Two year,Bank transfer (automatic),DSL,81.0,4976.15,No,0.027461763478474854,Low
0401-WDBXM,Male,0,Yes,Yes,72,Two year,Bank transfer (automatic),Fiber optic,105.55,7542.25,No,0.0635372350203449,Low
3387-PLKUI,Female,0,Yes,Yes,13,Month-to-month,Mailed check,No,18.8,251.25,No,0.10173303459979814,Low
6096-EGVTU,Female,0,Yes,Yes,64,One year,Mailed check,No,24.9,1595.5,No,0.005515099912587845,Low
3797-VTIDR,Male,0,Yes,No,1,Month-to-month,Electronic check,DSL,23.45,23.45,Yes,0.6694916960757082,Medium
5081-NWSUP,Female,0,No,No,10,One year,Mailed check,DSL,64.9,685.55,No,0.12467868825756417,Low
2580-ATZSQ,Female,0,Yes,Yes,65,One year,Bank transfer (automatic),DSL,61.35,3874.1,No,0.010499652276404203,Low
8085-MSNLK,Female,0,Yes,No,62,Two year,Mailed check,Fiber optic,113.95,6891.4,No,0.0430848768832467,Low
9691-HKOVS,Female,0,Yes,No,55,One year,Electronic check,DSL,90.15,4916.95,No,0.07035927893088367,Low
9881-VCZEP,Female,0,Yes,No,25,Month-to-month,Electronic check,DSL,54.1,1373.0,No,0.23773168744684,Low
9526-BIHHD,Male,0,No,No,1,Month-to-month,Mailed check,DSL,29.7,29.7,Yes,0.4025677429639044,Medium
8757-TFHHJ,Male,0,No,No,1,Month-to-month,Credit card (automatic),DSL,49.8,49.8,No,0.3330802289751324,Medium
4523-WXCEF,Female,0,Yes,No,59,Month-to-month,Electronic check,Fiber optic,101.1,6039.9,Yes,0.36603116728568474,Medium
1468-DEFNC,Male,1,Yes,Yes,64,Two year,Bank transfer (automatic),No,24.4,1548.65,No,0.004615232863562636,Low
5119-KEPFY,Male,0,Yes,No,36,Month-to-month,Bank transfer (automatic),Fiber optic,95.0,3440.25,No,0.5432111711905787,Medium
8364-TRMMK,Female,0,No,No,3,Month-to-month,Mailed check,DSL,50.65,151.3,Yes,0.479450083542182,Medium
0916-KNFAJ,Male,0,Yes,No,61,Two year,Mailed check,DSL,69.9,4226.7,No,0.019184445249045716,Low
8319-QBEHW,Male,0,No,Yes,26,One year,Bank transfer (automatic),DSL,39.95,1023.75,No,0.17269537700682525,Low
3063-QFSZL,Female,0,No,No,1,Month-to-month,Electronic check,DSL,55.4,55.4,Yes,0.5802343288023715,Medium
8775-LHDJH,Female,1,Yes,No,1,Month-to-month,Electronic check,Fiber optic,90.6,90.6,Yes,0.7930682060223126,High
9625-QNLUX,Male,0,Yes,Yes,68,Two year,Credit card (automatic),Fiber optic,103.25,7074.4,No,0.04205157237688663,Low
3097-NQYSN,Male,1,Yes,No,2,Month-to-month,Mailed check,Fiber optic,86.85,156.35,Yes,0.7514704608297575,High
4024-CSNBY,Female,0,Yes,No,72,Two year,Bank transfer (automatic),Fiber optic,94.25,6849.75,No,0.024605072253461206,Low
7110-BDTWG,Female,0,Yes,No,71,Two year,Electronic check,DSL,47.05,3263.6,No,0.017703116033933215,Low
7493-GVFIO,Male,0,No,No,57,Two year,Credit card (automatic),No,20.55,1252.85,No,0.003094165577600757,Low
0690-SRQID,Male,0,No,No,4,Month-to-month,Mailed check,No,19.65,67.55,No,0.22784973788661553,Low
9605-WGJVW,Female,1,No,No,1,Month-to-month,Electronic check,Fiber optic,70.2,70.2,No,0.7466709961215106,High
9114-DPSIA,Male,0,Yes,Yes,72,Two year,Credit card (automatic),DSL,81.0,5750.0,No,0.005649088724668856,Low
4700-UBQMV,Male,0,Yes,Yes,21,One year,Bank transfer (automatic),DSL,75.9,1549.75,No,0.18118351920673142,Low
7711-GQBZC,Female,0,Yes,Yes,71,Two year,Bank transfer (automatic),No,24.7,1810.55,No,0.0019533886619547496,Low
3565-UNOCC,Female,1,Yes,No,29,Month-to-month,Bank transfer (automatic),Fiber optic,99.05,2952.85,Yes,0.6467555723634869,Medium
4627-MIHJH,Female,1,No,No,69,Two year,Credit card (automatic),Fiber optic,110.25,7467.55,No,0.04924394205779754,Low
9795-NREXC,Female,0,Yes,No,64,Two year,Credit card (automatic),DSL,85.0,5484.4,No,0.01979761718961681,Low
8573-CGOCC,Male,0,No,No,16,Month-to-month,Credit card (automatic),No,19.75,294.9,No,0.09721210299112418,Low
7356-AYNJP,Female,0,No,No,4,One year,Electronic check,No,23.9,97.5,No,0.16617507166715106,Low
9249-FXSCK,Female,0,No,No,52,One year,Credit card (automatic),Fiber optic,111.25,5916.45,Yes,0.15813988915642005,Low
5493-SDRDQ,Male,0,No,No,2,Month-to-month,Mailed check,DSL,55.1,113.35,Yes,0.3188201414451495,Medium
6286-SUUWT,Male,0,No,No,1,Month-to-month,Mailed check,No,19.95,19.95,No,0.19761096397336553,Low
4819-HJPIW,Male,0,No,No,18,Month-to-month,Mailed check,DSL,25.15,476.8,No,0.29896960474539197,Low
8654-DHAOW,Female,0,No,No,2,Month-to-month,Mailed check,DSL,54.15,101.65,No,0.36045376678407065,Medium
5438-QMDDL,Female,0,Yes,No,19,Month-to-month,Mailed check,DSL,59.8,1130.85,No,0.28075981827123647,Low
9812-GHVRI,Female,0,No,No,40,Month-to-month,Bank transfer (automatic),Fiber optic,83.85,3532.25,No,0.364589134056061,Medium
5553-AOINX,Female,1,Yes,Yes,66,One year,Electronic check,Fiber optic,104.9,6891.45,No,0.26290504812122995,Low
1228-ZLNBX,Male,0,No,No,21,Month-to-month,Mailed check,Fiber optic,75.3,1570.7,No,0.41908651925424945,Medium
4226-KKDON,Male,0,No,No,8,Month-to-month,Electronic check,DSL,66.65,520.95,No,0.37328596701071065,Medium
3831-YCPUO,Female,0,Yes,Yes,72,Two year,Credit card (automatic),Fiber optic,109.5,7854.9,No,0.03056761296597376,Low
7445-WMRBW,Female,0,No,No,48,One year,Bank transfer (automatic),DSL,73.85,3581.4,No,0.06290967533564462,Low
3308-DGHKL,Male,0,No,No,69,Two year,Bank transfer (automatic),No,19.3,1447.9,No,0.002471865544790698,Low
9924-JPRMC,Male,0,No,No,72,Two year,Electronic check,Fiber optic,118.2,8547.15,No,0.07968700087635722,Low
0080-EMYVY,Female,0,No,No,14,One year,Credit card (automatic),DSL,51.45,727.85,No,0.11854173582959132,Low
6218-KNUBD,Male,0,No,No,6,Month-to-month,Electronic check,DSL,59.45,357.6,No,0.3918209086969797,Medium
7337-CINUD,Female,0,Yes,Yes,8,Two year,Bank transfer (automatic),No,19.5,159.35,No,0.036421632357111995,Low
7609-NRNCA,Female,0,No,No,17,One year,Mailed check,No,19.55,280.85,No,0.051115709004405555,Low
0623-EJQEG,Male,0,No,No,65,One year,Electronic check,Fiber optic,93.55,6069.25,No,0.08269964136450125,Low
7153-CHRBV,Female,0,Yes,Yes,57,One year,Mailed check,DSL,59.3,3274.35,No,0.014823793957939152,Low
0871-URUWO,Male,0,Yes,No,13,Month-to-month,Credit card (automatic),Fiber optic,102.25,1359.0,Yes,0.6788883229867516,Medium
9190-MFJLN,Male,1,No,No,19,Month-to-month,Credit card (automatic),Fiber optic,95.9,1777.9,Yes,0.6189023028263531,Medium
6198-PNNSZ,Female,0,Yes,No,56,One year,Bank transfer (automatic),Fiber optic,109.8,6109.65,No,0.142696697602985,Low
3317-VLGQT,Female,0,Yes,No,14,Month-to-month,Electronic check,Fiber optic,78.1,1122.4,No,0.6497212596587785,Medium
4132-POCZS,Male,0,Yes,No,52,Month-to-month,Electronic check,DSL,39.9,2020.9,No,0.13367056652599085,Low
5614-DNZCE,Female,0,No,No,58,Two year,Credit card (automatic),DSL,64.9,3795.45,No,0.007471911586865095,Low
1095-JUDTC,Female,1,No,No,47,Month-to-month,Electronic check,Fiber optic,95.05,4504.55,Yes,0.4119726401314084,Medium
3896-RCYYE,Female,0,No,No,67,Month-to-month,Credit card (automatic),DSL,53.4,3579.15,No,0.07721003495114873,Low
9638-JIQYA,Male,0,No,No,2,Month-to-month,Credit card (automatic),DSL,24.9,49.7,No,0.5687464822299197,Medium
3258-SANFR,Male,1,No,No,6,Month-to-month,Credit card (automatic),DSL,44.7,276.5,No,0.34285707908489355,Medium
3726-TBHQT,Male,0,Yes,Yes,71,Two year,Bank transfer (automatic),Fiber optic,114.0,8175.9,No,0.04765991614091881,Low
3190-ITQXP,Female,0,Yes,Yes,46,Two year,Bank transfer (automatic),No,20.25,890.35,No,0.0050400115139979515,Low
0870-VEMYL,Female,0,No,No,5,Month-to-month,Credit card (automatic),DSL,53.85,259.8,Yes,0.17209998856013342,Low
4833-QTJNO,Male,1,Yes,No,67,Month-to-month,Bank transfer (automatic),Fiber optic,83.85,5588.8,No,0.11064160388470311,Low
3039-MJSLN,Male,0,No,Yes,3,Month-to-month,Bank transfer (automatic),No,20.2,50.6,No,0.16773983415942093,Low
0178-CIIKR,Female,0,No,No,3,Month-to-month,Mailed check,No,19.95,58.0,No,0.18473802111259294,Low
5385-SUIRI,Male,1,Yes,No,52,Month-to-month,Electronic check,Fiber optic,104.2,5568.35,Yes,0.48826214044269933,Medium
3982-XWFZQ,Female,0,Yes,No,42,Month-to-month,Electronic check,DSL,50.25,2203.65,Yes,0.2018056859277446,Low
5774-QPLTF,Male,0,Yes,Yes,50,One year,Mailed check,No,20.35,938.95,No,0.011107902006042284,Low
2322-VCZHZ,Male,1,Yes,No,23,Month-to-month,Electronic check,Fiber optic,90.0,2024.1,No,0.49943340207169223,Medium
5010-IPEAQ,Female,0,Yes,Yes,67,Two year,Credit card (automatic),DSL,54.2,3623.95,No,0.005664654640473638,Low
4009-ALQFH,Female,0,No,No,25,Month-to-month,Electronic check,Fiber optic,99.5,2369.05,Yes,0.5817009785007362,Medium
6383-ZTSIW,Female,1,Yes,No,39,One year,Mailed check,Fiber optic,99.1,3877.95,No,0.176478031796095,Low
8990-YOZLV,Female,0,No,No,69,Two year,Mailed check,DSL,66.9,4577.9,No,0.007000571181077062,Low
3069-SSVSN,Female,0,No,No,1,One year,Mailed check,DSL,25.85,25.85,No,0.34598270247142654,Medium
5222-IMUKT,Male,0,No,No,32,Month-to-month,Electronic check,Fiber optic,91.05,2871.5,No,0.4875326265367332,Medium
3627-FCRDW,Female,0,No,No,9,Month-to-month,Electronic check,Fiber optic,71.0,672.55,Yes,0.5619090865791486,Medium
7562-GSUHK,Female,0,No,No,16,Month-to-month,Credit card (automatic),Fiber optic,93.2,1573.7,Yes,0.5162030526401227,Medium
6685-XSHHU,Male,0,Yes,Yes,60,Two year,Bank transfer (automatic),No,20.95,1270.55,No,0.0034559288465057757,Low
8901-UPRHR,Female,0,Yes,Yes,72,Two year,Bank transfer (automatic),Fiber optic,109.2,7711.45,No,0.05869988571326549,Low
4903-UYAVB,Male,0,Yes,No,5,Month-to-month,Mailed check,No,19.35,126.05,Yes,0.16701269536102167,Low
0118-JPNOY,Female,1,No,No,26,Month-to-month,Credit card (automatic),Fiber optic,85.8,2193.65,No,0.4204262608170442,Medium
6776-TLWOI,Male,0,No,No,3,Month-to-month,Mailed check,No,19.85,64.55,Yes,0.1814908077772929,Low
3845-FXCYS,Male,0,No,No,2,Month-to-month,Electronic check,No,19.65,31.2,No,0.320582414634122,Medium
5857-XRECV,Female,0,No,Yes,2,One year,Bank transfer (automatic),No,20.5,38.25,No,0.10003998423232567,Low
0725-CXOTM,Female,0,No,No,36,One year,Credit card (automatic),DSL,89.65,3348.1,No,0.10592489912370333,Low
4343-EJVQB,Male,0,No,No,7,Month-to-month,Mailed check,Fiber optic,74.35,533.6,No,0.3825450142648617,Medium
9000-PLFUZ,Female,1,Yes,No,60,Two year,Credit card (automatic),DSL,49.45,2907.55,No,0.03782017277580906,Low
3427-GGZZI,Female,0,Yes,No,19,Month-to-month,Electronic check,Fiber optic,89.1,1620.8,No,0.6347456517027105,Medium
7779-ORAEL,Male,1,Yes,No,45,Two year,Credit card (automatic),DSL,75.15,3480.35,No,0.022778277735397794,Low
0644-OQMDK,Male,1,No,No,4,Month-to-month,Electronic check,Fiber optic,70.65,293.85,No,0.7222002900876898,High
4077-CROMM,Female,0,Yes,Yes,31,Month-to-month,Electronic check,Fiber optic,104.2,3243.45,Yes,0.5342688413322468,Medium
3154-CFSZG,Male,0,Yes,Yes,47,Month-to-month,Electronic check,Fiber optic,90.05,4137.2,No,0.2075434019324623,Low
2868-MZAGQ,Male,0,No,No,1,Month-to-month,Electronic check,Fiber optic,79.25,79.25,Yes,0.7387029467532482,High
4847-QNOKA,Female,0,No,No,1,Month-to-month,Bank transfer (automatic),DSL,44.9,44.9,Yes,0.4546315309161043,Medium
2220-IAHLS,Female,0,No,No,1,Month-to-month,Credit card (automatic),No,19.4,19.4,No,0.196458871797001,Low
1658-XUHBX,Female,1,Yes,Yes,59,Month-to-month,Credit card (automatic),Fiber optic,88.75,5348.65,No,0.3014440123023212,Medium
6379-RXJRQ,Male,0,Yes,No,10,Month-to-month,Electronic check,Fiber optic,70.1,659.65,Yes,0.6231909192696388,Medium
2378-HTWFW,Male,1,No,No,35,Month-to-month,Credit card (automatic),Fiber optic,91.0,3180.5,No,0.34177065043372556,Medium
8650-RHRKE,Male,0,No,No,4,Month-to-month,Electronic check,DSL,29.65,118.5,Yes,0.6253599482839945,Medium
4377-VDHYI,Male,0,Yes,Yes,32,One year,Electronic check,Fiber optic,90.8,3023.85,No,0.2221869194228035,Low
0475-RIJEP,Male,0,No,No,43,Month-to-month,Electronic check,Fiber optic,77.85,3365.85,Yes,0.36698570291399746,Medium
1260-TTRXI,Male,0,No,No,4,Month-to-month,Electronic check,DSL,54.3,195.3,Yes,0.4533804794328173,Medium
3719-TDVQB,Female,1,Yes,No,54,Two year,Mailed check,No,18.95,1031.1,No,0.006220194250738557,Low
6328-ZPBGN,Female,1,No,No,11,Month-to-month,Bank transfer (automatic),Fiber optic,95.15,997.65,Yes,0.7517848247111629,High
0201-MIBOL,Female,1,No,No,66,Two year,Bank transfer (automatic),Fiber optic,102.4,6471.85,No,0.09806666211729098,Low
4937-QPZPO,Male,0,Yes,Yes,61,One year,Electronic check,Fiber optic,99.9,6241.35,No,0.2689276052489768,Low
2925-VDZHY,Male,0,Yes,Yes,72,Two year,Credit card (automatic),DSL,88.7,6501.35,No,0.00846305210083651,Low
6981-TDRFT,Male,0,Yes,Yes,44,One year,Electronic check,DSL,54.3,2317.1,No,0.12147254386011387,Low
3413-CSSTH,Male,0,No,No,41,Month-to-month,Bank transfer (automatic),DSL,55.7,2237.55,No,0.15695600993486505,Low
8033-VCZGH,Male,0,Yes,No,50,One year,Electronic check,Fiber optic,103.95,5231.3,No,0.2839022720559617,Low
4789-KWMXN,Male,0,Yes,No,47,One year,Credit card (automatic),Fiber optic,110.85,5275.8,Yes,0.18514058531371608,Low
0224-NIJLP,Male,0,Yes,Yes,8,Two year,Mailed check,No,20.15,165.5,No,0.03379127260647923,Low
7542-CYDDM,Male,0,No,No,18,Month-to-month,Mailed check,No,20.05,358.5,No,0.09123054164930225,Low
4718-WXBGI,Male,0,Yes,Yes,72,Two year,Credit card (automatic),DSL,91.95,6614.9,No,0.01268322319980089,Low
2867-UIMSS,Male,0,No,No,1,Month-to-month,Electronic check,Fiber optic,80.5,80.5,Yes,0.6691505741827591,Medium
8495-PRWFH,Female,1,No,No,42,Month-to-month,Electronic check,DSL,55.65,2421.75,No,0.18350912247555443,Low
0439-IFYUN,Female,1,No,No,18,Month-to-month,Electronic check,Fiber optic,74.7,1294.6,No,0.5706034964331305,Medium
5716-LIBJC,Female,0,No,Yes,13,One year,Credit card (automatic),Fiber optic,104.15,1299.1,No,0.42957526866243945,Medium
2868-LLSKM,Female,0,Yes,Yes,68,One year,Bank transfer (automatic),Fiber optic,83.65,5733.4,No,0.060250404438991705,Low
8111-RKSPX,Male,0,No,No,4,Month-to-month,Bank transfer (automatic),Fiber optic,72.2,305.55,Yes,0.6589425266730002,Medium
2988-QRAJY,Male,0,No,No,69,Two year,Credit card (automatic),Fiber optic,110.05,7430.75,No,0.06520222482558839,Low
1585-MQSSU,Male,0,No,No,17,Month-to-month,Mailed check,DSL,51.5,900.5,Yes,0.1611266109825748,Low
0071-NDAFP,Male,0,Yes,Yes,25,Two year,Credit card (automatic),No,25.5,630.6,No,0.018098639328418896,Low
2856-NNASM,Male,1,No,No,43,Month-to-month,Mailed check,Fiber optic,89.55,3856.75,Yes,0.4489167624229527,Medium
7328-ZJAJO,Female,0,Yes,Yes,59,Two year,Credit card (automatic),No,19.5,1222.65,No,0.002369713719953658,Low
6458-CYIDZ,Female,1,No,No,5,Month-to-month,Electronic check,Fiber optic,80.7,374.8,No,0.505208165223648,Medium
8559-CIZFV,Male,0,Yes,Yes,21,One year,Mailed check,DSL,77.5,1625.0,Yes,0.06729502528333672,Low
1090-PYKCI,Female,0,Yes,Yes,69,One year,Credit card (automatic),Fiber optic,105.1,7234.8,No,0.06457141289023234,Low
3058-WQDRE,Male,0,No,No,13,Month-to-month,Bank transfer (automatic),DSL,25.15,331.85,No,0.4514729134727869,Medium
7547-EKNFS,Male,0,Yes,No,42,Month-to-month,Bank transfer (automatic),Fiber optic,95.25,3959.35,Yes,0.39116404167271085,Medium
2279-AXJJK,Male,0,Yes,No,52,Month-to-month,Credit card (automatic),Fiber optic,95.65,5088.4,No,0.2553724561686319,Low
6769-DYBQN,Male,1,No,No,46,Month-to-month,Electronic check,Fiber optic,85.0,3969.4,Yes,0.2859026947761231,Low
0909-SELIE,Male,0,Yes,No,61,Two year,Bank transfer (automatic),DSL,80.8,4860.85,No,0.014554068346789193,Low
3417-TSCIC,Male,0,No,No,29,One year,Mailed check,DSL,24.85,788.05,No,0.14974132480461233,Low
1042-HFUCW,Female,0,No,Yes,25,One year,Credit card (automatic),DSL,54.75,1266.35,No,0.06378546506809002,Low
4439-JMPMT,Female,0,Yes,Yes,5,Month-to-month,Electronic check,Fiber optic,85.75,470.95,Yes,0.6039683118803699,Medium
6537-OTKMY,Male,0,No,No,15,One year,Electronic check,DSL,50.75,688.2,No,0.3577969111755293,Medium
8999-EXMNO,Female,0,Yes,Yes,19,Two year,Mailed check,No,20.15,387.7,No,0.019638551271486344,Low
6725-TPKJO,Male,0,No,No,44,Two year,Mailed check,No,20.05,845.25,No,0.00597448364827111,Low
2446-BEGGB,Female,1,No,No,6,Month-to-month,Electronic check,Fiber optic,98.25,560.6,Yes,0.797899861538913,High
7162-WPHPM,Male,0,Yes,Yes,58,Two year,Credit card (automatic),DSL,71.6,4230.25,No,0.0065688861841825385,Low
1599-MMYRQ,Male,0,Yes,Yes,62,One year,Credit card (automatic),Fiber optic,81.45,4983.05,No,0.04811937598722292,Low
8821-KVZKQ,Female,0,Yes,Yes,70,One year,Bank transfer (automatic),DSL,58.4,4113.15,No,0.03208919992882267,Low
1496-GGSUK,Female,1,No,No,1,Month-to-month,Mailed check,DSL,25.7,25.7,Yes,0.6444637485747088,Medium
6434-TTGJP,Male,0,Yes,Yes,10,Two year,Credit card (automatic),DSL,53.7,521.0,No,0.05737091002841274,Low
0042-JVWOJ,Male,0,No,No,26,One year,Bank transfer (automatic),No,19.6,471.85,No,0.0470755760424009,Low
0130-SXOUN,Male,0,No,No,66,Month-to-month,Credit card (automatic),Fiber optic,89.4,5976.9,No,0.16827391026219612,Low
2575-GFSOE,Female,0,Yes,Yes,7,Month-to-month,Electronic check,Fiber optic,69.0,506.9,Yes,0.6200678157143673,Medium
2330-PQGDQ,Male,0,Yes,Yes,51,One year,Bank transfer (automatic),Fiber optic,84.2,4299.75,No,0.07164196279105439,Low
1452-UZOSF,Male,0,Yes,Yes,72,Two year,Credit card (automatic),Fiber optic,106.1,7548.6,No,0.02870292435165524,Low
2097-YVPKN,Male,0,No,No,65,Two year,Mailed check,No,25.75,1654.75,No,0.002862026563806414,Low
2842-JTCCU,Male,0,No,No,2,Month-to-month,Bank transfer (automatic),DSL,46.05,80.35,Yes,0.3568759783753887,Medium
8597-CTXVJ,Male,0,No,Yes,70,One year,Bank transfer (automatic),DSL,64.95,4551.5,No,0.00862071925102084,Low
6631-HMANX,Male,0,Yes,No,72,Two year,Credit card (automatic),DSL,85.45,6227.5,No,0.019226130917887937,Low
9962-BFPDU,Female,0,Yes,Yes,1,Month-to-month,Mailed check,No,20.05,20.05,No,0.1778175296652786,Low
3296-SILRA,Female,1,Yes,No,1,Month-to-month,Mailed check,Fiber optic,76.4,76.4,Yes,0.6355586759190746,Medium
9681-OXGVC,Female,0,No,No,5,Month-to-month,Electronic check,Fiber optic,100.5,514.0,Yes,0.7936809316569867,High
6394-HHHZM,Male,0,No,No,3,Month-to-month,Mailed check,No,20.7,57.5,No,0.18220715356802128,Low
5995-LFTLE,Male,0,No,No,58,Two year,Credit card (automatic),No,25.3,1474.35,No,0.005595832977870101,Low
5180-UCIIQ,Male,1,Yes,Yes,22,Month-to-month,Mailed check,DSL,40.05,880.2,Yes,0.24816470211499925,Low
1932-UEDCX,Male,1,Yes,No,33,Month-to-month,Bank transfer (automatic),Fiber optic,100.6,3270.25,No,0.5833829875250119,Medium
7153-OANIO,Male,0,No,No,1,Month-to-month,Electronic check,Fiber optic,69.95,69.95,Yes,0.6221626404588959,Medium
5188-HGMLP,Male,1,Yes,No,54,Month-to-month,Bank transfer (automatic),Fiber optic,74.0,3919.15,No,0.2198510599807447,Low
0665-XHDJU,Male,0,Yes,No,72,Two year,Electronic check,Fiber optic,99.4,7285.7,No,0.11454419174817841,Low
6521-YYTYI,Male,0,No,Yes,1,Month-to-month,Electronic check,Fiber optic,93.3,93.3,Yes,0.7869633503121753,High
8878-HMWBV,Male,0,No,No,3,Month-to-month,Electronic check,DSL,49.15,169.05,Yes,0.48914621575087214,Medium
8265-HKSOW,Female,0,Yes,Yes,72,Two year,Credit card (automatic),Fiber optic,107.45,7658.3,No,0.02215368166748891,Low
3544-FBCAS,Female,0,Yes,Yes,72,Two year,Credit card (automatic),DSL,83.6,5959.3,No,0.01488663295993008,Low
5331-RGMTT,Male,1,Yes,No,54,Month-to-month,Credit card (automatic),Fiber optic,99.05,5295.7,No,0.44052535283054994,Medium
4759-PXTAN,Female,0,Yes,No,59,One year,Electronic check,DSL,80.1,4693.2,No,0.08068136358864511,Low
7054-DMVAS,Male,0,No,No,54,Two year,Bank transfer (automatic),DSL,65.3,3512.9,No,0.016997714918091232,Low
3428-MMGUB,Male,0,No,No,60,Two year,Electronic check,Fiber optic,89.55,5231.2,No,0.1124823831997848,Low
6549-BTYPG,Female,0,Yes,No,60,Two year,Credit card (automatic),DSL,60.8,3603.45,No,0.018152385683231784,Low
7823-JSOAG,Male,0,No,No,3,Month-to-month,Electronic check,Fiber optic,74.5,217.45,No,0.6600841563233332,Medium
3705-RHRFR,Female,0,Yes,No,69,Two year,Bank transfer (automatic),Fiber optic,99.15,6875.35,No,0.05469521405862684,Low
9374-YOLBJ,Female,0,Yes,Yes,1,Month-to-month,Electronic check,No,19.25,19.25,No,0.23586381974713444,Low
9074-KGVOX,Male,0,Yes,Yes,50,Month-to-month,Credit card (automatic),DSL,39.45,2021.35,No,0.09037457408549208,Low
6128-DAFVY,Female,0,No,No,56,Month-to-month,Credit card (automatic),DSL,44.85,2564.95,No,0.15305847501436692,Low
9933-QRGTX,Female,0,Yes,No,60,Two year,Electronic check,Fiber optic,97.2,5611.75,No,0.06263706039790634,Low
4476-OSWTN,Male,1,Yes,No,69,One year,Mailed check,Fiber optic,110.55,7610.1,No,0.1411273767901589,Low
3751-KTZEL,Female,0,No,No,1,Month-to-month,Mailed check,DSL,35.05,35.05,Yes,0.5579810959247004,Medium
1977-STDKI,Female,1,No,No,1,Month-to-month,Electronic check,Fiber optic,73.0,73.0,Yes,0.7083059135852869,High
5066-GFJMM,Female,0,Yes,No,3,Month-to-month,Mailed check,No,19.9,45.75,No,0.242144576711735,Low
2661-GKBTK,Male,0,Yes,Yes,60,Two year,Bank transfer (automatic),DSL,76.95,4543.95,No,0.012794760419132958,Low
0458-HEUZG,Female,0,No,No,13,Two year,Mailed check,DSL,35.4,450.4,No,0.0830477558428113,Low
7268-WNTCP,Male,0,Yes,Yes,62,Two year,Bank transfer (automatic),No,20.45,1297.35,No,0.0021852146358970924,Low
0824-VWDPO,Female,0,No,No,45,One year,Bank transfer (automatic),Fiber optic,96.75,4442.75,No,0.14283479161711435,Low
8409-WQJUX,Female,0,No,No,25,One year,Electronic check,DSL,54.2,1423.15,No,0.2127109555116063,Low
2578-JQPHZ,Male,0,No,No,44,Two year,Bank transfer (automatic),Fiber optic,100.1,4378.35,No,0.07940285972587205,Low
3278-FSIXX,Female,0,No,No,2,Month-to-month,Mailed check,DSL,45.25,74.2,No,0.4277602159155351,Medium
5813-UECBU,Male,1,No,No,33,Month-to-month,Credit card (automatic),Fiber optic,83.85,2716.3,Yes,0.4054935803368232,Medium
0328-GRPMV,Female,0,No,No,1,Month-to-month,Electronic check,Fiber optic,70.1,70.1,Yes,0.7044686823244424,High
9746-UGFAC,Female,0,No,No,22,One year,Bank transfer (automatic),No,20.85,450.65,No,0.04351593142887492,Low
2946-KIQSP,Female,0,No,No,35,Month-to-month,Mailed check,DSL,33.45,1175.85,No,0.15301179577601864,Low
0625-AFOHS,Female,0,Yes,Yes,29,Two year,Mailed check,No,20.2,558.8,No,0.011574364668819307,Low
6726-WEXXK,Male,1,Yes,No,27,One year,Electronic check,Fiber optic,85.9,2220.1,No,0.33624966236604265,Medium
4636-OLWOE,Male,0,No,Yes,54,One year,Electronic check,DSL,61.0,3283.05,No,0.031109144431795754,Low
4342-HENTK,Female,1,No,No,2,Month-to-month,Electronic check,Fiber optic,70.65,142.35,Yes,0.7404816375554887,High
4685-ERGHK,Male,0,No,No,57,One year,Electronic check,Fiber optic,86.9,4939.25,No,0.24022577194515216,Low
0885-HMGPY,Male,0,No,No,62,Two year,Bank transfer (automatic),DSL,69.4,4237.5,No,0.006495126218296187,Low
5003-OKNNK,Female,0,Yes,Yes,15,One year,Credit card (automatic),No,20.35,335.95,No,0.049365419950547926,Low
4195-SMMNX,Male,0,No,No,2,Month-to-month,Mailed check,No,20.35,33.2,Yes,0.18955086449395916,Low
7208-PSIHR,Female,0,Yes,No,70,Two year,Bank transfer (automatic),Fiber optic,104.3,7188.5,No,0.0765749458779492,Low
4012-ZTHBR,Female,0,Yes,Yes,21,Month-to-month,Electronic check,DSL,44.95,926.25,No,0.28137385703078155,Low
0489-WMEMG,Female,0,No,Yes,23,One year,Electronic check,DSL,49.45,1119.35,No,0.11377256028958724,Low
7435-ZNUYY,Male,0,No,No,6,One year,Mailed check,No,20.6,116.6,No,0.08812342887235391,Low
1354-YZFNB,Male,0,Yes,Yes,4,Two year,Credit card (automatic),No,19.55,68.8,No,0.04001200187532084,Low
6956-SMUCM,Female,0,No,No,3,Month-to-month,Credit card (automatic),Fiber optic,99.0,287.4,Yes,0.5866961601714462,Medium
2985-FMWYF,Female,0,No,No,23,Month-to-month,Electronic check,Fiber optic,93.5,2341.55,No,0.7112489749406655,High
2812-ENYMO,Male,0,No,No,26,One year,Credit card (automatic),DSL,54.55,1362.85,No,0.10491692618918978,Low
2717-HVIZY,Female,0,No,Yes,8,Month-to-month,Mailed check,No,20.05,163.6,No,0.1298818621447081,Low
3223-WZWJM,Male,0,No,No,26,Month-to-month,Electronic check,Fiber optic,83.95,2254.2,Yes,0.6201127714213832,Medium
3422-GALYP,Male,0,No,No,2,Month-to-month,Electronic check,Fiber optic,79.45,145.15,No,0.7044743329499051,High
9053-JZFKV,Male,0,No,No,67,Two year,Credit card (automatic),Fiber optic,116.2,7752.3,Yes,0.04092318398002784,Low
2530-ENDWQ,Female,0,Yes,No,71,Two year,Bank transfer (automatic),Fiber optic,93.7,6585.35,Yes,0.0898039901411376,Low
2890-WFBHU,Female,0,No,No,59,One year,Credit card (automatic),DSL,79.85,4786.1,No,0.02220546058015034,Low
0327-WFZSY,Male,0,Yes,Yes,39,One year,Electronic check,Fiber optic,100.0,3835.55,No,0.3080580512890934,Medium
7977-HXJKU,Male,0,No,Yes,21,Two year,Mailed check,No,19.6,397.0,No,0.017029769685642866,Low
6615-ZGEDR,Male,0,No,No,1,Month-to-month,Mailed check,No,19.7,19.7,Yes,0.1972692993782014,Low
7033-CLAMM,Female,0,Yes,Yes,48,Two year,Bank transfer (automatic),No,20.2,1027.25,No,0.004676738836925864,Low
4023-RTIQM,Female,1,Yes,No,31,One year,Credit card (automatic),DSL,50.4,1580.1,No,0.13917112408364385,Low
0864-FVJNJ,Female,0,Yes,Yes,64,One year,Electronic check,Fiber optic,113.35,7222.75,No,0.103810758595073,Low
7356-IWLFW,Male,0,Yes,Yes,46,Month-to-month,Bank transfer (automatic),Fiber optic,80.0,3769.7,No,0.2629883886810637,Low
9541-PWTWO,Female,0,No,No,52,Two year,Bank transfer (automatic),DSL,80.95,4233.95,No,0.04333050772025183,Low
3967-VQOGC,Female,0,Yes,Yes,67,Two year,Mailed check,No,24.9,1680.25,No,0.003154520737210129,Low
7872-RDDLZ,Female,1,No,No,67,Month-to-month,Electronic check,DSL,54.9,3725.5,No,0.063825283011985,Low
9250-WYPLL,Female,0,No,No,5,Month-to-month,Electronic check,Fiber optic,75.55,413.65,Yes,0.6546372545095438,Medium
6308-CQRBU,Female,0,Yes,No,71,Two year,Electronic check,Fiber optic,109.25,7707.7,No,0.06878094514247007,Low
2754-XBHTB,Female,0,No,No,9,Month-to-month,Bank transfer (automatic),Fiber optic,77.65,714.15,Yes,0.6145119466837597,Medium
1597-LHYNC,Female,1,No,No,26,Month-to-month,Electronic check,Fiber optic,95.0,2497.2,Yes,0.5576517455304347,Medium
0186-CAERR,Male,0,No,No,71,One year,Bank transfer (automatic),Fiber optic,116.3,8309.55,No,0.11678120490719159,Low
3043-SUDUA,Female,0,No,No,32,Month-to-month,Bank transfer (automatic),No,19.9,601.55,No,0.0489848802749597,Low
5442-BHQNG,Female,0,No,No,2,Month-to-month,Electronic check,Fiber optic,70.35,139.25,No,0.6196155760437371,Medium
2169-RRLFW,Female,0,Yes,No,71,Two year,Credit card (automatic),No,25.6,1888.25,No,0.0021597560590702787,Low
5872-OEQNH,Female,0,No,No,60,One year,Electronic check,DSL,44.45,2773.9,No,0.05650593373799648,Low
3162-KKZXO,Female,1,No,No,55,One year,Electronic check,Fiber optic,100.15,5409.75,No,0.3729276482128709,Medium
7055-VKGDA,Male,0,No,No,54,One year,Credit card (automatic),Fiber optic,105.4,5643.4,Yes,0.10456134621766994,Low
0754-UKWQP,Male,0,No,No,2,Month-to-month,Electronic check,Fiber optic,95.85,197.7,Yes,0.7620491503928465,High
8873-GLDMH,Female,0,No,No,6,Month-to-month,Mailed check,Fiber optic,73.85,401.3,No,0.6330471217003654,Medium
5696-JVVQY,Female,0,Yes,Yes,48,Two year,Credit card (automatic),DSL,70.1,3238.4,No,0.017073164386839836,Low
8946-BFWSG,Male,0,Yes,Yes,63,Two year,Mailed check,No,25.25,1573.05,No,0.0026809180236719394,Low
7493-TPUWZ,Male,0,No,No,1,Month-to-month,Electronic check,Fiber optic,79.15,79.15,Yes,0.711845318599247,High
0547-HURJB,Male,0,No,Yes,12,Month-to-month,Credit card (automatic),No,21.05,235.8,No,0.10378203184003651,Low
8904-OPDCK,Male,1,Yes,No,54,Month-to-month,Bank transfer (automatic),DSL,24.95,1364.75,No,0.11104237711384783,Low
8845-LWKGE,Female,0,Yes,Yes,30,One year,Electronic check,DSL,64.5,1985.15,No,0.11347515778591828,Low
1577-HKTFG,Female,0,Yes,No,30,Month-to-month,Bank transfer (automatic),No,19.65,655.85,Yes,0.05571485775063952,Low
8752-STIVR,Female,0,No,No,4,Month-to-month,Electronic check,Fiber optic,79.0,303.15,Yes,0.7197172630927069,High
0691-NIKRI,Female,0,No,No,40,One year,Credit card (automatic),Fiber optic,105.95,4335.2,No,0.28025549481463474,Low
5022-JNQEQ,Female,0,Yes,Yes,9,Month-to-month,Electronic check,Fiber optic,75.85,647.5,No,0.5138785667916951,Medium
4558-FANTW,Female,0,Yes,Yes,17,Month-to-month,Electronic check,Fiber optic,91.85,1574.45,Yes,0.3372230356646956,Medium
3249-VHRIP,Female,0,No,No,62,Two year,Credit card (automatic),DSL,43.6,2748.7,No,0.020495418118709318,Low
3736-BLEPA,Male,0,No,No,28,One year,Bank transfer (automatic),Fiber optic,91.25,2483.65,No,0.21151767805373783,Low
4701-LKOZD,Female,0,No,No,70,Two year,Credit card (automatic),DSL,89.75,6367.2,No,0.010959926584608998,Low
6603-QWSPR,Female,0,No,No,46,Two year,Bank transfer (automatic),Fiber optic,104.4,4904.2,No,0.09841864550387046,Low
9921-QFQUL,Female,0,Yes,No,23,Month-to-month,Mailed check,Fiber optic,90.15,2044.95,No,0.4685054855013732,Medium
1929-ZCBHE,Male,0,Yes,Yes,47,One year,Electronic check,DSL,40.3,1794.8,No,0.030863209102816473,Low
4378-MYPGO,Male,0,Yes,Yes,68,Two year,Bank transfer (automatic),Fiber optic,105.25,7173.15,No,0.04786834064820566,Low
8651-ENBZX,Female,1,No,No,60,One year,Electronic check,Fiber optic,106.0,6441.4,Yes,0.29817083571417974,Low
4129-LYCOI,Female,0,No,Yes,67,Two year,Electronic check,Fiber optic,104.0,7039.05,No,0.08766334796396558,Low
7798-JVXYM,Female,0,No,No,14,Month-to-month,Electronic check,DSL,69.65,921.4,No,0.4096851678374672,Medium
8647-SDTWQ,Male,0,Yes,Yes,57,Month-to-month,Electronic check,Fiber optic,74.3,4018.35,No,0.24394317245578848,Low
2696-ECXKC,Female,0,Yes,Yes,55,One year,Mailed check,Fiber optic,100.9,5448.6,No,0.12752423835064408,Low
2081-KJSQF,Male,0,No,No,1,Month-to-month,Mailed check,No,20.25,20.25,No,0.25864316745491833,Low
7623-TRNQN,Male,0,No,Yes,1,Month-to-month,Mailed check,DSL,49.9,49.9,Yes,0.31055695577749415,Medium
3323-CPBWR,Male,0,No,No,23,Month-to-month,Credit card (automatic),Fiber optic,96.9,2085.45,No,0.45247016413369245,Medium
9330-IJWIO,Female,0,No,No,13,Month-to-month,Electronic check,Fiber optic,100.35,1358.85,Yes,0.688503965391643,Medium
3384-CTMSF,Male,0,Yes,No,47,Month-to-month,Electronic check,Fiber optic,104.1,5135.15,No,0.5311697832177487,Medium
0902-RFHOF,Male,0,No,No,38,One year,Mailed check,No,20.1,730.1,No,0.017305168088587675,Low
9286-DOJGF,Female,1,Yes,No,38,Month-to-month,Bank transfer (automatic),Fiber optic,74.95,2869.85,Yes,0.43110854311100444,Medium
6048-QBXKL,Female,1,No,No,2,Month-to-month,Credit card (automatic),DSL,56.55,118.25,No,0.4958504788184156,Medium
9661-MHUMO,Male,1,Yes,Yes,1,Month-to-month,Credit card (automatic),DSL,49.25,49.25,Yes,0.3509275415744078,Medium
7718-RXDGG,Male,0,Yes,No,15,Month-to-month,Bank transfer (automatic),Fiber optic,68.6,1108.6,No,0.5093025398602297,Medium
1025-FALIX,Female,0,No,No,26,Month-to-month,Credit card (automatic),Fiber optic,69.05,1815.65,No,0.3889551131740284,Medium
3451-VAWLI,Female,0,Yes,Yes,35,Two year,Credit card (automatic),No,19.7,730.4,No,0.008347555375757525,Low
3407-QGWLG,Male,0,No,Yes,3,Month-to-month,Mailed check,No,20.05,75.45,No,0.21224121494814954,Low
1842-EZJMK,Male,0,Yes,Yes,50,Month-to-month,Electronic check,Fiber optic,103.7,5071.05,Yes,0.28900209410306654,Low
2347-WKKAE,Male,0,Yes,No,42,Month-to-month,Electronic check,Fiber optic,94.4,4014.6,No,0.41420131552072514,Medium
8735-DCXNF,Male,0,Yes,No,10,Month-to-month,Credit card (automatic),DSL,54.95,568.85,No,0.1924480143244387,Low
3214-IYUUQ,Female,0,Yes,No,61,One year,Bank transfer (automatic),Fiber optic,93.7,5860.7,No,0.05086279373729307,Low
1936-UAFEH,Female,0,No,No,68,Two year,Credit card (automatic),Fiber optic,110.25,7279.35,No,0.035741279175349486,Low
3587-PMCOY,Male,0,No,No,10,One year,Electronic check,Fiber optic,98.9,1064.95,No,0.46811481364703383,Medium
8079-XRJRS,Male,0,Yes,No,65,One year,Electronic check,Fiber optic,89.75,5769.6,Yes,0.07300823103951319,Low
1027-LKKQQ,Female,0,Yes,Yes,72,Two year,Bank transfer (automatic),DSL,80.45,5886.85,No,0.010434146659007043,Low
7148-XZPHA,Male,0,Yes,Yes,55,Month-to-month,Electronic check,Fiber optic,79.4,4238.45,No,0.11104737492539371,Low
8073-IJDCM,Female,0,No,No,1,Month-to-month,Mailed check,No,20.3,20.3,Yes,0.2631544876278084,Low
5309-TAIKL,Female,0,No,No,7,Month-to-month,Bank transfer (automatic),DSL,62.8,418.3,No,0.2662706519651201,Low
6856-RAURS,Female,0,No,No,2,Month-to-month,Mailed check,Fiber optic,74.9,136.05,No,0.6695765277716014,Medium
8778-LMWTJ,Female,0,No,No,9,Month-to-month,Electronic check,Fiber optic,74.85,708.2,No,0.5483223549022425,Medium
9717-IOAAF,Male,0,No,Yes,27,Two year,Credit card (automatic),No,25.85,788.55,No,0.023767466226252424,Low
8884-ADFVN,Male,1,Yes,No,7,Month-to-month,Electronic check,Fiber optic,101.95,700.85,Yes,0.8162509636898233,High
2845-KDHVX,Female,0,Yes,No,64,Two year,Mailed check,DSL,68.3,4378.8,No,0.011615395157244756,Low
0848-SOMKO,Male,0,No,No,70,Two year,Bank transfer (automatic),DSL,48.4,3442.8,No,0.0066654145871130645,Low
2720-WGKHP,Male,1,No,No,2,Month-to-month,Electronic check,Fiber optic,94.0,181.7,Yes,0.8387432427097319,High
6734-FQAJX,Male,1,No,No,67,Two year,Electronic check,Fiber optic,105.05,7171.7,No,0.06980792804389996,Low
2869-ADAWR,Female,0,No,No,45,Month-to-month,Credit card (automatic),Fiber optic,89.3,4016.85,Yes,0.3492250737967368,Medium
1535-VTJOQ,Female,0,No,No,24,Two year,Credit card (automatic),No,25.15,553.0,No,0.02219605529771963,Low
6368-TZZDT,Male,0,Yes,Yes,4,Two year,Credit card (automatic),No,19.5,96.85,No,0.040340508555970614,Low
0943-ZQPXH,Male,0,Yes,Yes,44,Month-to-month,Bank transfer (automatic),Fiber optic,92.95,4122.9,No,0.36591597069023807,Medium
1293-BSEUN,Female,0,Yes,Yes,72,Two year,Mailed check,No,20.7,1482.3,No,0.0017469819206181584,Low
9894-EZEWG,Female,0,No,No,1,Month-to-month,Credit card (automatic),Fiber optic,74.3,74.3,Yes,0.5741645372922608,Medium
1302-TPUBN,Male,0,No,No,66,Two year,Bank transfer (automatic),No,19.35,1240.8,No,0.0019577751493997197,Low
7851-FLGGQ,Male,0,No,No,1,Month-to-month,Mailed check,DSL,44.65,44.65,Yes,0.500734407281093,Medium
0637-UBJRP,Male,0,Yes,Yes,13,Month-to-month,Electronic check,Fiber optic,84.05,1095.3,Yes,0.43760849607190927,Medium
0940-OUQEC,Male,0,No,No,10,Month-to-month,Bank transfer (automatic),Fiber optic,80.7,788.8,Yes,0.5769123121083403,Medium
2378-VTKDH,Male,1,Yes,No,65,Month-to-month,Electronic check,Fiber optic,104.35,6578.55,No,0.43359697710983075,Medium
0927-CNGRH,Male,0,No,Yes,1,Month-to-month,Mailed check,No,19.55,19.55,No,0.17354073084317864,Low
8608-OZTLB,Male,0,Yes,Yes,38,One year,Electronic check,DSL,74.05,2802.3,No,0.03841436116610839,Low
2335-GSODA,Male,0,No,Yes,23,Two year,Mailed check,DSL,40.1,857.75,No,0.030839114536819052,Low
1952-DVVSW,Female,0,Yes,No,10,One year,Mailed check,No,20.1,184.4,No,0.07372526082320556,Low
0702-PGIBZ,Male,0,No,Yes,4,Month-to-month,Electronic check,Fiber optic,101.7,364.55,Yes,0.7441078360106113,High
6656-GULJQ,Male,0,Yes,Yes,72,Two year,Credit card (automatic),DSL,83.55,6093.3,No,0.012459863531300882,Low
9853-JFZDU,Female,0,Yes,No,35,Month-to-month,Electronic check,DSL,56.85,1861.1,No,0.10021837701392934,Low
1963-VAUKV,Female,0,No,No,1,Month-to-month,Mailed check,No,20.4,20.4,Yes,0.2019022037803657,Low
3777-XROBG,Female,0,Yes,Yes,58,Two year,Credit card (automatic),No,19.55,1079.65,No,0.0024031597300767965,Low
6994-FGRHH,Male,0,Yes,Yes,70,One year,Electronic check,Fiber optic,106.15,7475.1,No,0.1276522323068077,Low
4000-VGMQP,Male,0,Yes,Yes,38,One year,Credit card (automatic),DSL,78.95,2862.55,No,0.08520903119240855,Low
3999-WRNGR,Female,0,Yes,Yes,60,Month-to-month,Electronic check,DSL,49.75,3069.45,No,0.1506283421447309,Low
3466-RITXD,Male,0,No,No,26,Month-to-month,Credit card (automatic),Fiber optic,92.4,2349.8,No,0.3845615816475208,Medium
2680-XKKNJ,Female,0,No,No,8,One year,Bank transfer (automatic),DSL,58.2,469.25,No,0.07932170292250049,Low
3058-HJCUY,Male,0,Yes,Yes,41,One year,Electronic check,Fiber optic,102.6,4213.35,Yes,0.2978412749594143,Low
2974-GGUXS,Female,1,Yes,No,36,Month-to-month,Credit card (automatic),Fiber optic,91.95,3301.05,No,0.4794767042184532,Medium
7994-XIRTR,Male,1,No,No,54,One year,Bank transfer (automatic),DSL,65.25,3529.95,No,0.036580140313306544,Low
3259-FDWOY,Male,0,Yes,Yes,71,Two year,Bank transfer (automatic),Fiber optic,106.0,7723.7,Yes,0.0875710722145573,Low
2101-RANCD,Female,0,No,No,55,Month-to-month,Electronic check,Fiber optic,73.1,4144.9,No,0.30879106893947317,Medium
7921-BEPCI,Female,0,No,No,72,Two year,Bank transfer (automatic),DSL,59.75,4265.0,No,0.00572427378589035,Low
0807-ZABDG,Female,0,No,Yes,3,Month-to-month,Mailed check,DSL,55.1,154.65,Yes,0.2209079278915726,Low
8510-TMWYB,Female,0,Yes,Yes,54,Two year,Bank transfer (automatic),DSL,59.8,3246.45,No,0.020320603027960033,Low
3258-ZKPAI,Male,0,Yes,Yes,72,Two year,Bank transfer (automatic),Fiber optic,116.6,8337.45,No,0.04829347172352314,Low
1428-IEDPR,Male,0,No,No,52,Two year,Electronic check,Fiber optic,109.3,5731.4,No,0.11754830409039978,Low
5298-GSTLM,Female,1,No,No,60,One year,Bank transfer (automatic),Fiber optic,101.4,6176.6,No,0.22969983100816488,Low
4450-YOOHP,Female,0,No,No,39,Month-to-month,Credit card (automatic),DSL,50.65,1905.4,No,0.276450303616339,Low
6728-CZFEI,Female,0,No,No,15,One year,Mailed check,DSL,56.15,931.9,No,0.16599709962722584,Low
5748-RNCJT,Male,0,No,No,69,Two year,Bank transfer (automatic),Fiber optic,106.5,7348.8,Yes,0.08420568631311033,Low
3653-NCRDJ,Male,0,Yes,Yes,43,One year,Mailed check,No,19.2,776.25,No,0.015734531052449655,Low
6121-TNHBO,Female,1,No,No,63,One year,Bank transfer (automatic),DSL,83.0,5243.05,No,0.027603320922905437,Low
5119-NZPTV,Male,1,Yes,No,2,Month-to-month,Electronic check,Fiber optic,70.1,141.65,No,0.6631361208457835,Medium
6519-ZHPXP,Female,0,Yes,Yes,72,Two year,Bank transfer (automatic),Fiber optic,108.3,7679.65,No,0.031220148805873336,Low
7739-LAXOG,Female,0,Yes,Yes,32,Month-to-month,Bank transfer (automatic),Fiber optic,91.05,2954.5,Yes,0.4725687966819631,Medium
3472-QPRCH,Male,0,Yes,Yes,40,Two year,Credit card (automatic),No,25.25,1006.9,No,0.008462731316163125,Low
8224-UAXBZ,Female,0,Yes,No,58,One year,Electronic check,DSL,45.35,2540.1,No,0.05240761827702553,Low
9610-WCESF,Male,0,No,No,67,Two year,Electronic check,DSL,43.9,3097.2,No,0.010062205636243427,Low
9776-CLUJA,Female,1,Yes,No,51,Month-to-month,Electronic check,Fiber optic,77.5,3807.35,Yes,0.29517401811839855,Low
2486-WYVVE,Male,0,Yes,No,31,One year,Mailed check,DSL,79.3,2484.0,No,0.14810645904783884,Low
3865-ZYKAD,Male,1,Yes,No,69,Month-to-month,Credit card (automatic),Fiber optic,84.9,5785.65,No,0.13318871037657004,Low
1422-DGUBX,Male,0,Yes,No,32,One year,Electronic check,Fiber optic,79.25,2619.15,No,0.27020258623434357,Low
2999-AANRQ,Female,0,No,No,21,Two year,Credit card (automatic),DSL,71.05,1524.85,No,0.028805924200767902,Low
8668-KNZTI,Male,0,No,No,52,One year,Electronic check,DSL,53.75,2790.65,No,0.02831864851959885,Low
0480-KYJVA,Female,0,Yes,Yes,72,Two year,Credit card (automatic),No,24.25,1784.5,No,0.0016670475918261105,Low
6034-ZRYCV,Female,0,Yes,No,72,Two year,Electronic check,DSL,54.2,3937.45,Yes,0.02937418707619433,Low
9746-YKGXB,Male,0,Yes,Yes,52,One year,Bank transfer (automatic),DSL,44.25,2276.1,No,0.03472596855187804,Low
3926-YZVVX,Female,0,No,No,41,One year,Bank transfer (automatic),DSL,50.05,2029.05,No,0.03511090766206746,Low
6000-UKLWI,Male,0,No,No,41,Two year,Mailed check,No,20.15,802.35,No,0.007036683493863051,Low
2079-FBMZK,Female,0,No,No,6,Month-to-month,Mailed check,Fiber optic,69.25,418.4,Yes,0.577868693363339,Medium
6332-FBZRI,Male,0,Yes,Yes,67,One year,Credit card (automatic),DSL,69.35,4653.25,No,0.012950540224702729,Low
2096-XOTMO,Female,0,Yes,Yes,16,Month-to-month,Mailed check,No,19.35,275.9,No,0.08760479843397244,Low
3266-FTKHB,Male,0,No,No,17,Two year,Mailed check,No,19.15,343.45,No,0.024513980134480386,Low
8221-EQDGL,Male,0,Yes,No,35,Month-to-month,Mailed check,DSL,61.0,2130.45,No,0.07030492895423092,Low
2346-LOCWC,Female,0,Yes,Yes,58,Two year,Credit card (automatic),No,20.5,1191.4,No,0.002509697546754509,Low
6608-QQLVK,Male,0,No,No,1,Month-to-month,Electronic check,DSL,50.5,50.5,Yes,0.5120959479549921,Medium
0298-XACET,Male,0,Yes,Yes,52,Two year,Mailed check,DSL,50.2,2554.0,No,0.014664237166676957,Low
7560-QJAVJ,Female,0,No,No,70,Two year,Bank transfer (automatic),DSL,79.6,5589.45,No,0.00877058891554713,Low
2995-YWTCD,Female,0,Yes,Yes,19,Two year,Bank transfer (automatic),No,24.9,467.7,No,0.03771621969652301,Low
3551-HUAZH,Male,1,No,No,1,Month-to-month,Electronic check,Fiber optic,74.4,74.4,Yes,0.7846062259064638,High
9137-UIYPG,Female,0,Yes,Yes,35,Month-to-month,Electronic check,Fiber optic,106.9,3756.45,No,0.3644378583174627,Medium
2809-ZMYOQ,Female,0,No,No,32,Month-to-month,Electronic check,Fiber optic,101.35,3334.9,No,0.658120543349658,Medium
5084-OOVCJ,Female,0,Yes,Yes,17,Month-to-month,Credit card (automatic),DSL,55.35,920.5,No,0.13398789031188482,Low
0254-WWRKD,Female,0,Yes,Yes,67,One year,Credit card (automatic),DSL,50.55,3431.75,No,0.01162530935033595,Low
7727-SHVZV,Female,0,No,No,9,Month-to-month,Bank transfer (automatic),No,19.5,150.35,No,0.14780794675992137,Low
6302-JGYRJ,Male,0,No,Yes,31,One year,Mailed check,DSL,79.45,2587.7,Yes,0.11963179103163722,Low
5339-PXDVH,Male,0,No,No,4,Month-to-month,Electronic check,Fiber optic,90.65,367.95,No,0.6097644170953739,Medium
2205-LPVGL,Male,1,Yes,Yes,58,One year,Bank transfer (automatic),Fiber optic,89.85,5125.75,No,0.07222995343366861,Low
8782-NUUOL,Male,0,No,No,60,One year,Mailed check,DSL,79.0,4801.1,No,0.023644110686645847,Low
3685-YLCMQ,Male,0,No,No,58,One year,Electronic check,Fiber optic,104.65,6219.6,Yes,0.25847882147883017,Low
7601-WFVZV,Male,0,No,No,1,Month-to-month,Mailed check,No,19.55,19.55,No,0.1970645145855586,Low
4609-KNNWG,Female,0,Yes,Yes,27,Two year,Mailed check,No,19.9,550.1,No,0.012942366022306827,Low
4868-AADLV,Male,1,Yes,Yes,66,One year,Electronic check,Fiber optic,116.25,7862.25,No,0.1806345679496191,Low
9529-OFXHY,Male,0,No,No,15,Month-to-month,Bank transfer (automatic),Fiber optic,87.75,1242.2,No,0.5236936801185951,Medium
8634-MPHTR,Male,1,Yes,No,47,Month-to-month,Electronic check,Fiber optic,100.05,4871.05,Yes,0.6074009566565446,Medium
2669-QVCRG,Female,0,No,No,41,Month-to-month,Credit card (automatic),Fiber optic,81.3,3190.65,No,0.26014435237240374,Low
2478-EEWWM,Male,0,Yes,No,59,Month-to-month,Electronic check,DSL,44.3,2666.75,No,0.18345848768038964,Low
9174-IHETN,Female,0,No,Yes,50,Two year,Credit card (automatic),Fiber optic,70.35,3533.6,No,0.0374122440643267,Low
2233-TXSIU,Male,0,Yes,Yes,17,One year,Credit card (automatic),DSL,44.45,792.15,No,0.13907222927351956,Low
9644-UMGQA,Male,0,Yes,Yes,6,Month-to-month,Electronic check,DSL,49.15,295.65,No,0.3356132338138446,Medium
3256-EZDBI,Male,1,Yes,No,51,Month-to-month,Credit card (automatic),DSL,29.45,1459.35,No,0.10521444751876342,Low
8761-NSOBC,Male,0,No,No,44,Month-to-month,Electronic check,Fiber optic,100.55,4398.15,Yes,0.3035554870643362,Medium
0419-YAAPX,Male,0,Yes,No,49,Month-to-month,Credit card (automatic),Fiber optic,85.3,4297.95,No,0.2646209571859399,Low
8413-VONUO,Male,0,No,No,2,Month-to-month,Electronic check,Fiber optic,95.65,167.3,Yes,0.6647456186389589,Medium
0872-CASZJ,Male,0,Yes,No,59,One year,Mailed check,DSL,69.1,4096.9,No,0.03137429911049336,Low
4726-DLWQN,Male,1,No,No,50,Month-to-month,Bank transfer (automatic),DSL,70.35,3454.6,No,0.12394319646146618,Low
8164-OCKUJ,Female,0,Yes,Yes,59,Two year,Mailed check,No,20.6,1286.0,No,0.0025029074308372886,Low
3094-JOJAI,Male,0,No,No,18,Month-to-month,Mailed check,Fiber optic,74.15,1387.0,No,0.4459507011099311,Medium
9494-MRNYX,Male,0,No,No,10,Month-to-month,Electronic check,Fiber optic,75.05,786.3,No,0.6071047920115721,Medium
2599-CZABP,Male,0,Yes,No,14,One year,Electronic check,DSL,44.6,641.25,No,0.18161098575021484,Low
7945-PRBVF,Male,0,No,No,35,Two year,Bank transfer (automatic),No,21.45,705.45,No,0.010431296558025684,Low
4544-RXFMG,Male,0,Yes,Yes,8,One year,Mailed check,DSL,43.45,345.5,No,0.19355505187732053,Low
0859-YGKFW,Male,0,Yes,Yes,18,One year,Bank transfer (automatic),No,20.05,345.9,No,0.04435648504344429,Low
1150-FTQGN,Female,0,Yes,Yes,60,One year,Bank transfer (automatic),Fiber optic,94.15,5811.8,No,0.08093080676552253,Low
9223-UCPVT,Female,0,No,No,1,Month-to-month,Electronic check,Fiber optic,94.4,94.4,Yes,0.7017138670387546,High
7196-LIWRH,Female,0,No,No,6,Two year,Mailed check,No,19.55,124.45,No,0.04410090178583891,Low
5448-VWNAM,Female,0,No,Yes,19,Month-to-month,Mailed check,DSL,75.9,1375.6,No,0.17346955257936367,Low
1177-XZBJL,Male,0,Yes,Yes,53,One year,Bank transfer (automatic),DSL,64.15,3491.55,No,0.016612432536765576,Low
3518-FSTWG,Male,1,Yes,No,72,Two year,Bank transfer (automatic),Fiber optic,109.55,7920.7,No,0.08415142421899151,Low
9330-VOFSZ,Female,0,Yes,No,60,Two year,Credit card (automatic),Fiber optic,110.8,6640.7,No,0.08915467582909821,Low
4351-QLCSU,Female,0,No,No,1,Month-to-month,Credit card (automatic),DSL,55.0,55.0,Yes,0.48034282902341907,Medium
0939-EREMR,Female,0,No,Yes,13,Month-to-month,Mailed check,DSL,53.45,718.1,No,0.15662249303025907,Low
9389-ACWBI,Female,0,Yes,Yes,5,Month-to-month,Credit card (automatic),Fiber optic,69.95,320.4,No,0.45583963357160345,Medium
5419-JPRRN,Male,0,No,No,1,Month-to-month,Electronic check,Fiber optic,101.45,101.45,Yes,0.8080679570383521,High
3644-QXEHN,Male,0,Yes,Yes,13,Month-to-month,Electronic check,Fiber optic,97.0,1334.45,No,0.5951191436951687,Medium
2911-IJORQ,Male,0,No,No,37,One year,Bank transfer (automatic),DSL,90.6,3358.65,No,0.08832300710365519,Low
5921-NGYRH,Male,0,Yes,No,64,Month-to-month,Mailed check,Fiber optic,73.55,4764.0,No,0.10309119519881797,Low
2100-BDNSN,Female,0,Yes,No,5,Month-to-month,Bank transfer (automatic),DSL,67.95,350.3,Yes,0.33532224599743626,Medium
5998-DZLYR,Female,0,Yes,No,61,Two year,Bank transfer (automatic),Fiber optic,94.35,5703.0,No,0.0607004869073412,Low
0488-GSLFR,Female,0,No,No,1,Month-to-month,Electronic check,Fiber optic,69.5,69.5,Yes,0.7033901766460997,High
9318-NKNFC,Male,0,No,No,1,Month-to-month,Mailed check,No,18.85,18.85,Yes,0.2563346432114991,Low
3985-HOYPM,Male,0,No,No,26,One year,Mailed check,No,19.4,525.55,No,0.03229260538387197,Low
9728-FTTVZ,Female,0,No,No,1,Month-to-month,Electronic check,Fiber optic,69.2,69.2,Yes,0.702850071098334,High
9548-LERKT,Male,0,Yes,No,24,Two year,Mailed check,No,19.75,483.15,No,0.017187769983637774,Low
6576-FBXOJ,Male,0,Yes,No,17,One year,Electronic check,DSL,54.6,934.8,No,0.2673428195164993,Low
4310-KEDTB,Female,0,No,Yes,26,Month-to-month,Mailed check,DSL,29.8,786.5,No,0.2551664904204315,Low
7254-IQWOZ,Male,0,No,No,1,Month-to-month,Electronic check,Fiber optic,69.65,69.65,Yes,0.6988491190093982,Medium
2474-BRUCM,Male,1,Yes,No,40,Month-to-month,Electronic check,Fiber optic,101.85,4086.3,Yes,0.48037615139635165,Medium
4062-HBMOS,Male,0,No,No,52,Month-to-month,Electronic check,Fiber optic,103.05,5364.8,No,0.47280321043478973,Medium
0742-NXBGR,Female,0,No,No,1,Month-to-month,Electronic check,Fiber optic,82.3,82.3,Yes,0.6593675611815255,Medium
2676-ISHSF,Male,0,No,No,1,Month-to-month,Mailed check,No,20.3,20.3,No,0.19809004341300304,Low
9236-NDUCW,Female,0,No,No,21,Two year,Mailed check,DSL,35.1,770.4,No,0.04212081604511519,Low
4753-PADAS,Female,0,Yes,No,67,One year,Bank transfer (automatic),Fiber optic,105.7,6816.95,No,0.18798898726502347,Low
6103-QCKFX,Female,0,Yes,Yes,44,Month-to-month,Bank transfer (automatic),DSL,56.25,2419.55,No,0.0377904014310731,Low
7781-EWARA,Male,0,Yes,Yes,70,One year,Electronic check,DSL,60.35,4138.7,No,0.030757233711401336,Low
6110-OHIHY,Male,0,No,No,3,Month-to-month,Electronic check,Fiber optic,79.25,267.6,Yes,0.6512086164860913,Medium
7018-FPXHH,Male,0,Yes,Yes,56,Two year,Bank transfer (automatic),DSL,59.8,3457.45,No,0.010028401345915506,Low
5889-LFOLL,Female,0,No,No,13,Month-to-month,Electronic check,Fiber optic,84.6,1115.2,Yes,0.7160504717959475,High
5708-EVONK,Female,0,Yes,Yes,58,Month-to-month,Bank transfer (automatic),Fiber optic,93.4,5435.6,Yes,0.19699316243726422,Low
8708-XPXHZ,Female,0,Yes,Yes,42,Month-to-month,Electronic check,Fiber optic,94.2,4186.3,Yes,0.5539580610336381,Medium
0616-ATFGB,Male,1,Yes,No,1,Month-to-month,Electronic check,DSL,25.05,25.05,Yes,0.6423130111235851,Medium
0572-ZJKLT,Female,0,Yes,Yes,46,Two year,Mailed check,Fiber optic,99.65,4630.2,No,0.045891017235137825,Low
5135-RDDQL,Female,0,Yes,Yes,63,Two year,Bank transfer (automatic),DSL,50.65,3221.25,No,0.007991320721237458,Low
1353-LJWEM,Male,0,No,No,11,Month-to-month,Electronic check,DSL,60.9,688.5,No,0.29124210068495915,Low
1794-SWWKL,Male,0,Yes,Yes,15,Month-to-month,Bank transfer (automatic),DSL,59.65,867.1,No,0.2464909002949874,Low
6166-YIPFO,Male,0,Yes,No,72,Two year,Electronic check,DSL,64.7,4746.05,No,0.017332661027137902,Low
7016-BPGEU,Female,0,No,No,29,Month-to-month,Credit card (automatic),DSL,25.1,712.85,Yes,0.2525057974269193,Low
6876-ADESB,Male,0,No,Yes,1,Month-to-month,Electronic check,DSL,48.95,48.95,Yes,0.3854110050182234,Medium
9332-GYWLO,Female,0,Yes,Yes,6,Month-to-month,Electronic check,DSL,54.85,355.1,No,0.4033493465131891,Medium
1963-SVUCV,Male,0,No,No,1,Month-to-month,Electronic check,DSL,45.3,45.3,Yes,0.438653355988827,Medium
4184-VODJZ,Male,0,Yes,Yes,63,One year,Electronic check,Fiber optic,91.35,5764.7,No,0.17257861817227219,Low
0220-EBGCE,Male,0,No,No,2,Month-to-month,Electronic check,Fiber optic,85.85,167.3,Yes,0.7246057390463628,High
1092-WPIVQ,Female,0,Yes,Yes,18,Two year,Mailed check,No,25.1,428.45,No,0.02663243665884811,Low
7233-IOQNP,Female,0,Yes,No,43,Month-to-month,Bank transfer (automatic),DSL,34.0,1505.35,No,0.06268119877695946,Low
2834-JKOOW,Female,0,No,No,15,One year,Mailed check,DSL,45.9,693.45,No,0.09439094805997408,Low
2754-VDLTR,Male,0,No,Yes,10,Month-to-month,Electronic check,Fiber optic,95.2,930.4,Yes,0.6705837337350068,Medium
2400-FEQME,Male,0,Yes,Yes,55,Two year,Mailed check,No,20.5,1177.95,No,0.0029906068945196643,Low
3190-XFANI,Male,0,No,Yes,49,One year,Bank transfer (automatic),Fiber optic,100.6,5069.65,Yes,0.2171750509951542,Low
7551-DACSP,Male,0,Yes,Yes,6,Month-to-month,Mailed check,DSL,55.3,324.25,Yes,0.298445167334389,Low
4957-SREEC,Male,0,Yes,Yes,70,Two year,Credit card (automatic),No,20.35,1458.1,No,0.001312495817962407,Low
7235-NXZCP,Male,1,No,No,2,Month-to-month,Mailed check,Fiber optic,74.85,156.4,Yes,0.71110902400057,High
0230-UBYPQ,Male,1,Yes,No,63,One year,Bank transfer (automatic),DSL,36.1,2298.9,No,0.01621149769385683,Low
4923-ADWXJ,Female,0,No,No,25,Month-to-month,Bank transfer (automatic),DSL,65.8,1679.65,No,0.1932628109005202,Low
1763-KUAAW,Female,1,No,No,18,One year,Bank transfer (automatic),No,20.35,369.6,No,0.06464720955263246,Low
1104-TNLZA,Male,1,Yes,No,28,Month-to-month,Electronic check,Fiber optic,105.8,2998.0,No,0.6158484338268208,Medium
5195-KPUNQ,Female,1,No,No,53,One year,Mailed check,Fiber optic,96.75,5206.55,No,0.10496307067543009,Low
0520-FDVVT,Male,0,No,No,35,One year,Bank transfer (automatic),Fiber optic,102.35,3626.1,Yes,0.30211661750636876,Medium
3439-GVUSX,Male,0,No,No,1,Month-to-month,Mailed check,DSL,24.4,24.4,No,0.5008843630635468,Medium
1444-VVSGW,Male,0,Yes,No,70,One year,Credit card (automatic),Fiber optic,115.65,7968.85,Yes,0.07522930405147027,Low
5712-PTIWW,Male,0,No,No,2,Month-to-month,Electronic check,Fiber optic,79.85,152.45,Yes,0.5940209312487463,Medium
5949-HGVJL,Female,0,Yes,No,26,Month-to-month,Electronic check,DSL,73.05,1959.5,No,0.2824777635367825,Low
5203-XEHAX,Female,0,No,No,34,One year,Electronic check,DSL,64.35,2053.05,No,0.06901128356246461,Low
1635-HDGFT,Female,0,No,Yes,19,Two year,Mailed check,No,20.5,398.55,No,0.019717760103012686,Low
3315-TOTBP,Male,0,No,No,15,Month-to-month,Mailed check,Fiber optic,76.0,1130.85,Yes,0.5597012524279198,Medium
8050-XGRVL,Female,0,Yes,Yes,62,One year,Credit card (automatic),DSL,54.75,3425.35,No,0.011707632679000284,Low
6661-HBGWL,Female,1,No,No,42,Month-to-month,Bank transfer (automatic),Fiber optic,104.75,4323.45,Yes,0.5247761748919156,Medium
1518-VOWAV,Female,0,No,No,9,Month-to-month,Electronic check,DSL,74.65,703.55,Yes,0.415436867111715,Medium
9828-QHFBK,Male,0,No,No,24,Month-to-month,Electronic check,DSL,51.15,1275.7,No,0.22000299623906244,Low
3908-MKIMJ,Male,1,Yes,No,68,Two year,Electronic check,DSL,41.95,2965.75,No,0.01557589010802319,Low
5012-YSPJJ,Male,0,Yes,Yes,31,Month-to-month,Mailed check,DSL,54.35,1647.0,No,0.078262321467244,Low
5909-ECHUI,Female,0,No,No,1,Month-to-month,Electronic check,DSL,56.25,56.25,Yes,0.5820188393877986,Medium
1309-BXVOQ,Male,0,Yes,No,21,Month-to-month,Electronic check,Fiber optic,106.1,2249.95,Yes,0.6367922131670131,Medium
6728-VOIFY,Female,0,Yes,No,63,One year,Electronic check,Fiber optic,96.0,6109.75,No,0.2083802893341699,Low
9317-WZPGV,Female,1,No,No,2,Month-to-month,Bank transfer (automatic),Fiber optic,79.75,159.4,Yes,0.7198211618058767,High
4891-NLUBA,Female,0,Yes,Yes,61,Two year,Bank transfer (automatic),DSL,61.45,3751.15,No,0.02365801879992266,Low
2856-HYAPG,Female,0,No,No,1,Month-to-month,Electronic check,Fiber optic,68.65,68.65,Yes,0.6249213272173205,Medium
8969-PRHFK,Male,0,No,No,18,One year,Mailed check,No,19.65,411.25,No,0.049220331943346136,Low
0661-KQHNK,Female,0,Yes,Yes,6,One year,Credit card (automatic),No,19.0,105.5,No,0.07516927787945048,Low
8709-KRDVL,Female,0,No,No,33,Month-to-month,Electronic check,Fiber optic,100.0,3320.6,No,0.6124366558915615,Medium
4488-PSYCG,Male,0,No,No,16,Month-to-month,Bank transfer (automatic),No,20.25,327.45,Yes,0.10654875530147208,Low
1427-VERSM,Female,0,Yes,No,56,Month-to-month,Electronic check,Fiber optic,98.7,5669.5,No,0.3412544920780176,Medium
9801-NOSHQ,Male,0,No,Yes,23,One year,Mailed check,No,19.8,465.45,No,0.0324720475947867,Low
6339-YPSAH,Male,0,No,No,9,Month-to-month,Electronic check,Fiber optic,73.8,704.3,No,0.62468761706926,Medium
3621-CEOVK,Female,1,Yes,No,14,Month-to-month,Electronic check,Fiber optic,100.2,1369.8,Yes,0.7642221392742462,High
6906-ANDWJ,Male,0,Yes,Yes,15,Month-to-month,Bank transfer (automatic),Fiber optic,74.9,1107.25,Yes,0.5328619882660404,Medium
2159-TURXX,Male,0,No,No,5,Month-to-month,Credit card (automatic),No,20.05,95.55,No,0.1626544765225092,Low
1548-FEHVL,Male,0,Yes,No,61,Month-to-month,Electronic check,Fiber optic,106.2,6375.2,No,0.34529146873362604,Medium
3795-CAWEX,Male,0,Yes,Yes,70,Two year,Credit card (automatic),Fiber optic,116.55,8152.3,No,0.04699542648773815,Low
6215-NQCPY,Male,0,No,No,15,Month-to-month,Electronic check,Fiber optic,99.7,1566.75,No,0.6709816389300707,Medium
5647-URDKA,Male,0,Yes,Yes,8,Two year,Mailed check,No,19.7,130.25,No,0.03330605694870418,Low
2229-DPMBI,Female,0,Yes,Yes,8,Two year,Mailed check,No,19.5,162.15,No,0.0343340981426277,Low
9626-WEQRM,Female,0,No,No,4,Month-to-month,Mailed check,DSL,29.15,110.05,No,0.4544620751364231,Medium
2188-SXWVT,Female,0,No,No,34,One year,Mailed check,DSL,55.0,1885.15,No,0.0387781485839446,Low
6258-PVZWJ,Male,0,Yes,No,68,Two year,Credit card (automatic),DSL,90.8,6302.85,No,0.01677518862670958,Low
1094-BKOSX,Female,0,Yes,Yes,45,One year,Bank transfer (automatic),DSL,51.0,2264.5,No,0.046228052761918596,Low
6969-MVBAI,Female,1,No,No,9,Month-to-month,Electronic check,Fiber optic,90.1,816.8,No,0.7716026169788353,High
2978-XXSOG,Female,0,No,No,22,Month-to-month,Mailed check,DSL,59.05,1253.5,No,0.16144774216680374,Low
2342-CKIAO,Female,0,No,No,2,Month-to-month,Mailed check,No,20.3,41.2,No,0.19343640583172358,Low
6953-PBDIN,Male,0,Yes,No,70,Two year,Bank transfer (automatic),DSL,72.95,5265.55,No,0.009984980782440036,Low
3898-BSJYF,Female,0,No,Yes,10,One year,Credit card (automatic),DSL,73.55,693.3,No,0.10164090314433152,Low
3938-YFPXD,Male,0,No,No,72,Two year,Credit card (automatic),DSL,84.3,5997.1,No,0.010060262321766964,Low
7696-AMHOD,Female,0,Yes,Yes,49,One year,Credit card (automatic),DSL,78.0,3824.2,No,0.05206840249788417,Low
2453-SAFNS,Female,1,No,No,54,One year,Mailed check,DSL,72.1,3886.05,No,0.04417083845834228,Low
9558-IHEZX,Female,0,No,No,71,Two year,Credit card (automatic),Fiber optic,106.75,7283.25,No,0.055586454930546904,Low
9617-UDPEU,Female,0,No,No,22,One year,Mailed check,No,19.25,412.55,No,0.05562088247930368,Low
6340-DACFT,Female,0,Yes,Yes,50,Two year,Credit card (automatic),No,20.55,1070.25,No,0.0038731468220017415,Low
4955-VCWBI,Female,0,Yes,Yes,43,One year,Mailed check,No,20.0,817.95,No,0.011672024277700581,Low
6813-GZQCG,Female,0,Yes,Yes,45,Two year,Credit card (automatic),No,24.65,1171.3,No,0.00953249444952385,Low
7426-GSWPO,Male,1,No,No,64,Month-to-month,Bank transfer (automatic),Fiber optic,103.5,6548.65,No,0.29402600312644134,Low
3389-KTRXV,Female,0,Yes,Yes,23,Two year,Mailed check,No,23.85,625.65,No,0.0209979798405059,Low
3118-UHVVQ,Female,0,Yes,No,68,Two year,Credit card (automatic),No,25.8,1911.5,No,0.0026016891584912318,Low
1031-IIDEO,Female,0,No,No,1,Month-to-month,Electronic check,Fiber optic,70.85,70.85,Yes,0.7058136074620202,High
5832-XKAES,Male,0,No,No,2,Month-to-month,Credit card (automatic),Fiber optic,69.8,134.7,Yes,0.6026435816772787,Medium
3205-MXZRA,Male,0,No,No,26,One year,Credit card (automatic),DSL,59.45,1507.0,No,0.07441550220286018,Low
4701-AHWMW,Male,0,Yes,No,55,Month-to-month,Bank transfer (automatic),DSL,54.55,2978.3,Yes,0.13174071363192974,Low
8317-BVKSO,Male,0,No,No,14,Month-to-month,Electronic check,No,20.05,299.3,No,0.20220833732934693,Low
5702-KVQRD,Male,0,Yes,No,71,Two year,Electronic check,DSL,82.55,5832.65,No,0.01696890041080614,Low
0083-PIVIK,Male,0,No,No,64,One year,Electronic check,DSL,81.25,5567.55,No,0.030294600491797174,Low
9210-IAHGH,Female,0,No,No,7,Month-to-month,Credit card (automatic),DSL,70.75,450.8,Yes,0.38228216372026175,Medium
6169-PGNCD,Female,0,No,No,57,Two year,Credit card (automatic),DSL,74.3,4166.35,No,0.010666417213165741,Low
0023-XUOPT,Female,0,Yes,No,13,Month-to-month,Electronic check,Fiber optic,94.1,1215.6,Yes,0.5910173902639143,Medium
4592-IWTJI,Female,0,Yes,Yes,3,Month-to-month,Credit card (automatic),DSL,29.7,91.7,Yes,0.3430644653587288,Medium
4909-JOUPP,Male,1,Yes,No,72,Two year,Credit card (automatic),Fiber optic,109.7,7898.45,No,0.057327928034709826,Low
4657-FWVFY,Female,0,Yes,Yes,40,Month-to-month,Credit card (automatic),Fiber optic,96.35,3915.4,No,0.3659721751483111,Medium
2257-BOVXD,Male,0,Yes,No,14,Month-to-month,Credit card (automatic),DSL,66.6,979.5,No,0.3324740463935108,Medium
7729-JTEEC,Male,0,Yes,Yes,2,Month-to-month,Electronic check,DSL,44.5,90.05,No,0.4734584008175975,Medium
7632-MNYOY,Male,1,No,No,66,One year,Credit card (automatic),Fiber optic,110.9,7432.05,Yes,0.1382929782751518,Low
6518-LGAOV,Female,0,Yes,No,38,Month-to-month,Electronic check,Fiber optic,105.0,4026.4,Yes,0.5337099931699141,Medium
7242-QZLXF,Male,0,No,Yes,1,Month-to-month,Electronic check,DSL,25.3,25.3,Yes,0.6372829455391051,Medium
4576-CSAJH,Male,0,No,No,22,One year,Credit card (automatic),DSL,55.15,1193.05,Yes,0.0834957395040952,Low
1000-AJSLD,Male,0,No,No,1,Month-to-month,Mailed check,No,20.1,20.1,Yes,0.2583951792052962,Low
9696-RMYBA,Male,0,No,No,5,Month-to-month,Mailed check,Fiber optic,80.1,398.55,No,0.6313061996154051,Medium
8690-UPCZI,Male,0,Yes,Yes,29,One year,Bank transfer (automatic),DSL,69.05,1958.45,No,0.058061692359662916,Low
1062-LHZOD,Male,0,Yes,Yes,1,Month-to-month,Mailed check,Fiber optic,69.9,69.9,Yes,0.5811823008968223,Medium
9770-LXDBK,Female,0,No,No,3,Month-to-month,Mailed check,No,20.4,63.15,No,0.18554939718597557,Low
4086-WITJG,Male,0,Yes,Yes,71,Two year,Credit card (automatic),No,19.7,1301.1,No,0.0011705650482404836,Low
8344-WFMFH,Male,0,No,Yes,9,Month-to-month,Electronic check,DSL,50.1,484.05,No,0.3615382907064074,Medium
9600-NAXZN,Male,0,No,No,43,Month-to-month,Electronic check,Fiber optic,101.4,4528.0,Yes,0.5594659579005624,Medium
8822-KNBHV,Female,0,No,No,48,One year,Credit card (automatic),DSL,83.45,3887.85,No,0.07425477006060541,Low
8404-FYDIB,Male,0,No,No,26,Month-to-month,Credit card (automatic),Fiber optic,86.65,2208.75,No,0.339237130336805,Medium
2791-SFVEW,Female,0,No,No,9,Month-to-month,Bank transfer (automatic),No,20.15,238.15,No,0.1520601221394264,Low
6457-USBER,Male,0,No,No,1,Month-to-month,Electronic check,Fiber optic,80.8,80.8,Yes,0.7412750779788251,High
6762-NSODU,Female,0,Yes,Yes,46,Two year,Credit card (automatic),No,19.4,958.15,No,0.004686638549428304,Low
4662-EKDPQ,Male,0,No,No,2,Month-to-month,Bank transfer (automatic),DSL,62.05,118.3,Yes,0.4673400770292048,Medium
9248-OJYKK,Male,1,No,No,1,Month-to-month,Electronic check,Fiber optic,76.45,76.45,Yes,0.7875792249683647,High
9888-ZCUMM,Male,0,Yes,Yes,64,Two year,Bank transfer (automatic),DSL,60.05,3845.45,No,0.015854473482722193,Low
3398-FSHON,Female,1,No,No,12,Month-to-month,Electronic check,Fiber optic,91.3,1094.5,Yes,0.7341622723534132,High
3319-DWOEP,Male,1,Yes,No,6,Month-to-month,Electronic check,Fiber optic,95.75,573.75,Yes,0.7789970255522131,High
1074-WVEVG,Female,0,Yes,No,59,One year,Mailed check,No,20.35,1267.0,No,0.006158281083677205,Low
9979-RGMZT,Female,0,No,No,7,One year,Mailed check,Fiber optic,94.05,633.45,No,0.4635815475702485,Medium
6437-UDQJM,Female,1,Yes,No,72,Two year,Credit card (automatic),DSL,84.1,6129.65,No,0.02261024709068774,Low
1226-IENZN,Male,1,No,No,16,Month-to-month,Electronic check,Fiber optic,78.75,1218.25,No,0.6729513008690856,Medium
2108-GLPQB,Male,0,Yes,No,25,Month-to-month,Credit card (automatic),DSL,55.55,1405.3,No,0.19286676099292469,Low
9259-PACGQ,Female,0,Yes,No,34,Month-to-month,Electronic check,DSL,62.65,2274.9,Yes,0.09964720224517457,Low
4415-IJZTP,Female,0,No,No,1,Month-to-month,Electronic check,Fiber optic,74.5,74.5,Yes,0.7512213835663163,High
1465-VINDH,Female,0,Yes,Yes,10,Month-to-month,Credit card (automatic),Fiber optic,102.1,1068.85,Yes,0.6181261971804081,Medium
5474-LAMUQ,Male,0,Yes,No,24,One year,Mailed check,No,20.1,533.9,No,0.03657959819187078,Low
3468-DRVQJ,Female,0,Yes,Yes,10,One year,Electronic check,DSL,70.3,676.15,No,0.1769956786559529,Low
1122-YJBCS,Male,0,Yes,No,69,One year,Credit card (automatic),DSL,53.65,3804.4,No,0.012344562047349758,Low
4990-ALDGW,Male,0,No,No,57,Two year,Mailed check,No,20.75,1118.8,No,0.0030466222374801767,Low
4816-OKWNX,Male,0,Yes,Yes,50,One year,Bank transfer (automatic),Fiber optic,103.4,5236.4,No,0.14495971543524513,Low
3315-IKYZQ,Male,0,Yes,Yes,28,One year,Mailed check,DSL,50.8,1386.8,No,0.06761091739607954,Low
2810-FTLEM,Female,0,No,No,16,Month-to-month,Electronic check,DSL,50.15,762.25,Yes,0.2806811732499698,Low
4747-LCAQL,Male,0,No,No,25,Month-to-month,Mailed check,DSL,79.0,1902.0,No,0.157921362243335,Low
3411-WLRSQ,Female,1,Yes,No,3,Month-to-month,Bank transfer (automatic),Fiber optic,74.6,239.05,No,0.6310472286698378,Medium
0898-XCGTF,Male,0,Yes,No,61,One year,Bank transfer (automatic),Fiber optic,96.5,5673.7,No,0.22129200636949647,Low
8006-PYCSW,Female,0,No,No,2,Month-to-month,Mailed check,No,20.1,39.8,No,0.1931078606458451,Low
8249-THVEC,Male,0,Yes,Yes,51,One year,Mailed check,No,19.4,997.75,No,0.007517731074730576,Low
8722-PRFDV,Female,0,Yes,Yes,71,Two year,Credit card (automatic),DSL,77.55,5574.35,No,0.00963898268640625,Low
2164-SOQXL,Female,0,Yes,Yes,20,Month-to-month,Mailed check,No,20.05,406.05,No,0.07359793190161512,Low
4020-KIUDI,Male,0,Yes,Yes,6,Month-to-month,Credit card (automatic),No,19.85,138.85,No,0.1371226182125134,Low
5850-BDWCY,Female,0,No,No,6,Month-to-month,Mailed check,No,20.2,123.65,No,0.16258403604269636,Low
2038-YSEZE,Female,0,No,No,29,Month-to-month,Mailed check,DSL,67.45,1801.1,No,0.08462081446534456,Low
0827-ITJPH,Male,0,No,No,36,Two year,Credit card (automatic),No,18.55,689.0,No,0.012335322067209008,Low
8799-OXZMD,Female,0,No,No,28,Month-to-month,Mailed check,DSL,29.75,790.7,No,0.2625632602604077,Low
1925-TIBLE,Female,0,Yes,No,7,Month-to-month,Electronic check,Fiber optic,86.5,582.5,Yes,0.7535370882116029,High
1705-GUHPV,Female,0,No,No,63,Two year,Mailed check,No,24.2,1618.2,No,0.003215506491498329,Low
4779-ZGICK,Male,0,Yes,Yes,48,Two year,Mailed check,No,23.55,1173.35,No,0.00563766676068204,Low
0048-PIHNL,Female,0,Yes,No,49,One year,Bank transfer (automatic),No,20.45,900.9,No,0.010501601754868662,Low
0818-OCPZO,Male,1,No,No,27,Month-to-month,Electronic check,Fiber optic,81.45,2122.05,Yes,0.5614040101149277,Medium
3967-KXAPS,Male,0,Yes,No,72,Two year,Credit card (automatic),DSL,92.3,6719.9,No,0.010899942281661013,Low
1447-GIQMR,Male,0,Yes,No,1,Month-to-month,Electronic check,Fiber optic,69.15,69.15,Yes,0.6984163727754856,Medium
3704-IEAXF,Female,0,Yes,Yes,72,Two year,Credit card (automatic),DSL,53.65,3784.0,No,0.008466127321684908,Low
6810-VCAEX,Female,0,No,No,47,One year,Credit card (automatic),DSL,39.65,1798.65,No,0.022208058058654112,Low
0674-EYYZV,Female,0,No,No,1,Month-to-month,Electronic check,DSL,54.65,54.65,No,0.5760130742531059,Medium
4480-MBMLB,Female,0,No,No,36,One year,Bank transfer (automatic),Fiber optic,104.8,3886.45,No,0.36085357180266747,Medium
1395-OFUWC,Male,0,Yes,Yes,43,Month-to-month,Credit card (automatic),DSL,29.3,1224.05,No,0.07897162118779721,Low
0822-QGCXA,Female,1,Yes,No,27,Month-to-month,Electronic check,DSL,83.85,2310.2,No,0.30550369987980874,Medium
0872-NXJYS,Female,0,No,No,9,Month-to-month,Electronic check,Fiber optic,79.55,723.4,Yes,0.6892078138378482,Medium
2832-KJCRD,Female,0,No,No,38,Month-to-month,Electronic check,Fiber optic,103.65,3988.5,No,0.5273483734655228,Medium
3588-WSTTJ,Female,1,No,No,35,Month-to-month,Electronic check,Fiber optic,99.05,3554.6,No,0.5965566205867375,Medium
4075-WKNIU,Female,0,Yes,Yes,0,Two year,Mailed check,DSL,73.35,1397.475,No,0.13264094739868318,Low
5090-EMGTC,Female,0,Yes,No,59,Two year,Mailed check,Fiber optic,100.05,6034.85,No,0.06757196862978747,Low
2346-CZYIL,Male,0,No,No,27,Two year,Credit card (automatic),No,20.35,531.6,No,0.014328025814964238,Low
3798-EPWRR,Female,1,No,No,2,Month-to-month,Electronic check,DSL,43.95,85.1,No,0.4825126476805776,Medium
6258-NGCNG,Male,0,No,No,7,Month-to-month,Mailed check,No,23.5,173.0,No,0.18548438838556403,Low
4186-ZBUEW,Female,0,No,No,36,One year,Mailed check,DSL,70.7,2511.95,No,0.09001514599046077,Low
5274-XHAKY,Female,0,Yes,Yes,41,Month-to-month,Bank transfer (automatic),Fiber optic,94.3,3893.6,No,0.2903609732497472,Low
1442-BQPVU,Female,0,No,No,13,Month-to-month,Electronic check,DSL,29.15,357.15,No,0.40286826460675024,Medium
3978-YNKDD,Male,0,No,Yes,19,Two year,Credit card (automatic),No,20.85,467.5,No,0.01926675439079651,Low
4940-KHCWD,Female,0,Yes,No,60,Two year,Bank transfer (automatic),DSL,37.7,2288.7,No,0.006177713092819231,Low
9412-ARGBX,Female,0,No,Yes,48,Two year,Mailed check,Fiber optic,95.5,4627.85,Yes,0.05583397860907374,Low
1389-CXMLU,Male,1,No,No,3,Month-to-month,Electronic check,Fiber optic,91.05,289.1,Yes,0.7395519792167211,High
9589-ABEPT,Male,0,Yes,No,69,Two year,Mailed check,Fiber optic,92.45,6460.55,No,0.04381376432982602,Low
9388-ZEYVT,Male,0,No,No,43,One year,Electronic check,DSL,44.15,1931.3,No,0.0814893384480954,Low
0305-SQECB,Female,0,No,Yes,11,One year,Mailed check,DSL,36.05,402.6,No,0.1550141522610525,Low
7605-SNLQG,Female,0,Yes,No,45,Month-to-month,Credit card (automatic),DSL,50.25,2221.55,No,0.09717444531513478,Low
4670-TABXH,Male,0,Yes,No,72,Two year,Credit card (automatic),Fiber optic,109.75,7758.9,No,0.062403727572483574,Low
5561-NWEVX,Female,1,Yes,No,2,Month-to-month,Electronic check,Fiber optic,79.2,172.85,Yes,0.7086444627973856,High
0064-SUDOG,Female,0,Yes,Yes,12,Two year,Bank transfer (automatic),No,20.3,224.5,No,0.029747319169873332,Low
8561-NMTBD,Female,0,Yes,Yes,67,One year,Credit card (automatic),Fiber optic,112.35,7388.45,No,0.13157901522371485,Low
5161-XEUVX,Male,0,Yes,No,37,Two year,Mailed check,Fiber optic,94.3,3460.95,No,0.08686543291733088,Low
8292-FRFZQ,Female,0,No,No,39,One year,Bank transfer (automatic),DSL,41.15,1700.9,No,0.037597726369710815,Low
8591-NXRCV,Female,0,No,No,41,Month-to-month,Bank transfer (automatic),DSL,74.65,3090.65,No,0.12174593619837588,Low
7895-VONWT,Female,0,No,No,25,Month-to-month,Electronic check,DSL,48.25,1293.8,No,0.5099411693223135,Medium
4526-RMTLL,Male,0,Yes,Yes,8,Two year,Credit card (automatic),DSL,76.15,645.8,No,0.06863211200156467,Low
6253-GNHWH,Female,0,Yes,Yes,71,Two year,Mailed check,DSL,71.1,5224.95,No,0.004376886060076638,Low
4566-NECEV,Male,0,No,No,5,Month-to-month,Electronic check,Fiber optic,96.55,500.1,No,0.6501482402398648,Medium
8080-POTJR,Female,0,No,No,30,One year,Credit card (automatic),DSL,79.3,2427.1,No,0.1493551520308956,Low
6906-MPARY,Male,0,No,No,40,One year,Credit card (automatic),Fiber optic,89.6,3488.15,No,0.142280927286662,Low
3662-FXJFO,Female,0,No,No,54,Two year,Mailed check,No,20.5,1035.7,No,0.005101857068618144,Low
8107-RZLNV,Male,0,Yes,No,72,Two year,Bank transfer (automatic),Fiber optic,106.3,7565.35,No,0.09155541342082443,Low
0516-OOHAR,Male,0,Yes,Yes,28,One year,Bank transfer (automatic),Fiber optic,100.35,2799.0,No,0.2310415959530633,Low
2027-CWDNU,Male,0,Yes,Yes,18,Month-to-month,Electronic check,Fiber optic,85.6,1601.5,No,0.499850264883827,Medium
2737-WFVYW,Female,0,No,No,2,Month-to-month,Electronic check,DSL,45.25,85.5,Yes,0.7477500264971997,High
9912-OMZDS,Female,0,Yes,Yes,59,One year,Electronic check,Fiber optic,106.15,6256.2,No,0.2650244811290254,Low
3733-ZEECP,Male,0,Yes,Yes,22,Month-to-month,Electronic check,DSL,51.1,1232.9,No,0.2160773558743226,Low
7878-RTCZG,Female,0,No,No,1,Month-to-month,Mailed check,No,19.9,19.9,No,0.2012082097143453,Low
2452-MRMZF,Female,1,Yes,No,72,Two year,Credit card (automatic),No,25.7,1937.4,No,0.0036071779647561682,Low
2272-QAGFO,Female,1,No,No,14,Month-to-month,Electronic check,Fiber optic,74.3,1096.25,Yes,0.704947614687647,High
7103-IPXPJ,Male,0,Yes,No,50,One year,Electronic check,Fiber optic,99.4,5059.75,No,0.22419327643334522,Low
4342-HFXWS,Female,0,Yes,Yes,48,One year,Bank transfer (automatic),DSL,69.7,3023.65,No,0.02109822225422205,Low
3545-CNWRG,Female,0,Yes,Yes,49,Month-to-month,Electronic check,Fiber optic,98.35,4889.2,No,0.46079309456998047,Medium
1785-BPHTP,Male,0,Yes,Yes,28,Month-to-month,Electronic check,Fiber optic,85.45,2289.9,No,0.3992063533302735,Medium
4989-LIXVT,Male,1,No,No,68,Month-to-month,Electronic check,Fiber optic,95.9,6503.2,No,0.34412736773237046,Medium
7315-WYOAW,Male,0,No,No,13,Month-to-month,Electronic check,Fiber optic,100.75,1313.25,No,0.6081862579842647,Medium
1173-XZPYF,Female,0,No,No,11,Month-to-month,Electronic check,Fiber optic,89.2,990.3,No,0.7181702375479333,High
9850-OWRHQ,Female,0,Yes,No,3,Month-to-month,Credit card (automatic),Fiber optic,74.1,228.0,Yes,0.6562181758907514,Medium
3768-NLUBH,Male,1,Yes,No,57,Month-to-month,Electronic check,Fiber optic,100.6,5746.15,Yes,0.44576881051611905,Medium
8676-TRMJS,Male,0,No,No,3,Month-to-month,Mailed check,Fiber optic,75.0,209.1,Yes,0.5750657627619206,Medium
2509-TFPJU,Male,0,Yes,No,72,Two year,Credit card (automatic),No,25.75,1864.2,No,0.001977075938370588,Low
9530-GRMJG,Male,0,Yes,Yes,70,Two year,Electronic check,DSL,84.1,5979.7,No,0.02480165820400375,Low
6898-RBTLU,Female,0,Yes,Yes,49,Two year,Bank transfer (automatic),DSL,79.3,3902.45,No,0.025131583798826837,Low
5481-NTDOH,Female,1,Yes,No,67,One year,Credit card (automatic),Fiber optic,107.05,7142.5,No,0.18992217529361893,Low
2068-WWXQZ,Male,0,No,No,46,Two year,Bank transfer (automatic),No,20.05,902.0,No,0.005751816555135304,Low
7359-SSBJK,Female,1,No,No,64,Two year,Credit card (automatic),DSL,70.2,4481.0,Yes,0.01024033091243262,Low
2061-VVFST,Female,0,Yes,No,37,Month-to-month,Bank transfer (automatic),No,19.5,805.2,No,0.03923645132594445,Low
0685-MLYYM,Female,1,No,No,2,Month-to-month,Electronic check,Fiber optic,70.75,154.85,Yes,0.6698733303683022,Medium
0749-IRGQE,Female,1,Yes,No,13,Month-to-month,Electronic check,DSL,45.3,528.45,No,0.6094852267247671,Medium
2380-DAMQP,Female,0,Yes,No,72,Two year,Electronic check,Fiber optic,115.15,8349.7,No,0.05440885993451752,Low
2256-YLYLP,Male,0,Yes,Yes,68,Two year,Bank transfer (automatic),DSL,72.95,4953.25,No,0.014007476098753198,Low
1272-ILHFG,Male,0,Yes,Yes,15,One year,Mailed check,No,19.65,332.65,No,0.04916275017563201,Low
0164-XAIRP,Female,0,No,No,24,Two year,Bank transfer (automatic),No,19.55,470.2,No,0.025994157457704368,Low
5666-CYCYZ,Female,0,No,No,24,Month-to-month,Electronic check,Fiber optic,89.55,2259.35,No,0.5650986822491552,Medium
4011-ARPHK,Male,0,No,No,27,Month-to-month,Mailed check,DSL,50.35,1411.35,No,0.10765551477392335,Low
8182-PNAGI,Male,0,No,No,12,Month-to-month,Bank transfer (automatic),DSL,50.25,593.75,Yes,0.19782047954674603,Low
6365-HITVU,Female,0,Yes,Yes,71,Two year,Credit card (automatic),DSL,87.25,6328.7,No,0.00705488371335774,Low
7558-IMLMT,Male,0,Yes,Yes,67,Two year,Mailed check,No,20.8,1411.9,No,0.002245070281092334,Low
9488-FYQAU,Female,0,Yes,No,63,Two year,Bank transfer (automatic),Fiber optic,109.25,6841.4,No,0.08604514945307587,Low
3590-TCXTB,Male,0,No,No,1,Month-to-month,Mailed check,No,20.35,20.35,No,0.19815855467748458,Low
6994-KERXL,Male,0,No,No,4,Month-to-month,Electronic check,DSL,55.9,238.5,No,0.5462924419170349,Medium
7957-RYHQD,Female,1,No,No,40,Month-to-month,Credit card (automatic),Fiber optic,79.2,3233.85,Yes,0.2324103815677042,Low
2180-DXNEG,Female,0,No,No,12,Month-to-month,Electronic check,Fiber optic,96.0,1062.1,Yes,0.7050935399098416,High
1960-UOTYM,Male,0,Yes,Yes,52,Two year,Electronic check,DSL,79.2,4016.3,No,0.020976834464191844,Low
2740-JFBOK,Male,0,No,No,10,Month-to-month,Electronic check,No,24.0,226.55,No,0.2833977832805229,Low
6500-JVEGC,Male,0,No,No,68,One year,Bank transfer (automatic),Fiber optic,101.35,7110.75,No,0.08360054589918238,Low
5515-AKOAJ,Female,0,No,No,54,Month-to-month,Electronic check,Fiber optic,100.1,5440.9,Yes,0.4234152523178073,Medium
8976-OQHGT,Female,0,Yes,Yes,4,Month-to-month,Mailed check,DSL,56.5,235.1,Yes,0.1978771666163902,Low
5245-VDBUR,Female,0,Yes,No,52,One year,Mailed check,DSL,35.45,1958.95,No,0.02940420729014257,Low
6230-BSUXY,Female,1,No,No,1,Month-to-month,Electronic check,Fiber optic,85.0,85.0,Yes,0.7734156444762886,High
8469-SNFFH,Male,0,Yes,No,70,One year,Bank transfer (automatic),DSL,79.4,5528.9,No,0.015564744019464142,Low
2144-ESWKO,Male,0,No,No,43,One year,Credit card (automatic),DSL,35.2,1463.7,No,0.0557761457776859,Low
1241-FPMOF,Male,0,No,No,52,Two year,Mailed check,No,19.65,1025.05,No,0.003935537320302036,Low
9928-BZVLZ,Female,0,No,No,12,Two year,Mailed check,DSL,49.85,552.1,No,0.07450583586533846,Low
4114-QMKVN,Female,0,Yes,Yes,56,One year,Bank transfer (automatic),DSL,68.75,3815.4,No,0.027603338012774245,Low
2775-SEFEE,Male,0,No,Yes,0,Two year,Bank transfer (automatic),DSL,61.9,1397.475,No,0.11479345480363154,Low
9003-CPATH,Male,0,No,No,42,Month-to-month,Electronic check,Fiber optic,79.9,3313.4,No,0.329836220850335,Medium
1754-GKYPY,Male,1,Yes,No,22,Month-to-month,Bank transfer (automatic),Fiber optic,89.75,1938.9,No,0.6207860361122779,Medium
5294-CDGWY,Male,0,Yes,Yes,51,One year,Electronic check,DSL,59.3,3014.65,Yes,0.06185558704435835,Low
7956-XQWGU,Male,0,No,No,27,Month-to-month,Credit card (automatic),No,19.4,460.25,No,0.07697698157846083,Low
1591-MQJTP,Male,1,Yes,No,51,One year,Bank transfer (automatic),Fiber optic,93.65,4839.15,No,0.19976997825136328,Low
5295-PCJOO,Male,0,No,Yes,4,Month-to-month,Electronic check,DSL,49.4,184.4,Yes,0.3543074047049991,Medium
2369-FEVNO,Male,0,No,No,1,Month-to-month,Mailed check,No,19.9,19.9,No,0.25806476929302224,Low
9863-JZAIC,Male,0,No,No,35,Month-to-month,Mailed check,DSL,55.0,2010.55,Yes,0.14050754333930005,Low
7471-MQPOS,Male,1,Yes,Yes,71,One year,Bank transfer (automatic),DSL,72.9,5139.65,No,0.028518636996555293,Low
7660-HDPJV,Female,0,No,No,1,Month-to-month,Electronic check,Fiber optic,69.2,69.2,Yes,0.702850071098334,High
5115-SQAAU,Female,0,Yes,Yes,69,Two year,Bank transfer (automatic),No,25.6,1673.4,No,0.002993219253412508,Low
9845-QOMAD,Male,0,Yes,Yes,14,One year,Mailed check,No,19.75,309.35,No,0.05168021626307113,Low
7672-VFMXZ,Male,0,Yes,No,57,Month-to-month,Electronic check,DSL,55.7,3171.6,No,0.03429053045014083,Low
9739-JLPQJ,Female,0,Yes,Yes,72,Two year,Credit card (automatic),Fiber optic,117.5,8670.1,No,0.0363398707176478,Low
9916-AYHTC,Male,0,No,No,48,Two year,Credit card (automatic),No,19.85,916.0,No,0.004699366246418636,Low
3855-ONCAR,Female,0,Yes,Yes,4,Month-to-month,Mailed check,Fiber optic,78.9,299.75,No,0.6046301034674758,Medium
1488-SYSFC,Male,0,Yes,Yes,31,Month-to-month,Electronic check,No,20.65,702.05,No,0.0832418203836317,Low
7931-PXHFC,Male,0,No,No,38,One year,Mailed check,DSL,62.3,2354.8,Yes,0.06594547829820559,Low
3990-QYKBE,Male,1,Yes,No,37,Month-to-month,Electronic check,Fiber optic,92.5,3473.4,Yes,0.6492687266885561,Medium
0970-QXPXW,Female,0,No,No,1,Month-to-month,Mailed check,No,19.65,19.65,No,0.2008618825069487,Low
3259-KNMRR,Male,1,No,No,57,Two year,Bank transfer (automatic),DSL,79.75,4438.2,No,0.049865989054215965,Low
6120-RJKLU,Female,1,Yes,No,62,Two year,Credit card (automatic),DSL,79.95,4819.75,No,0.017556882069745466,Low
9572-WUKSB,Male,0,Yes,No,3,Month-to-month,Electronic check,DSL,29.9,92.25,No,0.5610409552246932,Medium
5893-KCLGT,Female,0,No,Yes,72,Two year,Mailed check,No,19.75,1567.0,No,0.0017765797273367537,Low
0076-LVEPS,Male,0,No,Yes,29,Month-to-month,Mailed check,DSL,45.0,1242.45,No,0.11107196556063535,Low
3640-JQGJG,Male,0,Yes,Yes,13,Month-to-month,Bank transfer (automatic),DSL,44.8,559.2,No,0.22243400767308463,Low
4919-MOAVT,Male,0,No,Yes,3,Month-to-month,Electronic check,Fiber optic,69.65,220.1,Yes,0.5670226782555656,Medium
1596-OQSPS,Female,0,No,No,11,Month-to-month,Electronic check,DSL,51.1,531.15,No,0.30354769941809584,Medium
9867-XOBQA,Female,0,No,Yes,21,Two year,Mailed check,DSL,53.15,1183.2,No,0.038850778034264,Low
9546-KDTRB,Female,0,No,No,19,Month-to-month,Bank transfer (automatic),No,24.7,465.85,No,0.1190452276173929,Low
3090-HAWSU,Male,0,No,No,61,Two year,Credit card (automatic),Fiber optic,111.6,6876.05,Yes,0.07223140199789786,Low
9820-RMCQV,Female,0,No,No,11,Month-to-month,Credit card (automatic),DSL,48.55,501.0,Yes,0.18611232054970822,Low
3174-RKMOW,Male,0,Yes,Yes,35,Month-to-month,Electronic check,Fiber optic,109.95,3782.4,No,0.46981472273599745,Medium
1760-CAZHT,Male,0,No,Yes,25,Month-to-month,Mailed check,No,20.8,460.2,No,0.055706558538258316,Low
7839-QRKXN,Female,0,No,No,1,Month-to-month,Mailed check,No,20.2,20.2,Yes,0.262987284007505,Low
8441-SHIPE,Female,0,No,No,67,Two year,Bank transfer (automatic),No,25.6,1790.35,No,0.004073954892380437,Low
5204-QZXPU,Male,0,No,No,19,Month-to-month,Electronic check,DSL,39.65,733.35,Yes,0.5018322340258694,Medium
4597-ELFTS,Male,0,No,No,56,One year,Electronic check,No,24.9,1334.0,Yes,0.013239870076004742,Low
1320-GVNHT,Male,0,Yes,Yes,72,Two year,Credit card (automatic),Fiber optic,108.4,7767.25,No,0.052121795977235603,Low
1047-RNXZV,Male,0,No,No,43,Two year,Mailed check,No,19.55,876.15,No,0.006372340894281124,Low
3541-ZNUHK,Female,0,Yes,Yes,55,Month-to-month,Electronic check,Fiber optic,85.1,4600.95,No,0.20156788714637566,Low
8450-JOVAH,Male,0,Yes,Yes,2,Month-to-month,Mailed check,DSL,56.7,113.55,Yes,0.2786358640547184,Low
8725-JEDFD,Male,0,No,No,27,Month-to-month,Mailed check,Fiber optic,69.05,1793.25,No,0.3739089587806934,Medium
7562-UXTPG,Female,0,No,No,13,Month-to-month,Mailed check,Fiber optic,70.15,886.7,No,0.5140963395697491,Medium
8071-SBTRN,Female,0,No,No,70,Two year,Mailed check,Fiber optic,111.15,7737.55,No,0.07131295742756047,Low
1113-IUJYX,Female,0,Yes,No,14,One year,Mailed check,Fiber optic,105.95,1348.9,Yes,0.191771161674255,Low
6668-CNMFP,Female,0,Yes,Yes,19,One year,Bank transfer (automatic),Fiber optic,89.35,1686.85,No,0.319461290978972,Medium
5626-MGTUK,Female,0,No,No,20,Month-to-month,Bank transfer (automatic),Fiber optic,89.1,1879.25,No,0.5090060873259372,Medium
5681-LLOEI,Male,0,Yes,Yes,43,One year,Credit card (automatic),Fiber optic,91.25,4013.8,No,0.10116638644046258,Low
8212-DJRCH,Male,0,Yes,Yes,5,Month-to-month,Mailed check,Fiber optic,90.35,434.5,No,0.4879996328343913,Medium
4323-OHFOW,Female,1,Yes,No,70,One year,Bank transfer (automatic),Fiber optic,105.55,7195.35,No,0.16354059288232428,Low
4933-BSAIP,Female,0,Yes,No,40,Two year,Mailed check,No,19.1,780.1,No,0.007532531422971136,Low
2030-BTZRO,Male,0,Yes,Yes,6,Two year,Credit card (automatic),No,20.4,107.6,No,0.05064170247513091,Low
1116-DXXDF,Male,0,No,No,39,Two year,Electronic check,Fiber optic,100.45,3801.7,No,0.1524464457286553,Low
9274-CNFMO,Male,1,Yes,No,4,Month-to-month,Electronic check,Fiber optic,74.95,308.7,Yes,0.7007667443918667,High
7758-XKCBS,Male,0,No,No,15,Month-to-month,Electronic check,DSL,29.7,438.25,Yes,0.4113243401433045,Medium
8992-JQYUN,Male,0,Yes,No,1,Month-to-month,Electronic check,DSL,50.35,50.35,Yes,0.7428411059778964,High
6563-VNPMN,Female,1,No,No,45,Month-to-month,Bank transfer (automatic),Fiber optic,85.7,3778.1,No,0.16891206452073615,Low
0617-AQNWT,Female,0,Yes,No,64,Two year,Electronic check,DSL,47.85,3147.5,Yes,0.011868570686527871,Low
2267-WTPYD,Female,1,Yes,No,57,Month-to-month,Credit card (automatic),Fiber optic,94.0,5438.95,No,0.2578271361859772,Low
0270-THENM,Male,0,Yes,Yes,72,Two year,Bank transfer (automatic),DSL,69.85,5102.35,No,0.00408423241166568,Low
2446-PLQVO,Male,0,No,No,1,Month-to-month,Electronic check,Fiber optic,70.3,70.3,Yes,0.7000276556759848,High
4707-MAXGU,Male,0,Yes,No,72,Two year,Credit card (automatic),No,25.85,1872.2,No,0.0019837539456353144,Low
2710-WYVXG,Female,0,No,No,3,Two year,Mailed check,DSL,71.1,213.35,No,0.055531898640071006,Low
3005-NFMTA,Male,1,No,No,55,Month-to-month,Electronic check,Fiber optic,98.8,5617.75,Yes,0.45999103216155807,Medium
6300-BWMJX,Female,0,Yes,No,59,Month-to-month,Electronic check,Fiber optic,93.35,5386.5,No,0.2259016831520276,Low
8784-CGILN,Female,0,No,No,18,Month-to-month,Bank transfer (automatic),Fiber optic,99.85,1776.95,Yes,0.5871301777353644,Medium
5389-FFVKB,Male,1,Yes,No,32,Month-to-month,Credit card (automatic),Fiber optic,80.3,2483.05,Yes,0.45129073075290016,Medium
7009-LGECI,Female,0,No,No,4,Month-to-month,Bank transfer (automatic),DSL,50.55,235.65,No,0.33273161340511187,Medium
8444-WRIDW,Female,1,No,No,66,Month-to-month,Credit card (automatic),Fiber optic,80.45,5224.35,Yes,0.19053739417016907,Low
5022-KVDQT,Male,0,No,No,27,Month-to-month,Electronic check,Fiber optic,81.3,2272.8,No,0.5509828568809134,Medium
7976-CICYS,Male,0,No,No,4,Month-to-month,Credit card (automatic),No,20.7,83.75,No,0.22581161420444343,Low
1036-GUDCL,Male,0,Yes,Yes,60,Month-to-month,Credit card (automatic),DSL,79.05,4663.4,No,0.04546044115225613,Low
2005-DWQZJ,Female,0,Yes,Yes,8,Two year,Mailed check,No,19.05,201.7,No,0.03462904628963944,Low
8148-WOCMK,Male,0,Yes,Yes,8,Two year,Credit card (automatic),No,19.6,125.0,No,0.032416057397812476,Low
7815-PDTHL,Male,0,No,No,35,Two year,Mailed check,No,20.2,684.4,No,0.013573723432668808,Low
9451-LPGOO,Male,0,No,No,7,Month-to-month,Electronic check,Fiber optic,86.8,620.35,Yes,0.7535677603471773,High
9173-IVZVP,Female,0,Yes,Yes,53,Two year,Mailed check,No,20.9,1146.05,No,0.0034196345360692363,Low
9129-UXERG,Female,1,No,No,18,Month-to-month,Credit card (automatic),Fiber optic,103.6,1806.35,No,0.5740840679146989,Medium
3635-JBPSG,Female,0,No,No,15,Two year,Mailed check,DSL,38.8,603.0,No,0.15608476301048957,Low
7964-ZRKKG,Male,0,Yes,No,67,One year,Bank transfer (automatic),Fiber optic,88.4,5798.3,No,0.12202820370200251,Low
5868-YWPDW,Male,1,Yes,No,6,Month-to-month,Electronic check,Fiber optic,84.2,519.15,Yes,0.7151053790324906,High
6229-LSCKB,Male,1,No,No,6,Month-to-month,Electronic check,Fiber optic,79.7,497.6,No,0.7466617727976961,High
2025-JKFWI,Male,0,No,No,13,Month-to-month,Mailed check,Fiber optic,99.0,1301.7,Yes,0.5997780020860193,Medium
4078-SAYYN,Female,0,No,No,11,Month-to-month,Electronic check,Fiber optic,100.75,1129.75,Yes,0.7668079261762326,High
1724-IQWNM,Male,0,No,Yes,1,Month-to-month,Mailed check,No,19.3,19.3,No,0.22842581895943465,Low
8217-QYOHV,Male,0,No,No,5,Month-to-month,Mailed check,DSL,55.75,266.95,No,0.2306674986755505,Low
5546-QUERU,Male,0,No,No,13,One year,Mailed check,No,19.95,257.0,No,0.08579942882388666,Low
9940-HPQPG,Female,0,Yes,No,9,Month-to-month,Bank transfer (automatic),Fiber optic,91.75,865.8,Yes,0.4074839184457925,Medium
6897-UUBNU,Male,0,No,No,29,Month-to-month,Mailed check,Fiber optic,89.65,2623.65,No,0.25432428811421937,Low
6127-IYJOZ,Male,1,No,No,1,Month-to-month,Mailed check,DSL,45.85,45.85,No,0.48814694419090043,Medium
6618-RYATB,Female,0,No,No,1,Month-to-month,Mailed check,Fiber optic,79.55,79.55,Yes,0.6660958524569385,Medium
8930-XOTDP,Female,0,Yes,Yes,18,Month-to-month,Mailed check,DSL,55.95,1082.8,No,0.22734014180409445,Low
5916-QEWPT,Female,0,Yes,No,2,Month-to-month,Credit card (automatic),DSL,69.0,147.8,No,0.4215768895239516,Medium
5060-TQUQN,Male,0,Yes,Yes,30,Month-to-month,Bank transfer (automatic),Fiber optic,83.55,2570.2,No,0.29863682327525787,Low
0531-XBKMM,Male,0,No,Yes,66,Two year,Bank transfer (automatic),DSL,65.7,4378.9,No,0.004902474845829631,Low
8465-SBRXP,Male,0,Yes,Yes,38,Two year,Bank transfer (automatic),Fiber optic,94.9,3616.25,No,0.10856367097482748,Low
2408-PSJVE,Male,0,Yes,Yes,44,Month-to-month,Mailed check,DSL,61.9,2924.05,No,0.06671276879365796,Low
9079-YEXQJ,Female,0,No,No,54,Month-to-month,Electronic check,Fiber optic,111.1,6014.85,Yes,0.3332154662390246,Medium
9700-ZCLOT,Male,0,No,No,2,Month-to-month,Mailed check,No,20.0,32.7,No,0.18908024167803078,Low
8738-JOKAR,Female,0,No,No,42,One year,Mailed check,DSL,67.7,2882.25,No,0.03849197989639191,Low
4534-WGCIR,Female,0,Yes,Yes,58,Two year,Credit card (automatic),No,25.15,1509.9,No,0.003517464577544178,Low
1930-WNXSB,Male,0,Yes,Yes,58,Month-to-month,Electronic check,Fiber optic,92.85,5305.05,No,0.3048112050535143,Medium
2685-SREOM,Female,0,Yes,Yes,25,Month-to-month,Electronic check,Fiber optic,89.1,2368.4,Yes,0.5991886435796007,Medium
3508-CFVZL,Female,0,No,No,71,Two year,Mailed check,Fiber optic,111.3,7985.9,No,0.035269640380694675,Low
0402-CQAJN,Female,0,No,No,37,Month-to-month,Bank transfer (automatic),Fiber optic,101.9,3545.35,Yes,0.4780586981459234,Medium
6692-UDPJC,Female,0,Yes,Yes,14,Month-to-month,Electronic check,Fiber optic,91.65,1301.0,Yes,0.599001897295718,Medium
1273-MTETI,Female,1,No,No,4,Month-to-month,Electronic check,Fiber optic,88.85,372.45,Yes,0.797737227217867,High
0657-DOGUM,Female,0,Yes,No,48,One year,Bank transfer (automatic),DSL,60.6,2985.25,No,0.03793707010129261,Low
5480-HPRRX,Female,1,No,No,3,Month-to-month,Electronic check,DSL,25.3,77.75,Yes,0.6240151329164212,Medium
8792-AOROI,Female,0,Yes,No,8,Two year,Mailed check,DSL,65.5,564.35,No,0.0549863958168945,Low
0295-PPHDO,Male,0,No,No,1,Month-to-month,Electronic check,Fiber optic,95.45,95.45,Yes,0.8147621868290099,High
5146-YYFRZ,Male,0,No,No,67,Two year,Bank transfer (automatic),No,19.95,1311.75,No,0.001896995078966491,Low
1195-OIYEJ,Male,0,No,No,13,Month-to-month,Electronic check,Fiber optic,91.1,1135.7,Yes,0.7042811677937757,High
5906-CVLHP,Female,0,Yes,Yes,45,One year,Credit card (automatic),DSL,54.15,2319.8,Yes,0.028274224765078113,Low
3452-SRFEG,Male,0,No,No,49,Month-to-month,Bank transfer (automatic),Fiber optic,74.6,3720.35,No,0.2896765420384716,Low
4070-OKWVH,Female,0,Yes,No,52,Month-to-month,Bank transfer (automatic),Fiber optic,94.6,5025.8,No,0.26450970162131504,Low
5297-MDOIR,Female,0,Yes,No,63,One year,Credit card (automatic),Fiber optic,81.15,5224.5,No,0.06487922879151543,Low
6369-MCAKO,Female,0,Yes,Yes,68,Two year,Bank transfer (automatic),DSL,89.05,6185.8,No,0.01524407989982173,Low
4926-UMJZD,Female,0,Yes,No,31,Month-to-month,Mailed check,DSL,49.2,1498.55,No,0.12607447914177314,Low
6848-HJTXY,Female,0,Yes,No,64,Two year,Credit card (automatic),No,19.45,1208.6,No,0.0020509232523336853,Low
6341-AEVKX,Female,0,Yes,No,62,One year,Electronic check,Fiber optic,104.3,6613.65,No,0.14364574940260114,Low
4501-EQDRN,Female,0,No,No,1,Month-to-month,Bank transfer (automatic),Fiber optic,69.7,69.7,Yes,0.5545354282640046,Medium
2990-HWIML,Female,0,No,No,6,Month-to-month,Electronic check,Fiber optic,89.5,573.3,Yes,0.7526091624568945,High
0682-USIXD,Female,0,Yes,No,21,Month-to-month,Electronic check,Fiber optic,86.05,1818.9,No,0.515735252795366,Medium
6976-BWGLQ,Female,0,Yes,Yes,72,Two year,Bank transfer (automatic),No,25.2,1787.35,No,0.0018354080762476887,Low
7078-NVFAM,Female,0,Yes,Yes,32,Month-to-month,Electronic check,DSL,35.15,1051.05,No,0.18254502982510332,Low
8065-QBYTO,Female,1,No,No,71,One year,Credit card (automatic),Fiber optic,99.65,7181.25,No,0.0836867221280346,Low
2133-TSRRM,Female,0,No,Yes,34,Month-to-month,Bank transfer (automatic),Fiber optic,105.35,3688.6,No,0.3464826044591901,Medium
7384-GHBPI,Male,0,Yes,No,3,Month-to-month,Electronic check,DSL,35.15,99.75,Yes,0.6950059289249282,Medium
7603-USHJS,Male,0,No,Yes,12,Month-to-month,Credit card (automatic),Fiber optic,73.75,871.4,Yes,0.5336159242992873,Medium
7234-FECYN,Female,1,No,No,8,Month-to-month,Electronic check,Fiber optic,101.35,780.5,Yes,0.7553569604257311,High
2511-ALLCS,Female,0,Yes,Yes,35,Two year,Bank transfer (automatic),No,24.3,821.6,No,0.011843693849971177,Low
3191-CSNMG,Female,0,Yes,Yes,3,Month-to-month,Electronic check,Fiber optic,80.7,239.45,No,0.6989564694795286,Medium
7952-OBOYL,Male,0,No,No,3,Month-to-month,Mailed check,Fiber optic,89.85,244.45,No,0.543629444225075,Medium
7470-DYNOE,Male,0,No,No,53,One year,Electronic check,DSL,61.1,3357.9,No,0.07953768444182709,Low
7853-OETYL,Female,0,Yes,No,4,Month-to-month,Electronic check,DSL,29.05,129.6,No,0.5467649846046647,Medium
1545-ACTAS,Female,0,Yes,Yes,48,One year,Bank transfer (automatic),Fiber optic,99.7,4977.2,No,0.17434466429410087,Low
5876-HZVZM,Female,0,Yes,Yes,6,Month-to-month,Credit card (automatic),DSL,55.9,365.35,Yes,0.17750021271627106,Low
1400-MMYXY,Male,1,Yes,No,3,Month-to-month,Electronic check,Fiber optic,105.9,334.65,Yes,0.8062975848176519,High
5126-RCXYW,Male,0,Yes,Yes,54,Two year,Credit card (automatic),DSL,46.0,2424.05,No,0.014789203747038043,Low
3085-QUOZK,Female,0,No,No,1,Month-to-month,Mailed check,DSL,43.95,43.95,Yes,0.35481949174635885,Medium
2363-BJLSL,Male,0,No,No,62,Month-to-month,Bank transfer (automatic),DSL,80.4,4981.15,No,0.0786755372414196,Low
1956-YIFGE,Male,0,Yes,Yes,22,One year,Mailed check,Fiber optic,100.05,2090.25,No,0.3117396346136417,Medium
3926-CUQZX,Male,0,No,No,1,Month-to-month,Bank transfer (automatic),DSL,45.1,45.1,Yes,0.4493706388793309,Medium
7921-LMDFQ,Male,1,No,No,51,One year,Bank transfer (automatic),Fiber optic,94.0,4905.75,No,0.2656932080954261,Low
2925-MXLSX,Female,0,No,No,30,One year,Credit card (automatic),DSL,68.95,2038.7,No,0.13730548957776847,Low
5820-PTRYM,Female,1,Yes,No,56,One year,Credit card (automatic),DSL,68.45,4014.0,No,0.029218026709511173,Low
9609-BENEA,Male,0,Yes,No,35,One year,Electronic check,DSL,69.0,2441.7,No,0.12349961293515105,Low
6211-WHMYA,Female,1,No,No,64,Month-to-month,Electronic check,DSL,43.85,2751.0,No,0.09246160683976327,Low
4459-BBGHE,Male,0,No,Yes,30,Month-to-month,Electronic check,DSL,44.5,1307.8,No,0.4094395773595538,Medium
9945-PSVIP,Female,0,Yes,Yes,25,Two year,Mailed check,No,18.7,383.65,No,0.019205399750179056,Low
1041-RXHRA,Female,0,No,No,41,Month-to-month,Bank transfer (automatic),Fiber optic,70.25,2868.05,Yes,0.2222957408138575,Low
1750-CSKKM,Male,0,No,Yes,9,Month-to-month,Electronic check,DSL,55.35,449.75,Yes,0.36354933108602416,Medium
9108-EJFJP,Female,0,Yes,No,1,Month-to-month,Mailed check,DSL,53.55,53.55,No,0.3038282789994595,Medium
0530-IJVDB,Male,0,No,Yes,70,Two year,Electronic check,Fiber optic,114.6,7882.5,No,0.06146556531393124,Low
0508-SQWPL,Female,0,Yes,Yes,57,Two year,Bank transfer (automatic),No,20.1,1087.7,No,0.003954275168904803,Low
2215-ZAFGX,Male,0,No,No,9,Month-to-month,Electronic check,Fiber optic,85.5,791.7,No,0.7373635540021094,High
8213-TAZPM,Female,0,Yes,Yes,69,One year,Bank transfer (automatic),Fiber optic,108.75,7493.05,No,0.12848354499917886,Low
7142-HVGBG,Male,1,Yes,No,43,Month-to-month,Electronic check,Fiber optic,103.0,4414.3,Yes,0.5827886512419413,Medium
1304-SEGFY,Female,0,Yes,No,72,Two year,Electronic check,Fiber optic,97.85,6841.3,No,0.11363031345393394,Low
7242-EDTYC,Male,0,No,Yes,44,Two year,Bank transfer (automatic),No,19.55,819.95,No,0.005376151070948765,Low
2904-GGUAZ,Female,0,Yes,No,72,Two year,Bank transfer (automatic),Fiber optic,84.05,6052.25,No,0.0291561353737307,Low
8267-ZNYVZ,Female,0,Yes,No,33,One year,Electronic check,Fiber optic,103.75,3361.05,Yes,0.2479353123529505,Low
5136-GFPMB,Male,0,No,No,54,Month-to-month,Credit card (automatic),Fiber optic,89.4,4869.5,No,0.24637368918678484,Low
2595-KIWPV,Male,0,No,Yes,27,Two year,Credit card (automatic),No,19.7,509.3,No,0.012133191075365155,Low
5243-SAOTC,Male,0,No,No,54,Month-to-month,Bank transfer (automatic),Fiber optic,79.85,4308.25,No,0.235067945473481,Low
9398-MMQTO,Male,0,No,No,3,Month-to-month,Credit card (automatic),Fiber optic,74.45,221.1,No,0.4650240829618379,Medium
7619-PLRLP,Female,0,Yes,No,53,One year,Bank transfer (automatic),DSL,74.1,3833.95,No,0.03649358046775694,Low
6457-GIRWB,Male,0,No,No,1,Month-to-month,Electronic check,Fiber optic,69.35,69.35,Yes,0.6983042912040348,Medium
6508-NJYRO,Male,0,Yes,No,15,One year,Mailed check,No,18.8,294.95,No,0.055973292743758306,Low
1450-SKCVI,Female,0,No,No,56,Month-to-month,Electronic check,Fiber optic,73.85,4092.85,Yes,0.21555841544935156,Low
4710-NKCAW,Male,0,Yes,Yes,5,Month-to-month,Credit card (automatic),DSL,64.4,316.9,No,0.15961481806894384,Low
5306-BVTKJ,Male,0,Yes,Yes,48,One year,Credit card (automatic),DSL,55.8,2651.2,No,0.03570033053608066,Low
0357-NVCRI,Female,0,No,Yes,25,Month-to-month,Credit card (automatic),No,20.05,471.7,No,0.055438619141770444,Low
5570-PTWEH,Female,0,Yes,No,3,Month-to-month,Credit card (automatic),Fiber optic,75.15,216.75,Yes,0.6573764246568192,Medium
2371-KFUOG,Male,0,No,No,58,One year,Bank transfer (automatic),Fiber optic,99.15,5720.95,No,0.09518228769457829,Low
0463-ZSDNT,Male,0,No,No,10,Month-to-month,Bank transfer (automatic),DSL,56.75,503.25,No,0.40648172058117726,Medium
6502-MJQAE,Male,0,No,No,1,Month-to-month,Electronic check,Fiber optic,69.6,69.6,Yes,0.6987583532623427,Medium
6257-DTAYD,Male,0,Yes,No,71,Two year,Credit card (automatic),Fiber optic,104.15,7365.3,No,0.06140485061593552,Low
4616-ULAOA,Female,0,Yes,Yes,65,Two year,Credit card (automatic),Fiber optic,110.8,7245.9,No,0.07023171525901158,Low
7693-LCKZL,Male,0,Yes,Yes,5,Month-to-month,Electronic check,Fiber optic,80.15,385.0,Yes,0.6501333843661666,Medium
7746-AWNQW,Female,0,No,No,28,Month-to-month,Mailed check,DSL,35.75,961.4,No,0.20650745881933996,Low
5996-EBTKM,Female,0,Yes,Yes,67,Two year,Bank transfer (automatic),DSL,69.9,4615.9,No,0.014629824218514113,Low
2758-RNWXS,Male,0,No,No,35,One year,Electronic check,Fiber optic,89.2,3251.3,No,0.1950808127637116,Low
2314-TNDJQ,Female,0,Yes,Yes,72,Two year,Credit card (automatic),DSL,55.65,3880.05,No,0.004682275161157567,Low
2405-LBMUW,Female,0,Yes,Yes,61,One year,Bank transfer (automatic),DSL,50.7,3088.75,No,0.023740630779553528,Low
3454-JFUBC,Male,1,No,No,68,Two year,Credit card (automatic),No,20.0,1396.0,No,0.0029352545854182768,Low
0032-PGELS,Female,0,Yes,Yes,1,Month-to-month,Bank transfer (automatic),DSL,30.5,30.5,Yes,0.3877994807766658,Medium
9039-ZVJDC,Male,0,No,No,3,Month-to-month,Mailed check,No,19.1,53.05,No,0.2367647986689756,Low
6797-LNAQX,Male,0,Yes,Yes,70,Two year,Bank transfer (automatic),Fiber optic,98.3,6859.5,Yes,0.05346056423045533,Low
9013-AQORL,Female,0,No,Yes,48,Month-to-month,Credit card (automatic),DSL,45.55,2108.35,No,0.09146770737664647,Low
2898-MRKPI,Male,0,Yes,Yes,68,One year,Credit card (automatic),Fiber optic,101.05,6770.5,No,0.1484547135564439,Low
2750-BJLSB,Female,0,No,No,47,One year,Electronic check,Fiber optic,103.7,4730.6,No,0.18173475601254657,Low
3648-GZPHF,Male,0,Yes,Yes,32,One year,Mailed check,DSL,36.25,1151.05,No,0.08543233937020425,Low
2075-RMJIK,Female,0,Yes,Yes,5,Month-to-month,Mailed check,DSL,49.4,232.55,No,0.27261521177147435,Low
9588-YRFHY,Male,0,No,No,49,Two year,Credit card (automatic),No,19.9,1022.6,No,0.00646570846759678,Low
6394-MFYNG,Female,0,No,No,48,Month-to-month,Bank transfer (automatic),Fiber optic,107.4,5121.3,Yes,0.45235352656460176,Medium
1564-NTYXF,Female,1,No,No,13,Month-to-month,Electronic check,Fiber optic,82.0,1127.2,Yes,0.7537259866325071,High
9364-YKUVW,Male,0,No,No,15,Month-to-month,Mailed check,No,19.8,309.4,No,0.14268059252260307,Low
5392-AKEMH,Female,0,No,No,12,Month-to-month,Electronic check,DSL,45.05,523.1,No,0.406399373251066,Medium
2451-YMUXS,Male,1,No,No,67,Two year,Bank transfer (automatic),DSL,64.55,4250.1,No,0.008926313425654359,Low
3914-FDRHP,Male,0,No,No,9,Month-to-month,Electronic check,Fiber optic,86.25,770.5,No,0.5174850192357967,Medium
3078-ZKNTS,Female,0,Yes,Yes,13,Two year,Bank transfer (automatic),No,19.75,246.7,No,0.03932323387656179,Low
1024-KPRBB,Female,0,No,No,38,One year,Mailed check,Fiber optic,89.1,3342.0,No,0.28069248708379657,Low
4690-PKDQG,Female,1,Yes,No,42,Month-to-month,Electronic check,Fiber optic,95.55,3930.6,No,0.5214404243353455,Medium
8155-IBNHG,Female,0,Yes,No,24,Month-to-month,Credit card (automatic),Fiber optic,75.4,1747.85,Yes,0.47466681717274506,Medium
0886-QGENL,Female,1,Yes,No,27,Month-to-month,Electronic check,Fiber optic,101.25,2754.45,Yes,0.583276485676126,Medium
9547-ITEFG,Male,0,Yes,Yes,9,Month-to-month,Credit card (automatic),Fiber optic,102.6,897.75,No,0.6147858109360237,Medium
1264-FUHCX,Female,0,Yes,No,49,One year,Credit card (automatic),DSL,56.3,2780.6,No,0.08004097280885401,Low
7789-CRUVC,Female,1,Yes,No,61,Month-to-month,Credit card (automatic),Fiber optic,94.2,5895.45,No,0.14460589306138533,Low
6598-KELSS,Male,0,No,Yes,50,One year,Bank transfer (automatic),DSL,43.05,2208.05,No,0.04617494410624037,Low
8739-WWKDU,Male,1,No,No,25,Month-to-month,Electronic check,Fiber optic,89.5,2196.15,Yes,0.6363294748466556,Medium
8685-WHQPW,Female,1,No,No,22,Month-to-month,Bank transfer (automatic),Fiber optic,74.4,1692.6,Yes,0.5714494689721366,Medium
4745-LSPLO,Male,0,No,No,1,Month-to-month,Mailed check,No,20.5,20.5,Yes,0.19836419550090542,Low
8083-YTZES,Male,0,No,No,4,Month-to-month,Electronic check,Fiber optic,74.35,265.35,Yes,0.7239564454589422,High
7240-FQLHE,Female,1,Yes,No,18,Month-to-month,Bank transfer (automatic),Fiber optic,99.75,1836.25,Yes,0.5592599704883943,Medium
6664-FPDAC,Female,1,No,No,56,One year,Electronic check,Fiber optic,111.95,6418.9,Yes,0.31110474697829327,Medium
9972-VAFJJ,Female,1,Yes,No,53,One year,Electronic check,Fiber optic,94.0,4871.45,No,0.17217726740670594,Low
0422-UXFAP,Female,0,Yes,No,51,One year,Electronic check,Fiber optic,98.85,4947.55,No,0.3429633647921354,Medium
1904-WAJAA,Female,0,Yes,Yes,24,Two year,Electronic check,DSL,64.35,1558.65,No,0.043557974870033996,Low
5130-YPIRV,Female,0,Yes,No,62,Two year,Credit card (automatic),DSL,72.0,4284.2,No,0.012278893303834578,Low
2843-CQMEG,Male,0,No,No,24,Month-to-month,Mailed check,DSL,49.7,1218.25,No,0.19271061178181179,Low
6439-PKTRR,Female,0,Yes,Yes,70,Two year,Electronic check,DSL,80.7,5617.95,No,0.009044211695063885,Low
5351-QESIO,Male,0,No,Yes,1,Month-to-month,Mailed check,DSL,24.2,24.2,No,0.46153053084285034,Medium
0786-VSSUD,Male,1,No,No,16,Month-to-month,Mailed check,DSL,39.0,679.85,Yes,0.4722305674243972,Medium
5568-DMXZS,Female,0,No,No,8,Month-to-month,Electronic check,DSL,65.45,554.45,No,0.37883912657261565,Medium
8468-FZTOE,Female,0,Yes,Yes,72,Two year,Electronic check,DSL,74.35,5237.4,No,0.007916427862739562,Low
6633-SYEUS,Female,0,No,No,23,Month-to-month,Bank transfer (automatic),Fiber optic,83.2,2032.3,No,0.25412023913952886,Low
6447-GORXK,Male,0,No,Yes,31,Month-to-month,Credit card (automatic),DSL,25.0,789.2,No,0.1538395718644642,Low
6967-PEJLL,Male,0,Yes,Yes,37,One year,Electronic check,DSL,40.2,1525.35,No,0.06939534312836243,Low
3976-BWUCK,Female,0,Yes,No,30,Month-to-month,Credit card (automatic),Fiber optic,94.1,2804.45,Yes,0.37838688499905165,Medium
5981-ZVXOT,Female,1,No,No,35,One year,Electronic check,Fiber optic,108.35,3726.15,No,0.38553024574747735,Medium
1684-FLBGS,Female,0,Yes,Yes,23,Month-to-month,Credit card (automatic),DSL,69.5,1652.1,No,0.2071372713064969,Low
1389-WNUIB,Female,0,Yes,Yes,20,One year,Bank transfer (automatic),DSL,76.0,1588.75,No,0.1469626277120886,Low
0376-OIWME,Male,0,Yes,No,36,Month-to-month,Electronic check,Fiber optic,93.6,3366.05,No,0.44917673751967957,Medium
3585-ISXZP,Female,0,No,No,8,Month-to-month,Bank transfer (automatic),Fiber optic,95.65,778.1,Yes,0.659898680682253,Medium
0218-QNVAS,Male,0,Yes,Yes,71,One year,Bank transfer (automatic),Fiber optic,100.55,7113.75,No,0.11132979912187965,Low
6583-QGCSI,Female,1,Yes,No,50,Month-to-month,Electronic check,Fiber optic,88.05,4367.35,Yes,0.4463774470205093,Medium
0804-YGEQV,Female,0,Yes,Yes,43,One year,Bank transfer (automatic),No,24.45,993.15,No,0.023207887597327597,Low
7164-BPTUT,Male,0,No,Yes,57,Two year,Mailed check,DSL,89.55,5012.35,No,0.013127983044415988,Low
4174-LPGTI,Female,0,Yes,Yes,41,One year,Bank transfer (automatic),DSL,66.5,2728.6,Yes,0.05389013902463439,Low
2523-EWWZL,Female,0,Yes,No,27,Month-to-month,Electronic check,Fiber optic,76.1,2093.4,No,0.4522947432111466,Medium
0928-XUTSN,Female,0,No,No,13,Month-to-month,Electronic check,Fiber optic,80.5,1011.8,No,0.6591358052553087,Medium
2108-XWMPY,Male,0,No,No,3,Month-to-month,Mailed check,DSL,35.45,106.85,Yes,0.42237142631397406,Medium
0052-YNYOT,Female,0,No,No,67,One year,Electronic check,No,20.55,1343.4,No,0.005647526080963382,Low
6304-IJFSQ,Male,0,No,No,3,Month-to-month,Mailed check,DSL,49.9,130.1,Yes,0.36943859193705697,Medium
9586-JGQKH,Female,0,Yes,No,64,Two year,Bank transfer (automatic),Fiber optic,105.4,6794.75,No,0.08522153730373364,Low
4501-VCPFK,Male,0,No,No,26,Month-to-month,Electronic check,DSL,35.75,1022.5,No,0.22893932778837275,Low
6075-SLNIL,Male,0,No,No,38,Month-to-month,Credit card (automatic),Fiber optic,95.1,3691.2,No,0.4082137320269316,Medium
9347-AERRL,Male,0,Yes,No,23,One year,Credit card (automatic),No,19.3,486.2,No,0.03699914965884021,Low
0093-XWZFY,Male,0,No,No,40,Month-to-month,Credit card (automatic),Fiber optic,104.5,4036.85,Yes,0.4507190326973976,Medium
2274-XUATA,Male,1,Yes,No,72,Two year,Bank transfer (automatic),DSL,63.1,4685.55,No,0.015377288324488255,Low
1980-KXVPM,Female,1,No,No,3,Month-to-month,Credit card (automatic),Fiber optic,75.05,256.25,Yes,0.7052702088991749,High
7703-ZEKEF,Male,0,No,No,23,Month-to-month,Electronic check,Fiber optic,81.0,1917.1,Yes,0.5806832363973439,Medium
0723-DRCLG,Female,1,Yes,No,1,Month-to-month,Electronic check,Fiber optic,74.45,74.45,Yes,0.788909860378268,High
5482-NUPNA,Female,0,No,No,4,Month-to-month,Mailed check,DSL,60.4,272.15,Yes,0.2141591271452938,Low
6691-CCIHA,Female,0,Yes,No,62,Two year,Electronic check,DSL,84.95,5150.55,No,0.025960243699639663,Low
1685-BQULA,Female,0,No,No,40,Month-to-month,Bank transfer (automatic),Fiber optic,93.4,3756.4,No,0.40531637311191065,Medium
9053-EJUNL,Male,0,No,No,41,Month-to-month,Electronic check,Fiber optic,89.2,3645.75,No,0.4651556399321996,Medium
0666-UXTJO,Male,1,Yes,No,34,Month-to-month,Credit card (automatic),Fiber optic,85.2,2874.45,No,0.4366446602443775,Medium
1471-GIQKQ,Female,0,No,No,1,Month-to-month,Electronic check,DSL,49.95,49.95,No,0.4009582493488941,Medium
4807-IZYOZ,Female,0,No,No,51,Two year,Bank transfer (automatic),No,20.65,1020.75,No,0.00457481848518701,Low
1122-JWTJW,Male,0,Yes,Yes,1,Month-to-month,Mailed check,Fiber optic,70.65,70.65,Yes,0.5827559805859366,Medium
9710-NJERN,Female,0,No,No,39,Two year,Mailed check,No,20.15,826.0,No,0.008156920647662992,Low
9837-FWLCH,Male,0,Yes,Yes,12,Month-to-month,Electronic check,No,19.2,239.0,No,0.1924463186789717,Low
1699-HPSBG,Male,0,No,No,12,One year,Electronic check,DSL,59.8,727.8,Yes,0.23081406707352925,Low
7203-OYKCT,Male,0,No,No,72,One year,Electronic check,Fiber optic,104.95,7544.3,No,0.22126969216480383,Low
1035-IPQPU,Female,1,Yes,No,63,Month-to-month,Electronic check,Fiber optic,103.5,6479.4,No,0.4589661523106967,Medium
7398-LXGYX,Male,0,Yes,No,44,Month-to-month,Credit card (automatic),Fiber optic,84.8,3626.35,No,0.23665260105712305,Low
2823-LKABH,Female,0,No,No,18,Month-to-month,Bank transfer (automatic),Fiber optic,95.05,1679.4,No,0.5204625937124052,Medium
8775-CEBBJ,Female,0,No,No,9,Month-to-month,Bank transfer (automatic),DSL,44.2,403.35,Yes,0.3665459667682965,Medium
0550-DCXLH,Male,0,No,No,13,Month-to-month,Mailed check,DSL,73.35,931.55,No,0.22771034242852375,Low
9281-CEDRU,Female,0,Yes,No,68,Two year,Bank transfer (automatic),DSL,64.1,4326.25,No,0.007167393347150221,Low
2235-DWLJU,Female,1,No,No,6,Month-to-month,Electronic check,DSL,44.4,263.05,No,0.7522821485884962,High
0871-OPBXW,Female,0,No,No,2,Month-to-month,Mailed check,No,20.05,39.25,No,0.25258770892827104,Low
3605-JISKB,Male,1,Yes,No,55,One year,Credit card (automatic),DSL,60.0,3316.1,No,0.026801667903014196,Low
6894-LFHLY,Male,1,No,No,1,Month-to-month,Electronic check,Fiber optic,75.75,75.75,Yes,0.786567436261196,High
9767-FFLEM,Male,0,No,No,38,Month-to-month,Credit card (automatic),Fiber optic,69.5,2625.25,No,0.28429941622426474,Low
0639-TSIQW,Female,0,No,No,67,Month-to-month,Credit card (automatic),Fiber optic,102.95,6886.25,Yes,0.19206780449311184,Low
8456-QDAVC,Male,0,No,No,19,Month-to-month,Bank transfer (automatic),Fiber optic,78.7,1495.1,No,0.5272256475054886,Medium
7750-EYXWZ,Female,0,No,No,12,One year,Electronic check,DSL,60.65,743.3,No,0.28491877492880346,Low
2569-WGERO,Female,0,No,No,72,Two year,Bank transfer (automatic),No,21.15,1419.4,No,0.002131925029177146,Low
6840-RESVB,Male,0,Yes,Yes,24,One year,Mailed check,DSL,84.8,1990.5,No,0.1143773303774387,Low
2234-XADUH,Female,0,Yes,Yes,72,One year,Credit card (automatic),Fiber optic,103.2,7362.9,No,0.13593329117388353,Low
4801-JZAZL,Female,0,Yes,Yes,11,Month-to-month,Electronic check,DSL,29.6,346.45,No,0.42335549750763907,Medium
8361-LTMKD,Male,1,Yes,No,4,Month-to-month,Mailed check,Fiber optic,74.4,306.6,Yes,0.6960957915989924,Medium
3186-AJIEK,Male,0,No,No,66,Two year,Bank transfer (automatic),Fiber optic,105.65,6844.5,No,0.046565167050477065,Low
